2026-08-31 05:53:55,012 INFO    DMA mode=baud-matrix profile=smoke port=/dev/ttyUSB0 baud=115200 payload=256 cycles=1
2026-08-31 05:53:55,031 DEBUG   device: b'^C'
2026-08-31 05:53:55,031 DEBUG   device: b'uart>'
2026-08-31 05:53:55,031 INFO    BAUD_MATRIX status=BEGIN rates=6 cases_per_rate=58 order=115200,230400,460800,921600,1843200,3686400
2026-08-31 05:53:55,036 INFO    BAUD_RATE status=BEGIN rate=1/6 index=11 baud=115200 timeout=30.0s
2026-08-31 05:53:55,060 DEBUG   device: b'uart> \r\x1b[2Kuart> a\r\x1b[2Kuart> au\r\x1b[2Kuart> aut\r\x1b[2Kuart> auto\r\x1b[2Kuart> auto \r\x1b[2Kuart> auto b\r\x1b[2Kuart> auto ba\r\x1b[2Kuart> auto bau\r\x1b[2Kuart> auto baud\r\x1b[2Kuart> auto baud \r\x1b[2Kuart> auto baud 1\r\x1b[2Kuart> auto baud 11'
2026-08-31 05:53:55,076 DEBUG   device: b'@BAUD READY old_index=11 old=115200 new_index=11 new=115200'
2026-08-31 05:53:55,092 DEBUG   device: b'@BAUD ACTIVE index=11 baud=115200 mode=16x'
2026-08-31 05:53:55,092 INFO    BAUD_SWITCH status=PASS old_index=11 old=115200 new_index=11 new=115200
2026-08-31 05:53:55,092 INFO    SUITE status=BEGIN cases=58 full_profile=SKIPPED
2026-08-31 05:53:55,092 INFO    SECTION name=smoke status=BEGIN cases=1 payload=256
2026-08-31 05:53:55,145 DEBUG   device: b'uart> \r\x1b[2Kuart> a\r\x1b[2Kuart> au\r\x1b[2Kuart> aut\r\x1b[2Kuart> auto\r\x1b[2Kuart> auto \r\x1b[2Kuart> auto d\r\x1b[2Kuart> auto dm\r\x1b[2Kuart> auto dma\r\x1b[2Kuart> auto dma \r\x1b[2Kuart> auto dma 2\r\x1b[2Kuart> auto dma 25\r\x1b[2Kuart> auto dma 256\r\x1b[2Kuart> auto dma 256 \r\x1b[2Kuart> auto dma 256 0\r\x1b[2Kuart> auto dma 256 0 \r\x1b[2Kuart> auto dma 256 0 3\r\x1b[2Kuart> auto dma 256 0 30\r\x1b[2Kuart> auto dma 256 0 305\r\x1b[2Kuart> auto dma 256 0 3054\r\x1b[2Kuart> auto dma 256 0 30541\r\x1b[2Kuart> auto dma 256 0 305419\r\x1b[2Kuart> auto dma 256 0 3054198\r\x1b[2Kuart> auto dma 256 0 30541989\r\x1b[2Kuart> auto dma 256 0 305419896'
2026-08-31 05:53:55,161 DEBUG   device: b'@READY mode=dma sequence=0 frame=280 payload=256'
2026-08-31 05:53:55,161 DEBUG   READY accepted; delaying 0.050s before frame TX
2026-08-31 05:53:55,236 DEBUG   frame TX submitted bytes=280/280 write_and_flush=0.025243s crc=0xEA60
2026-08-31 05:53:55,264 DEBUG   echo chunk=280 total=280/280 after=0.027978s
2026-08-31 05:53:55,280 DEBUG   device: b'@RESULT mode=dma sequence=0 rx=280 tx=280 crc=PASS data=PASS status=PASS'
2026-08-31 05:53:55,280 INFO    section=smoke cycle=1/1 PASS frame_payload=256 elapsed=0.053s roundtrip=9.4 KiB/s
2026-08-31 05:53:55,280 INFO    SECTION name=smoke status=PASS passed=1 failed=0 elapsed=0.053s
2026-08-31 05:53:55,280 INFO    SECTION name=large-6144 status=BEGIN cases=1 payload=6144
2026-08-31 05:53:55,343 DEBUG   device: b'uart> \r\x1b[2Kuart> a\r\x1b[2Kuart> au\r\x1b[2Kuart> aut\r\x1b[2Kuart> auto\r\x1b[2Kuart> auto \r\x1b[2Kuart> auto d\r\x1b[2Kuart> auto dm\r\x1b[2Kuart> auto dma\r\x1b[2Kuart> auto dma \r\x1b[2Kuart> auto dma 6\r\x1b[2Kuart> auto dma 61\r\x1b[2Kuart> auto dma 614\r\x1b[2Kuart> auto dma 6144\r\x1b[2Kuart> auto dma 6144 \r\x1b[2Kuart> auto dma 6144 1\r\x1b[2Kuart> auto dma 6144 1 \r\x1b[2Kuart> auto dma 6144 1 2\r\x1b[2Kuart> auto dma 6144 1 29\r\x1b[2Kuart> auto dma 6144 1 295\r\x1b[2Kuart> auto dma 6144 1 2959\r\x1b[2Kuart> auto dma 6144 1 29598\r\x1b[2Kuart> auto dma 6144 1 295985\r\x1b[2Kuart> auto dma 6144 1 2959855\r\x1b[2Kuart> auto dma 6144 1 29598556\r\x1b[2Kuart> auto dma 6144 1 295985566\r\x1b[2Kuart> auto dma 6144 1 2959855665'
2026-08-31 05:53:55,359 DEBUG   device: b'@READY mode=dma sequence=1 frame=6168 payload=6144'
2026-08-31 05:53:55,359 DEBUG   READY accepted; delaying 0.050s before frame TX
2026-08-31 05:53:55,945 DEBUG   frame TX submitted bytes=6168/6168 write_and_flush=0.536215s crc=0x6BA3
2026-08-31 05:53:55,996 DEBUG   echo chunk=513 total=513/6168 after=0.050071s
2026-08-31 05:53:56,046 DEBUG   echo chunk=576 total=1089/6168 after=0.100239s
2026-08-31 05:53:56,096 DEBUG   echo chunk=576 total=1665/6168 after=0.150399s
2026-08-31 05:53:56,146 DEBUG   echo chunk=576 total=2241/6168 after=0.200533s
2026-08-31 05:53:56,196 DEBUG   echo chunk=576 total=2817/6168 after=0.250698s
2026-08-31 05:53:56,246 DEBUG   echo chunk=576 total=3393/6168 after=0.300863s
2026-08-31 05:53:56,296 DEBUG   echo chunk=576 total=3969/6168 after=0.351028s
2026-08-31 05:53:56,347 DEBUG   echo chunk=576 total=4545/6168 after=0.401177s
2026-08-31 05:53:56,397 DEBUG   echo chunk=576 total=5121/6168 after=0.451318s
2026-08-31 05:53:56,447 DEBUG   echo chunk=576 total=5697/6168 after=0.501465s
2026-08-31 05:53:56,489 DEBUG   echo chunk=471 total=6168/6168 after=0.543837s
2026-08-31 05:53:56,505 DEBUG   device: b'@RESULT mode=dma sequence=1 rx=6168 tx=6168 crc=PASS data=PASS status=PASS'
2026-08-31 05:53:56,505 INFO    section=large-6144 cycle=1/1 PASS frame_payload=6144 elapsed=1.080s roundtrip=11.1 KiB/s
2026-08-31 05:53:56,505 INFO    SECTION name=large-6144 status=PASS passed=1 failed=0 elapsed=1.080s
2026-08-31 05:53:56,505 INFO    SECTION name=stress status=BEGIN cases=10 payload=6144
2026-08-31 05:53:56,568 DEBUG   device: b'uart> \r\x1b[2Kuart> a\r\x1b[2Kuart> au\r\x1b[2Kuart> aut\r\x1b[2Kuart> auto\r\x1b[2Kuart> auto \r\x1b[2Kuart> auto d\r\x1b[2Kuart> auto dm\r\x1b[2Kuart> auto dma\r\x1b[2Kuart> auto dma \r\x1b[2Kuart> auto dma 6\r\x1b[2Kuart> auto dma 61\r\x1b[2Kuart> auto dma 614\r\x1b[2Kuart> auto dma 6144\r\x1b[2Kuart> auto dma 6144 \r\x1b[2Kuart> auto dma 6144 2\r\x1b[2Kuart> auto dma 6144 2 \r\x1b[2Kuart> auto dma 6144 2 1\r\x1b[2Kuart> auto dma 6144 2 13\r\x1b[2Kuart> auto dma 6144 2 131\r\x1b[2Kuart> auto dma 6144 2 1319\r\x1b[2Kuart> auto dma 6144 2 13193\r\x1b[2Kuart> auto dma 6144 2 131932\r\x1b[2Kuart> auto dma 6144 2 1319324\r\x1b[2Kuart> auto dma 6144 2 13193241\r\x1b[2Kuart> auto dma 6144 2 131932413\r\x1b[2Kuart> auto dma 6144 2 1319324138'
2026-08-31 05:53:56,584 DEBUG   device: b'@READY mode=dma sequence=2 frame=6168 payload=6144'
2026-08-31 05:53:56,584 DEBUG   READY accepted; delaying 0.050s before frame TX
2026-08-31 05:53:57,172 DEBUG   frame TX submitted bytes=6168/6168 write_and_flush=0.538235s crc=0x331D
2026-08-31 05:53:57,223 DEBUG   echo chunk=513 total=513/6168 after=0.050084s
2026-08-31 05:53:57,273 DEBUG   echo chunk=576 total=1089/6168 after=0.100235s
2026-08-31 05:53:57,323 DEBUG   echo chunk=576 total=1665/6168 after=0.150373s
2026-08-31 05:53:57,373 DEBUG   echo chunk=576 total=2241/6168 after=0.200526s
2026-08-31 05:53:57,423 DEBUG   echo chunk=576 total=2817/6168 after=0.250681s
2026-08-31 05:53:57,473 DEBUG   echo chunk=576 total=3393/6168 after=0.300836s
2026-08-31 05:53:57,523 DEBUG   echo chunk=576 total=3969/6168 after=0.350992s
2026-08-31 05:53:57,574 DEBUG   echo chunk=576 total=4545/6168 after=0.401141s
2026-08-31 05:53:57,624 DEBUG   echo chunk=576 total=5121/6168 after=0.451277s
2026-08-31 05:53:57,674 DEBUG   echo chunk=576 total=5697/6168 after=0.501434s
2026-08-31 05:53:57,714 DEBUG   echo chunk=471 total=6168/6168 after=0.541854s
2026-08-31 05:53:57,730 DEBUG   device: b'@RESULT mode=dma sequence=2 rx=6168 tx=6168 crc=PASS data=PASS status=PASS'
2026-08-31 05:53:57,730 INFO    section=stress cycle=1/10 PASS frame_payload=6144 elapsed=1.080s roundtrip=11.1 KiB/s
2026-08-31 05:53:57,793 DEBUG   device: b'uart> \r\x1b[2Kuart> a\r\x1b[2Kuart> au\r\x1b[2Kuart> aut\r\x1b[2Kuart> auto\r\x1b[2Kuart> auto \r\x1b[2Kuart> auto d\r\x1b[2Kuart> auto dm\r\x1b[2Kuart> auto dma\r\x1b[2Kuart> auto dma \r\x1b[2Kuart> auto dma 6\r\x1b[2Kuart> auto dma 61\r\x1b[2Kuart> auto dma 614\r\x1b[2Kuart> auto dma 6144\r\x1b[2Kuart> auto dma 6144 \r\x1b[2Kuart> auto dma 6144 3\r\x1b[2Kuart> auto dma 6144 3 \r\x1b[2Kuart> auto dma 6144 3 3\r\x1b[2Kuart> auto dma 6144 3 39\r\x1b[2Kuart> auto dma 6144 3 397\r\x1b[2Kuart> auto dma 6144 3 3973\r\x1b[2Kuart> auto dma 6144 3 39737\r\x1b[2Kuart> auto dma 6144 3 397375\r\x1b[2Kuart> auto dma 6144 3 3973759\r\x1b[2Kuart> auto dma 6144 3 39737599\r\x1b[2Kuart> auto dma 6144 3 397375990\r\x1b[2Kuart> auto dma 6144 3 3973759907'
2026-08-31 05:53:57,809 DEBUG   device: b'@READY mode=dma sequence=3 frame=6168 payload=6144'
2026-08-31 05:53:57,809 DEBUG   READY accepted; delaying 0.050s before frame TX
2026-08-31 05:53:58,396 DEBUG   frame TX submitted bytes=6168/6168 write_and_flush=0.537352s crc=0x105A
2026-08-31 05:53:58,447 DEBUG   echo chunk=513 total=513/6168 after=0.050066s
2026-08-31 05:53:58,497 DEBUG   echo chunk=576 total=1089/6168 after=0.100240s
2026-08-31 05:53:58,547 DEBUG   echo chunk=576 total=1665/6168 after=0.150401s
2026-08-31 05:53:58,597 DEBUG   echo chunk=576 total=2241/6168 after=0.200517s
2026-08-31 05:53:58,647 DEBUG   echo chunk=576 total=2817/6168 after=0.250674s
2026-08-31 05:53:58,697 DEBUG   echo chunk=576 total=3393/6168 after=0.300822s
2026-08-31 05:53:58,747 DEBUG   echo chunk=576 total=3969/6168 after=0.350960s
2026-08-31 05:53:58,798 DEBUG   echo chunk=576 total=4545/6168 after=0.401085s
2026-08-31 05:53:58,848 DEBUG   echo chunk=576 total=5121/6168 after=0.451213s
2026-08-31 05:53:58,898 DEBUG   echo chunk=576 total=5697/6168 after=0.501351s
2026-08-31 05:53:58,939 DEBUG   echo chunk=471 total=6168/6168 after=0.542766s
2026-08-31 05:53:58,955 DEBUG   device: b'@RESULT mode=dma sequence=3 rx=6168 tx=6168 crc=PASS data=PASS status=PASS'
2026-08-31 05:53:58,955 INFO    section=stress cycle=2/10 PASS frame_payload=6144 elapsed=1.080s roundtrip=11.1 KiB/s
2026-08-31 05:53:59,019 DEBUG   device: b'uart> \r\x1b[2Kuart> a\r\x1b[2Kuart> au\r\x1b[2Kuart> aut\r\x1b[2Kuart> auto\r\x1b[2Kuart> auto \r\x1b[2Kuart> auto d\r\x1b[2Kuart> auto dm\r\x1b[2Kuart> auto dma\r\x1b[2Kuart> auto dma \r\x1b[2Kuart> auto dma 6\r\x1b[2Kuart> auto dma 61\r\x1b[2Kuart> auto dma 614\r\x1b[2Kuart> auto dma 6144\r\x1b[2Kuart> auto dma 6144 \r\x1b[2Kuart> auto dma 6144 4\r\x1b[2Kuart> auto dma 6144 4 \r\x1b[2Kuart> auto dma 6144 4 2\r\x1b[2Kuart> auto dma 6144 4 23\r\x1b[2Kuart> auto dma 6144 4 233\r\x1b[2Kuart> auto dma 6144 4 2333\r\x1b[2Kuart> auto dma 6144 4 23332\r\x1b[2Kuart> auto dma 6144 4 233322\r\x1b[2Kuart> auto dma 6144 4 2333228\r\x1b[2Kuart> auto dma 6144 4 23332283\r\x1b[2Kuart> auto dma 6144 4 233322838\r\x1b[2Kuart> auto dma 6144 4 2333228380'
2026-08-31 05:53:59,034 DEBUG   device: b'@READY mode=dma sequence=4 frame=6168 payload=6144'
2026-08-31 05:53:59,034 DEBUG   READY accepted; delaying 0.050s before frame TX
2026-08-31 05:53:59,622 DEBUG   frame TX submitted bytes=6168/6168 write_and_flush=0.538240s crc=0x306F
2026-08-31 05:53:59,673 DEBUG   echo chunk=513 total=513/6168 after=0.050067s
2026-08-31 05:53:59,723 DEBUG   echo chunk=576 total=1089/6168 after=0.100217s
2026-08-31 05:53:59,773 DEBUG   echo chunk=576 total=1665/6168 after=0.150353s
2026-08-31 05:53:59,823 DEBUG   echo chunk=576 total=2241/6168 after=0.200490s
2026-08-31 05:53:59,873 DEBUG   echo chunk=576 total=2817/6168 after=0.250653s
2026-08-31 05:53:59,923 DEBUG   echo chunk=576 total=3393/6168 after=0.300808s
2026-08-31 05:53:59,973 DEBUG   echo chunk=576 total=3969/6168 after=0.350952s
2026-08-31 05:54:00,024 DEBUG   echo chunk=576 total=4545/6168 after=0.401096s
2026-08-31 05:54:00,074 DEBUG   echo chunk=576 total=5121/6168 after=0.451246s
2026-08-31 05:54:00,124 DEBUG   echo chunk=576 total=5697/6168 after=0.501388s
2026-08-31 05:54:00,165 DEBUG   echo chunk=471 total=6168/6168 after=0.542222s
2026-08-31 05:54:00,181 DEBUG   device: b'@RESULT mode=dma sequence=4 rx=6168 tx=6168 crc=PASS data=PASS status=PASS'
2026-08-31 05:54:00,181 INFO    section=stress cycle=3/10 PASS frame_payload=6144 elapsed=1.081s roundtrip=11.1 KiB/s
2026-08-31 05:54:00,244 DEBUG   device: b'uart> \r\x1b[2Kuart> a\r\x1b[2Kuart> au\r\x1b[2Kuart> aut\r\x1b[2Kuart> auto\r\x1b[2Kuart> auto \r\x1b[2Kuart> auto d\r\x1b[2Kuart> auto dm\r\x1b[2Kuart> auto dma\r\x1b[2Kuart> auto dma \r\x1b[2Kuart> auto dma 6\r\x1b[2Kuart> auto dma 61\r\x1b[2Kuart> auto dma 614\r\x1b[2Kuart> auto dma 6144\r\x1b[2Kuart> auto dma 6144 \r\x1b[2Kuart> auto dma 6144 5\r\x1b[2Kuart> auto dma 6144 5 \r\x1b[2Kuart> auto dma 6144 5 6\r\x1b[2Kuart> auto dma 6144 5 69\r\x1b[2Kuart> auto dma 6144 5 692\r\x1b[2Kuart> auto dma 6144 5 6926\r\x1b[2Kuart> auto dma 6144 5 69269\r\x1b[2Kuart> auto dma 6144 5 692696\r\x1b[2Kuart> auto dma 6144 5 6926968\r\x1b[2Kuart> auto dma 6144 5 69269685\r\x1b[2Kuart> auto dma 6144 5 692696853'
2026-08-31 05:54:00,260 DEBUG   device: b'@READY mode=dma sequence=5 frame=6168 payload=6144'
2026-08-31 05:54:00,260 DEBUG   READY accepted; delaying 0.050s before frame TX
2026-08-31 05:54:00,847 DEBUG   frame TX submitted bytes=6168/6168 write_and_flush=0.537541s crc=0x1A18
2026-08-31 05:54:00,898 DEBUG   echo chunk=513 total=513/6168 after=0.050076s
2026-08-31 05:54:00,948 DEBUG   echo chunk=576 total=1089/6168 after=0.100243s
2026-08-31 05:54:00,998 DEBUG   echo chunk=576 total=1665/6168 after=0.150373s
2026-08-31 05:54:01,048 DEBUG   echo chunk=576 total=2241/6168 after=0.200524s
2026-08-31 05:54:01,098 DEBUG   echo chunk=576 total=2817/6168 after=0.250682s
2026-08-31 05:54:01,148 DEBUG   echo chunk=576 total=3393/6168 after=0.300872s
2026-08-31 05:54:01,198 DEBUG   echo chunk=576 total=3969/6168 after=0.351045s
2026-08-31 05:54:01,249 DEBUG   echo chunk=576 total=4545/6168 after=0.401190s
2026-08-31 05:54:01,299 DEBUG   echo chunk=576 total=5121/6168 after=0.451347s
2026-08-31 05:54:01,349 DEBUG   echo chunk=576 total=5697/6168 after=0.501494s
2026-08-31 05:54:01,391 DEBUG   echo chunk=471 total=6168/6168 after=0.543482s
2026-08-31 05:54:01,407 DEBUG   device: b'@RESULT mode=dma sequence=5 rx=6168 tx=6168 crc=PASS data=PASS status=PASS'
2026-08-31 05:54:01,407 INFO    section=stress cycle=4/10 PASS frame_payload=6144 elapsed=1.081s roundtrip=11.1 KiB/s
2026-08-31 05:54:01,470 DEBUG   device: b'uart> \r\x1b[2Kuart> a\r\x1b[2Kuart> au\r\x1b[2Kuart> aut\r\x1b[2Kuart> auto\r\x1b[2Kuart> auto \r\x1b[2Kuart> auto d\r\x1b[2Kuart> auto dm\r\x1b[2Kuart> auto dma\r\x1b[2Kuart> auto dma \r\x1b[2Kuart> auto dma 6\r\x1b[2Kuart> auto dma 61\r\x1b[2Kuart> auto dma 614\r\x1b[2Kuart> auto dma 6144\r\x1b[2Kuart> auto dma 6144 \r\x1b[2Kuart> auto dma 6144 6\r\x1b[2Kuart> auto dma 6144 6 \r\x1b[2Kuart> auto dma 6144 6 3\r\x1b[2Kuart> auto dma 6144 6 33\r\x1b[2Kuart> auto dma 6144 6 334\r\x1b[2Kuart> auto dma 6144 6 3347\r\x1b[2Kuart> auto dma 6144 6 33471\r\x1b[2Kuart> auto dma 6144 6 334713\r\x1b[2Kuart> auto dma 6144 6 3347132\r\x1b[2Kuart> auto dma 6144 6 33471326\r\x1b[2Kuart> auto dma 6144 6 334713262\r\x1b[2Kuart> auto dma 6144 6 3347132622'
2026-08-31 05:54:01,486 DEBUG   device: b'@READY mode=dma sequence=6 frame=6168 payload=6144'
2026-08-31 05:54:01,486 DEBUG   READY accepted; delaying 0.050s before frame TX
2026-08-31 05:54:02,073 DEBUG   frame TX submitted bytes=6168/6168 write_and_flush=0.537325s crc=0x468A
2026-08-31 05:54:02,123 DEBUG   echo chunk=513 total=513/6168 after=0.050069s
2026-08-31 05:54:02,174 DEBUG   echo chunk=576 total=1089/6168 after=0.100230s
2026-08-31 05:54:02,224 DEBUG   echo chunk=576 total=1665/6168 after=0.150367s
2026-08-31 05:54:02,274 DEBUG   echo chunk=576 total=2241/6168 after=0.200491s
2026-08-31 05:54:02,324 DEBUG   echo chunk=576 total=2817/6168 after=0.250651s
2026-08-31 05:54:02,374 DEBUG   echo chunk=576 total=3393/6168 after=0.300791s
2026-08-31 05:54:02,424 DEBUG   echo chunk=576 total=3969/6168 after=0.350929s
2026-08-31 05:54:02,474 DEBUG   echo chunk=576 total=4545/6168 after=0.401065s
2026-08-31 05:54:02,525 DEBUG   echo chunk=576 total=5121/6168 after=0.451202s
2026-08-31 05:54:02,575 DEBUG   echo chunk=576 total=5697/6168 after=0.501324s
2026-08-31 05:54:02,617 DEBUG   echo chunk=471 total=6168/6168 after=0.543766s
2026-08-31 05:54:02,633 DEBUG   device: b'@RESULT mode=dma sequence=6 rx=6168 tx=6168 crc=PASS data=PASS status=PASS'
2026-08-31 05:54:02,633 INFO    section=stress cycle=5/10 PASS frame_payload=6144 elapsed=1.081s roundtrip=11.1 KiB/s
2026-08-31 05:54:02,696 DEBUG   device: b'uart> \r\x1b[2Kuart> a\r\x1b[2Kuart> au\r\x1b[2Kuart> aut\r\x1b[2Kuart> auto\r\x1b[2Kuart> auto \r\x1b[2Kuart> auto d\r\x1b[2Kuart> auto dm\r\x1b[2Kuart> auto dma\r\x1b[2Kuart> auto dma \r\x1b[2Kuart> auto dma 6\r\x1b[2Kuart> auto dma 61\r\x1b[2Kuart> auto dma 614\r\x1b[2Kuart> auto dma 6144\r\x1b[2Kuart> auto dma 6144 \r\x1b[2Kuart> auto dma 6144 7\r\x1b[2Kuart> auto dma 6144 7 \r\x1b[2Kuart> auto dma 6144 7 1\r\x1b[2Kuart> auto dma 6144 7 17\r\x1b[2Kuart> auto dma 6144 7 170\r\x1b[2Kuart> auto dma 6144 7 1706\r\x1b[2Kuart> auto dma 6144 7 17066\r\x1b[2Kuart> auto dma 6144 7 170660\r\x1b[2Kuart> auto dma 6144 7 1706601\r\x1b[2Kuart> auto dma 6144 7 17066010\r\x1b[2Kuart> auto dma 6144 7 170660109\r\x1b[2Kuart> auto dma 6144 7 1706601095'
2026-08-31 05:54:02,712 DEBUG   device: b'@READY mode=dma sequence=7 frame=6168 payload=6144'
2026-08-31 05:54:02,712 DEBUG   READY accepted; delaying 0.050s before frame TX
2026-08-31 05:54:03,301 DEBUG   frame TX submitted bytes=6168/6168 write_and_flush=0.539424s crc=0x9A23
2026-08-31 05:54:03,352 DEBUG   echo chunk=514 total=514/6168 after=0.050068s
2026-08-31 05:54:03,402 DEBUG   echo chunk=576 total=1090/6168 after=0.100232s
2026-08-31 05:54:03,452 DEBUG   echo chunk=576 total=1666/6168 after=0.150397s
2026-08-31 05:54:03,502 DEBUG   echo chunk=576 total=2242/6168 after=0.200554s
2026-08-31 05:54:03,552 DEBUG   echo chunk=576 total=2818/6168 after=0.250699s
2026-08-31 05:54:03,602 DEBUG   echo chunk=576 total=3394/6168 after=0.300826s
2026-08-31 05:54:03,652 DEBUG   echo chunk=576 total=3970/6168 after=0.350953s
2026-08-31 05:54:03,703 DEBUG   echo chunk=576 total=4546/6168 after=0.401077s
2026-08-31 05:54:03,753 DEBUG   echo chunk=576 total=5122/6168 after=0.451208s
2026-08-31 05:54:03,803 DEBUG   echo chunk=576 total=5698/6168 after=0.501360s
2026-08-31 05:54:03,843 DEBUG   echo chunk=470 total=6168/6168 after=0.541779s
2026-08-31 05:54:03,859 DEBUG   device: b'@RESULT mode=dma sequence=7 rx=6168 tx=6168 crc=PASS data=PASS status=PASS'
2026-08-31 05:54:03,859 INFO    section=stress cycle=6/10 PASS frame_payload=6144 elapsed=1.081s roundtrip=11.1 KiB/s
2026-08-31 05:54:03,918 DEBUG   device: b'uart> \r\x1b[2Kuart> a\r\x1b[2Kuart> au\r\x1b[2Kuart> aut\r\x1b[2Kuart> auto\r\x1b[2Kuart> auto \r\x1b[2Kuart> auto d\r\x1b[2Kuart> auto dm\r\x1b[2Kuart> auto dma\r\x1b[2Kuart> auto dma \r\x1b[2Kuart> auto dma 6\r\x1b[2Kuart> auto dma 61\r\x1b[2Kuart> auto dma 614\r\x1b[2Kuart> auto dma 6144\r\x1b[2Kuart> auto dma 6144 \r\x1b[2Kuart> auto dma 6144 8\r\x1b[2Kuart> auto dma 6144 8 \r\x1b[2Kuart> auto dma 6144 8 6\r\x1b[2Kuart> auto dma 6144 8 66\r\x1b[2Kuart> auto dma 6144 8 660\r\x1b[2Kuart> auto dma 6144 8 6606\r\x1b[2Kuart> auto dma 6144 8 66069\r\x1b[2Kuart> auto dma 6144 8 660695\r\x1b[2Kuart> auto dma 6144 8 6606956\r\x1b[2Kuart> auto dma 6144 8 66069568'
2026-08-31 05:54:03,934 DEBUG   device: b'@READY mode=dma sequence=8 frame=6168 payload=6144'
2026-08-31 05:54:03,934 DEBUG   READY accepted; delaying 0.050s before frame TX
2026-08-31 05:54:04,520 DEBUG   frame TX submitted bytes=6168/6168 write_and_flush=0.536399s crc=0x4CE4
2026-08-31 05:54:04,571 DEBUG   echo chunk=513 total=513/6168 after=0.050088s
2026-08-31 05:54:04,621 DEBUG   echo chunk=576 total=1089/6168 after=0.100346s
2026-08-31 05:54:04,671 DEBUG   echo chunk=576 total=1665/6168 after=0.150576s
2026-08-31 05:54:04,721 DEBUG   echo chunk=576 total=2241/6168 after=0.200785s
2026-08-31 05:54:04,772 DEBUG   echo chunk=576 total=2817/6168 after=0.250981s
2026-08-31 05:54:04,822 DEBUG   echo chunk=576 total=3393/6168 after=0.301170s
2026-08-31 05:54:04,872 DEBUG   echo chunk=576 total=3969/6168 after=0.351321s
2026-08-31 05:54:04,922 DEBUG   echo chunk=576 total=4545/6168 after=0.401443s
2026-08-31 05:54:04,972 DEBUG   echo chunk=576 total=5121/6168 after=0.451562s
2026-08-31 05:54:05,022 DEBUG   echo chunk=576 total=5697/6168 after=0.501692s
2026-08-31 05:54:05,064 DEBUG   echo chunk=471 total=6168/6168 after=0.543651s
2026-08-31 05:54:05,080 DEBUG   device: b'@RESULT mode=dma sequence=8 rx=6168 tx=6168 crc=PASS data=PASS status=PASS'
2026-08-31 05:54:05,080 INFO    section=stress cycle=7/10 PASS frame_payload=6144 elapsed=1.080s roundtrip=11.1 KiB/s
2026-08-31 05:54:05,143 DEBUG   device: b'uart> \r\x1b[2Kuart> a\r\x1b[2Kuart> au\r\x1b[2Kuart> aut\r\x1b[2Kuart> auto\r\x1b[2Kuart> auto \r\x1b[2Kuart> auto d\r\x1b[2Kuart> auto dm\r\x1b[2Kuart> auto dma\r\x1b[2Kuart> auto dma \r\x1b[2Kuart> auto dma 6\r\x1b[2Kuart> auto dma 61\r\x1b[2Kuart> auto dma 614\r\x1b[2Kuart> auto dma 6144\r\x1b[2Kuart> auto dma 6144 \r\x1b[2Kuart> auto dma 6144 9\r\x1b[2Kuart> auto dma 6144 9 \r\x1b[2Kuart> auto dma 6144 9 2\r\x1b[2Kuart> auto dma 6144 9 27\r\x1b[2Kuart> auto dma 6144 9 272\r\x1b[2Kuart> auto dma 6144 9 2720\r\x1b[2Kuart> auto dma 6144 9 27205\r\x1b[2Kuart> auto dma 6144 9 272050\r\x1b[2Kuart> auto dma 6144 9 2720505\r\x1b[2Kuart> auto dma 6144 9 27205053\r\x1b[2Kuart> auto dma 6144 9 272050533\r\x1b[2Kuart> auto dma 6144 9 2720505337'
2026-08-31 05:54:05,159 DEBUG   device: b'@READY mode=dma sequence=9 frame=6168 payload=6144'
2026-08-31 05:54:05,159 DEBUG   READY accepted; delaying 0.050s before frame TX
2026-08-31 05:54:05,745 DEBUG   frame TX submitted bytes=6168/6168 write_and_flush=0.536481s crc=0x4EAB
2026-08-31 05:54:05,796 DEBUG   echo chunk=513 total=513/6168 after=0.050090s
2026-08-31 05:54:05,846 DEBUG   echo chunk=576 total=1089/6168 after=0.100267s
2026-08-31 05:54:05,896 DEBUG   echo chunk=576 total=1665/6168 after=0.150435s
2026-08-31 05:54:05,946 DEBUG   echo chunk=576 total=2241/6168 after=0.200599s
2026-08-31 05:54:05,996 DEBUG   echo chunk=576 total=2817/6168 after=0.250740s
2026-08-31 05:54:06,046 DEBUG   echo chunk=576 total=3393/6168 after=0.300925s
2026-08-31 05:54:06,097 DEBUG   echo chunk=576 total=3969/6168 after=0.351090s
2026-08-31 05:54:06,147 DEBUG   echo chunk=576 total=4545/6168 after=0.401228s
2026-08-31 05:54:06,197 DEBUG   echo chunk=576 total=5121/6168 after=0.451371s
2026-08-31 05:54:06,247 DEBUG   echo chunk=576 total=5697/6168 after=0.501586s
2026-08-31 05:54:06,289 DEBUG   echo chunk=471 total=6168/6168 after=0.543547s
2026-08-31 05:54:06,305 DEBUG   device: b'@RESULT mode=dma sequence=9 rx=6168 tx=6168 crc=PASS data=PASS status=PASS'
2026-08-31 05:54:06,305 INFO    section=stress cycle=8/10 PASS frame_payload=6144 elapsed=1.080s roundtrip=11.1 KiB/s
2026-08-31 05:54:06,377 DEBUG   device: b'uart> \r\x1b[2Kuart> a\r\x1b[2Kuart> au\r\x1b[2Kuart> aut\r\x1b[2Kuart> auto\r\x1b[2Kuart> auto \r\x1b[2Kuart> auto d\r\x1b[2Kuart> auto dm\r\x1b[2Kuart> auto dma\r\x1b[2Kuart> auto dma \r\x1b[2Kuart> auto dma 6\r\x1b[2Kuart> auto dma 61\r\x1b[2Kuart> auto dma 614\r\x1b[2Kuart> auto dma 6144\r\x1b[2Kuart> auto dma 6144 \r\x1b[2Kuart> auto dma 6144 1\r\x1b[2Kuart> auto dma 6144 10\r\x1b[2Kuart> auto dma 6144 10 \r\x1b[2Kuart> auto dma 6144 10 1\r\x1b[2Kuart> auto dma 6144 10 10\r\x1b[2Kuart> auto dma 6144 10 107\r\x1b[2Kuart> auto dma 6144 10 1079\r\x1b[2Kuart> auto dma 6144 10 10799\r\x1b[2Kuart> auto dma 6144 10 107997\r\x1b[2Kuart> auto dma 6144 10 1079973\r\x1b[2Kuart> auto dma 6144 10 10799738\r\x1b[2Kuart> auto dma 6144 10 107997381\r\x1b[2Kuart> auto dma 6144 10 1079973810'
2026-08-31 05:54:06,393 DEBUG   device: b'@READY mode=dma sequence=10 frame=6168 payload=6144'
2026-08-31 05:54:06,393 DEBUG   READY accepted; delaying 0.050s before frame TX
2026-08-31 05:54:06,979 DEBUG   frame TX submitted bytes=6168/6168 write_and_flush=0.536549s crc=0x1E8C
2026-08-31 05:54:07,030 DEBUG   echo chunk=513 total=513/6168 after=0.050071s
2026-08-31 05:54:07,080 DEBUG   echo chunk=576 total=1089/6168 after=0.100245s
2026-08-31 05:54:07,130 DEBUG   echo chunk=576 total=1665/6168 after=0.150413s
2026-08-31 05:54:07,180 DEBUG   echo chunk=576 total=2241/6168 after=0.200630s
2026-08-31 05:54:07,230 DEBUG   echo chunk=576 total=2817/6168 after=0.250818s
2026-08-31 05:54:07,280 DEBUG   echo chunk=576 total=3393/6168 after=0.301007s
2026-08-31 05:54:07,331 DEBUG   echo chunk=576 total=3969/6168 after=0.351149s
2026-08-31 05:54:07,381 DEBUG   echo chunk=576 total=4545/6168 after=0.401293s
2026-08-31 05:54:07,431 DEBUG   echo chunk=576 total=5121/6168 after=0.451484s
2026-08-31 05:54:07,481 DEBUG   echo chunk=576 total=5697/6168 after=0.501639s
2026-08-31 05:54:07,523 DEBUG   echo chunk=471 total=6168/6168 after=0.543508s
2026-08-31 05:54:07,539 DEBUG   device: b'@RESULT mode=dma sequence=10 rx=6168 tx=6168 crc=PASS data=PASS status=PASS'
2026-08-31 05:54:07,539 INFO    section=stress cycle=9/10 PASS frame_payload=6144 elapsed=1.080s roundtrip=11.1 KiB/s
2026-08-31 05:54:07,607 DEBUG   device: b'uart> \r\x1b[2Kuart> a\r\x1b[2Kuart> au\r\x1b[2Kuart> aut\r\x1b[2Kuart> auto\r\x1b[2Kuart> auto \r\x1b[2Kuart> auto d\r\x1b[2Kuart> auto dm\r\x1b[2Kuart> auto dma\r\x1b[2Kuart> auto dma \r\x1b[2Kuart> auto dma 6\r\x1b[2Kuart> auto dma 61\r\x1b[2Kuart> auto dma 614\r\x1b[2Kuart> auto dma 6144\r\x1b[2Kuart> auto dma 6144 \r\x1b[2Kuart> auto dma 6144 1\r\x1b[2Kuart> auto dma 6144 11\r\x1b[2Kuart> auto dma 6144 11 \r\x1b[2Kuart> auto dma 6144 11 3\r\x1b[2Kuart> auto dma 6144 11 37\r\x1b[2Kuart> auto dma 6144 11 373\r\x1b[2Kuart> auto dma 6144 11 3734\r\x1b[2Kuart> auto dma 6144 11 37344\r\x1b[2Kuart> auto dma 6144 11 373440\r\x1b[2Kuart> auto dma 6144 11 3734409\r\x1b[2Kuart> auto dma 6144 11 37344095\r\x1b[2Kuart> auto dma 6144 11 373440957\r\x1b[2Kuart> auto dma 6144 11 3734409579'
2026-08-31 05:54:07,623 DEBUG   device: b'@READY mode=dma sequence=11 frame=6168 payload=6144'
2026-08-31 05:54:07,623 DEBUG   READY accepted; delaying 0.050s before frame TX
2026-08-31 05:54:08,210 DEBUG   frame TX submitted bytes=6168/6168 write_and_flush=0.537665s crc=0x95F0
2026-08-31 05:54:08,261 DEBUG   echo chunk=513 total=513/6168 after=0.050078s
2026-08-31 05:54:08,311 DEBUG   echo chunk=576 total=1089/6168 after=0.100271s
2026-08-31 05:54:08,361 DEBUG   echo chunk=576 total=1665/6168 after=0.150426s
2026-08-31 05:54:08,411 DEBUG   echo chunk=576 total=2241/6168 after=0.200578s
2026-08-31 05:54:08,461 DEBUG   echo chunk=576 total=2817/6168 after=0.250732s
2026-08-31 05:54:08,511 DEBUG   echo chunk=576 total=3393/6168 after=0.300921s
2026-08-31 05:54:08,562 DEBUG   echo chunk=576 total=3969/6168 after=0.351082s
2026-08-31 05:54:08,612 DEBUG   echo chunk=576 total=4545/6168 after=0.401271s
2026-08-31 05:54:08,662 DEBUG   echo chunk=576 total=5121/6168 after=0.451436s
2026-08-31 05:54:08,712 DEBUG   echo chunk=576 total=5697/6168 after=0.501620s
2026-08-31 05:54:08,753 DEBUG   echo chunk=471 total=6168/6168 after=0.542404s
2026-08-31 05:54:08,769 DEBUG   device: b'@RESULT mode=dma sequence=11 rx=6168 tx=6168 crc=PASS data=PASS status=PASS'
2026-08-31 05:54:08,769 INFO    section=stress cycle=10/10 PASS frame_payload=6144 elapsed=1.080s roundtrip=11.1 KiB/s
2026-08-31 05:54:08,769 INFO    SECTION name=stress status=PASS passed=10 failed=0 elapsed=10.807s
2026-08-31 05:54:08,769 INFO    SECTION name=tx-tail status=BEGIN cases=23
2026-08-31 05:54:08,821 DEBUG   device: b'uart> \r\x1b[2Kuart> a\r\x1b[2Kuart> au\r\x1b[2Kuart> aut\r\x1b[2Kuart> auto\r\x1b[2Kuart> auto \r\x1b[2Kuart> auto t\r\x1b[2Kuart> auto tx\r\x1b[2Kuart> auto tx \r\x1b[2Kuart> auto tx 2\r\x1b[2Kuart> auto tx 2 \r\x1b[2Kuart> auto tx 2 1\r\x1b[2Kuart> auto tx 2 12\r\x1b[2Kuart> auto tx 2 12 \r\x1b[2Kuart> auto tx 2 12 2\r\x1b[2Kuart> auto tx 2 12 20\r\x1b[2Kuart> auto tx 2 12 209\r\x1b[2Kuart> auto tx 2 12 2093\r\x1b[2Kuart> auto tx 2 12 20938\r\x1b[2Kuart> auto tx 2 12 209387\r\x1b[2Kuart> auto tx 2 12 2093878\r\x1b[2Kuart> auto tx 2 12 20938780\r\x1b[2Kuart> auto tx 2 12 209387805\r\x1b[2Kuart> auto tx 2 12 2093878052'
2026-08-31 05:54:08,827 DEBUG   device: b'@READY mode=tx sequence=12 size=2 dma=0 tail=2'
2026-08-31 05:54:08,827 DEBUG   echo chunk=2 total=2/2 after=0.000010s
2026-08-31 05:54:08,842 DEBUG   device: b'@RESULT mode=tx sequence=12 size=2 tail=2 tx=2 status=PASS'
2026-08-31 05:54:08,842 INFO    section=tx-tail case=1/23 PASS size=2 dma=0 tail=2 elapsed=0.000s
2026-08-31 05:54:08,889 DEBUG   device: b'uart> \r\x1b[2Kuart> a\r\x1b[2Kuart> au\r\x1b[2Kuart> aut\r\x1b[2Kuart> auto\r\x1b[2Kuart> auto \r\x1b[2Kuart> auto t\r\x1b[2Kuart> auto tx\r\x1b[2Kuart> auto tx \r\x1b[2Kuart> auto tx 3\r\x1b[2Kuart> auto tx 3 \r\x1b[2Kuart> auto tx 3 1\r\x1b[2Kuart> auto tx 3 13\r\x1b[2Kuart> auto tx 3 13 \r\x1b[2Kuart> auto tx 3 13 4\r\x1b[2Kuart> auto tx 3 13 45\r\x1b[2Kuart> auto tx 3 13 453\r\x1b[2Kuart> auto tx 3 13 4533\r\x1b[2Kuart> auto tx 3 13 45334\r\x1b[2Kuart> auto tx 3 13 453346\r\x1b[2Kuart> auto tx 3 13 4533465\r\x1b[2Kuart> auto tx 3 13 45334652\r\x1b[2Kuart> auto tx 3 13 453346525'
2026-08-31 05:54:08,895 DEBUG   device: b'@READY mode=tx sequence=13 size=3 dma=0 tail=3'
2026-08-31 05:54:08,895 DEBUG   echo chunk=3 total=3/3 after=0.000013s
2026-08-31 05:54:08,911 DEBUG   device: b'@RESULT mode=tx sequence=13 size=3 tail=3 tx=3 status=PASS'
2026-08-31 05:54:08,911 INFO    section=tx-tail case=2/23 PASS size=3 dma=0 tail=3 elapsed=0.000s
2026-08-31 05:54:08,963 DEBUG   device: b'uart> \r\x1b[2Kuart> a\r\x1b[2Kuart> au\r\x1b[2Kuart> aut\r\x1b[2Kuart> auto\r\x1b[2Kuart> auto \r\x1b[2Kuart> auto t\r\x1b[2Kuart> auto tx\r\x1b[2Kuart> auto tx \r\x1b[2Kuart> auto tx 4\r\x1b[2Kuart> auto tx 4 \r\x1b[2Kuart> auto tx 4 1\r\x1b[2Kuart> auto tx 4 14\r\x1b[2Kuart> auto tx 4 14 \r\x1b[2Kuart> auto tx 4 14 3\r\x1b[2Kuart> auto tx 4 14 31\r\x1b[2Kuart> auto tx 4 14 310\r\x1b[2Kuart> auto tx 4 14 3107\r\x1b[2Kuart> auto tx 4 14 31077\r\x1b[2Kuart> auto tx 4 14 310778\r\x1b[2Kuart> auto tx 4 14 3107782\r\x1b[2Kuart> auto tx 4 14 31077822\r\x1b[2Kuart> auto tx 4 14 310778229\r\x1b[2Kuart> auto tx 4 14 3107782294'
2026-08-31 05:54:08,969 DEBUG   device: b'@READY mode=tx sequence=14 size=4 dma=0 tail=4'
2026-08-31 05:54:08,969 DEBUG   echo chunk=4 total=4/4 after=0.000010s
2026-08-31 05:54:08,984 DEBUG   device: b'@RESULT mode=tx sequence=14 size=4 tail=4 tx=4 status=PASS'
2026-08-31 05:54:08,984 INFO    section=tx-tail case=3/23 PASS size=4 dma=0 tail=4 elapsed=0.000s
2026-08-31 05:54:09,037 DEBUG   device: b'uart> \r\x1b[2Kuart> a\r\x1b[2Kuart> au\r\x1b[2Kuart> aut\r\x1b[2Kuart> auto\r\x1b[2Kuart> auto \r\x1b[2Kuart> auto t\r\x1b[2Kuart> auto tx\r\x1b[2Kuart> auto tx \r\x1b[2Kuart> auto tx 5\r\x1b[2Kuart> auto tx 5 \r\x1b[2Kuart> auto tx 5 1\r\x1b[2Kuart> auto tx 5 15\r\x1b[2Kuart> auto tx 5 15 \r\x1b[2Kuart> auto tx 5 15 1\r\x1b[2Kuart> auto tx 5 15 14\r\x1b[2Kuart> auto tx 5 15 146\r\x1b[2Kuart> auto tx 5 15 1467\r\x1b[2Kuart> auto tx 5 15 14672\r\x1b[2Kuart> auto tx 5 15 146725\r\x1b[2Kuart> auto tx 5 15 1467250\r\x1b[2Kuart> auto tx 5 15 14672507\r\x1b[2Kuart> auto tx 5 15 146725076\r\x1b[2Kuart> auto tx 5 15 1467250767'
2026-08-31 05:54:09,043 DEBUG   device: b'@READY mode=tx sequence=15 size=5 dma=0 tail=5'
2026-08-31 05:54:09,043 DEBUG   echo chunk=5 total=5/5 after=0.000010s
2026-08-31 05:54:09,058 DEBUG   device: b'@RESULT mode=tx sequence=15 size=5 tail=5 tx=5 status=PASS'
2026-08-31 05:54:09,058 INFO    section=tx-tail case=4/23 PASS size=5 dma=0 tail=5 elapsed=0.000s
2026-08-31 05:54:09,111 DEBUG   device: b'uart> \r\x1b[2Kuart> a\r\x1b[2Kuart> au\r\x1b[2Kuart> aut\r\x1b[2Kuart> auto\r\x1b[2Kuart> auto \r\x1b[2Kuart> auto t\r\x1b[2Kuart> auto tx\r\x1b[2Kuart> auto tx \r\x1b[2Kuart> auto tx 6\r\x1b[2Kuart> auto tx 6 \r\x1b[2Kuart> auto tx 6 1\r\x1b[2Kuart> auto tx 6 16\r\x1b[2Kuart> auto tx 6 16 \r\x1b[2Kuart> auto tx 6 16 4\r\x1b[2Kuart> auto tx 6 16 41\r\x1b[2Kuart> auto tx 6 16 412\r\x1b[2Kuart> auto tx 6 16 4121\r\x1b[2Kuart> auto tx 6 16 41216\r\x1b[2Kuart> auto tx 6 16 412168\r\x1b[2Kuart> auto tx 6 16 4121686\r\x1b[2Kuart> auto tx 6 16 41216865\r\x1b[2Kuart> auto tx 6 16 412168653\r\x1b[2Kuart> auto tx 6 16 4121686536'
2026-08-31 05:54:09,117 DEBUG   device: b'@READY mode=tx sequence=16 size=6 dma=0 tail=6'
2026-08-31 05:54:09,117 DEBUG   echo chunk=6 total=6/6 after=0.000009s
2026-08-31 05:54:09,132 DEBUG   device: b'@RESULT mode=tx sequence=16 size=6 tail=6 tx=6 status=PASS'
2026-08-31 05:54:09,132 INFO    section=tx-tail case=5/23 PASS size=6 dma=0 tail=6 elapsed=0.000s
2026-08-31 05:54:09,185 DEBUG   device: b'uart> \r\x1b[2Kuart> a\r\x1b[2Kuart> au\r\x1b[2Kuart> aut\r\x1b[2Kuart> auto\r\x1b[2Kuart> auto \r\x1b[2Kuart> auto t\r\x1b[2Kuart> auto tx\r\x1b[2Kuart> auto tx \r\x1b[2Kuart> auto tx 7\r\x1b[2Kuart> auto tx 7 \r\x1b[2Kuart> auto tx 7 1\r\x1b[2Kuart> auto tx 7 17\r\x1b[2Kuart> auto tx 7 17 \r\x1b[2Kuart> auto tx 7 17 2\r\x1b[2Kuart> auto tx 7 17 24\r\x1b[2Kuart> auto tx 7 17 248\r\x1b[2Kuart> auto tx 7 17 2481\r\x1b[2Kuart> auto tx 7 17 24811\r\x1b[2Kuart> auto tx 7 17 248115\r\x1b[2Kuart> auto tx 7 17 2481155\r\x1b[2Kuart> auto tx 7 17 24811550\r\x1b[2Kuart> auto tx 7 17 248115500\r\x1b[2Kuart> auto tx 7 17 2481155009'
2026-08-31 05:54:09,191 DEBUG   device: b'@READY mode=tx sequence=17 size=7 dma=0 tail=7'
2026-08-31 05:54:09,191 DEBUG   echo chunk=7 total=7/7 after=0.000011s
2026-08-31 05:54:09,206 DEBUG   device: b'@RESULT mode=tx sequence=17 size=7 tail=7 tx=7 status=PASS'
2026-08-31 05:54:09,206 INFO    section=tx-tail case=6/23 PASS size=7 dma=0 tail=7 elapsed=0.000s
2026-08-31 05:54:09,253 DEBUG   device: b'uart> \r\x1b[2Kuart> a\r\x1b[2Kuart> au\r\x1b[2Kuart> aut\r\x1b[2Kuart> auto\r\x1b[2Kuart> auto \r\x1b[2Kuart> auto t\r\x1b[2Kuart> auto tx\r\x1b[2Kuart> auto tx \r\x1b[2Kuart> auto tx 8\r\x1b[2Kuart> auto tx 8 \r\x1b[2Kuart> auto tx 8 1\r\x1b[2Kuart> auto tx 8 18\r\x1b[2Kuart> auto tx 8 18 \r\x1b[2Kuart> auto tx 8 18 8\r\x1b[2Kuart> auto tx 8 18 84\r\x1b[2Kuart> auto tx 8 18 840\r\x1b[2Kuart> auto tx 8 18 8406\r\x1b[2Kuart> auto tx 8 18 84062\r\x1b[2Kuart> auto tx 8 18 840623\r\x1b[2Kuart> auto tx 8 18 8406234\r\x1b[2Kuart> auto tx 8 18 84062348\r\x1b[2Kuart> auto tx 8 18 840623482'
2026-08-31 05:54:09,259 DEBUG   device: b'@READY mode=tx sequence=18 size=8 dma=8 tail=0'
2026-08-31 05:54:09,259 DEBUG   echo chunk=8 total=8/8 after=0.000010s
2026-08-31 05:54:09,275 DEBUG   device: b'@RESULT mode=tx sequence=18 size=8 tail=0 tx=8 status=PASS'
2026-08-31 05:54:09,275 INFO    section=tx-tail case=7/23 PASS size=8 dma=8 tail=0 elapsed=0.000s
2026-08-31 05:54:09,327 DEBUG   device: b'uart> \r\x1b[2Kuart> a\r\x1b[2Kuart> au\r\x1b[2Kuart> aut\r\x1b[2Kuart> auto\r\x1b[2Kuart> auto \r\x1b[2Kuart> auto t\r\x1b[2Kuart> auto tx\r\x1b[2Kuart> auto tx \r\x1b[2Kuart> auto tx 9\r\x1b[2Kuart> auto tx 9 \r\x1b[2Kuart> auto tx 9 1\r\x1b[2Kuart> auto tx 9 19\r\x1b[2Kuart> auto tx 9 19 \r\x1b[2Kuart> auto tx 9 19 3\r\x1b[2Kuart> auto tx 9 19 34\r\x1b[2Kuart> auto tx 9 19 349\r\x1b[2Kuart> auto tx 9 19 3495\r\x1b[2Kuart> auto tx 9 19 34950\r\x1b[2Kuart> auto tx 9 19 349505\r\x1b[2Kuart> auto tx 9 19 3495059\r\x1b[2Kuart> auto tx 9 19 34950592\r\x1b[2Kuart> auto tx 9 19 349505925\r\x1b[2Kuart> auto tx 9 19 3495059251'
2026-08-31 05:54:09,333 DEBUG   device: b'@READY mode=tx sequence=19 size=9 dma=8 tail=1'
2026-08-31 05:54:09,333 DEBUG   echo chunk=9 total=9/9 after=0.000009s
2026-08-31 05:54:09,348 DEBUG   device: b'@RESULT mode=tx sequence=19 size=9 tail=1 tx=9 status=PASS'
2026-08-31 05:54:09,348 INFO    section=tx-tail case=8/23 PASS size=9 dma=8 tail=1 elapsed=0.000s
2026-08-31 05:54:09,401 DEBUG   device: b'uart> \r\x1b[2Kuart> a\r\x1b[2Kuart> au\r\x1b[2Kuart> aut\r\x1b[2Kuart> auto\r\x1b[2Kuart> auto \r\x1b[2Kuart> auto t\r\x1b[2Kuart> auto tx\r\x1b[2Kuart> auto tx \r\x1b[2Kuart> auto tx 1\r\x1b[2Kuart> auto tx 10\r\x1b[2Kuart> auto tx 10 \r\x1b[2Kuart> auto tx 10 2\r\x1b[2Kuart> auto tx 10 20\r\x1b[2Kuart> auto tx 10 20 \r\x1b[2Kuart> auto tx 10 20 1\r\x1b[2Kuart> auto tx 10 20 18\r\x1b[2Kuart> auto tx 10 20 185\r\x1b[2Kuart> auto tx 10 20 1854\r\x1b[2Kuart> auto tx 10 20 18545\r\x1b[2Kuart> auto tx 10 20 185452\r\x1b[2Kuart> auto tx 10 20 1854527\r\x1b[2Kuart> auto tx 10 20 18545277\r\x1b[2Kuart> auto tx 10 20 185452772\r\x1b[2Kuart> auto tx 10 20 1854527724'
2026-08-31 05:54:09,407 DEBUG   device: b'@READY mode=tx sequence=20 size=10 dma=8 tail=2'
2026-08-31 05:54:09,407 DEBUG   echo chunk=10 total=10/10 after=0.000010s
2026-08-31 05:54:09,423 DEBUG   device: b'@RESULT mode=tx sequence=20 size=10 tail=2 tx=10 status=PASS'
2026-08-31 05:54:09,423 INFO    section=tx-tail case=9/23 PASS size=10 dma=8 tail=2 elapsed=0.000s
2026-08-31 05:54:09,475 DEBUG   device: b'uart> \r\x1b[2Kuart> a\r\x1b[2Kuart> au\r\x1b[2Kuart> aut\r\x1b[2Kuart> auto\r\x1b[2Kuart> auto \r\x1b[2Kuart> auto t\r\x1b[2Kuart> auto tx\r\x1b[2Kuart> auto tx \r\x1b[2Kuart> auto tx 1\r\x1b[2Kuart> auto tx 11\r\x1b[2Kuart> auto tx 11 \r\x1b[2Kuart> auto tx 11 2\r\x1b[2Kuart> auto tx 11 21\r\x1b[2Kuart> auto tx 11 21 \r\x1b[2Kuart> auto tx 11 21 2\r\x1b[2Kuart> auto tx 11 21 21\r\x1b[2Kuart> auto tx 11 21 213\r\x1b[2Kuart> auto tx 11 21 2139\r\x1b[2Kuart> auto tx 11 21 21399\r\x1b[2Kuart> auto tx 11 21 213996\r\x1b[2Kuart> auto tx 11 21 2139961\r\x1b[2Kuart> auto tx 11 21 21399619\r\x1b[2Kuart> auto tx 11 21 213996197'
2026-08-31 05:54:09,481 DEBUG   device: b'@READY mode=tx sequence=21 size=11 dma=8 tail=3'
2026-08-31 05:54:09,481 DEBUG   echo chunk=11 total=11/11 after=0.000010s
2026-08-31 05:54:09,496 DEBUG   device: b'@RESULT mode=tx sequence=21 size=11 tail=3 tx=11 status=PASS'
2026-08-31 05:54:09,497 INFO    section=tx-tail case=10/23 PASS size=11 dma=8 tail=3 elapsed=0.000s
2026-08-31 05:54:09,549 DEBUG   device: b'uart> \r\x1b[2Kuart> a\r\x1b[2Kuart> au\r\x1b[2Kuart> aut\r\x1b[2Kuart> auto\r\x1b[2Kuart> auto \r\x1b[2Kuart> auto t\r\x1b[2Kuart> auto tx\r\x1b[2Kuart> auto tx \r\x1b[2Kuart> auto tx 1\r\x1b[2Kuart> auto tx 12\r\x1b[2Kuart> auto tx 12 \r\x1b[2Kuart> auto tx 12 2\r\x1b[2Kuart> auto tx 12 22\r\x1b[2Kuart> auto tx 12 22 \r\x1b[2Kuart> auto tx 12 22 2\r\x1b[2Kuart> auto tx 12 22 28\r\x1b[2Kuart> auto tx 12 22 286\r\x1b[2Kuart> auto tx 12 22 2868\r\x1b[2Kuart> auto tx 12 22 28684\r\x1b[2Kuart> auto tx 12 22 286843\r\x1b[2Kuart> auto tx 12 22 2868431\r\x1b[2Kuart> auto tx 12 22 28684319\r\x1b[2Kuart> auto tx 12 22 286843196\r\x1b[2Kuart> auto tx 12 22 2868431966'
2026-08-31 05:54:09,555 DEBUG   device: b'@READY mode=tx sequence=22 size=12 dma=8 tail=4'
2026-08-31 05:54:09,555 DEBUG   echo chunk=12 total=12/12 after=0.000009s
2026-08-31 05:54:09,571 DEBUG   device: b'@RESULT mode=tx sequence=22 size=12 tail=4 tx=12 status=PASS'
2026-08-31 05:54:09,571 INFO    section=tx-tail case=11/23 PASS size=12 dma=8 tail=4 elapsed=0.000s
2026-08-31 05:54:09,623 DEBUG   device: b'uart> \r\x1b[2Kuart> a\r\x1b[2Kuart> au\r\x1b[2Kuart> aut\r\x1b[2Kuart> auto\r\x1b[2Kuart> auto \r\x1b[2Kuart> auto t\r\x1b[2Kuart> auto tx\r\x1b[2Kuart> auto tx \r\x1b[2Kuart> auto tx 1\r\x1b[2Kuart> auto tx 13\r\x1b[2Kuart> auto tx 13 \r\x1b[2Kuart> auto tx 13 2\r\x1b[2Kuart> auto tx 13 23\r\x1b[2Kuart> auto tx 13 23 \r\x1b[2Kuart> auto tx 13 23 1\r\x1b[2Kuart> auto tx 13 23 12\r\x1b[2Kuart> auto tx 13 23 122\r\x1b[2Kuart> auto tx 13 23 1227\r\x1b[2Kuart> auto tx 13 23 12279\r\x1b[2Kuart> auto tx 13 23 122790\r\x1b[2Kuart> auto tx 13 23 1227900\r\x1b[2Kuart> auto tx 13 23 12279004\r\x1b[2Kuart> auto tx 13 23 122790043\r\x1b[2Kuart> auto tx 13 23 1227900439'
2026-08-31 05:54:09,629 DEBUG   device: b'@READY mode=tx sequence=23 size=13 dma=8 tail=5'
2026-08-31 05:54:09,629 DEBUG   echo chunk=13 total=13/13 after=0.000010s
2026-08-31 05:54:09,645 DEBUG   device: b'@RESULT mode=tx sequence=23 size=13 tail=5 tx=13 status=PASS'
2026-08-31 05:54:09,645 INFO    section=tx-tail case=12/23 PASS size=13 dma=8 tail=5 elapsed=0.000s
2026-08-31 05:54:09,697 DEBUG   device: b'uart> \r\x1b[2Kuart> a\r\x1b[2Kuart> au\r\x1b[2Kuart> aut\r\x1b[2Kuart> auto\r\x1b[2Kuart> auto \r\x1b[2Kuart> auto t\r\x1b[2Kuart> auto tx\r\x1b[2Kuart> auto tx \r\x1b[2Kuart> auto tx 1\r\x1b[2Kuart> auto tx 14\r\x1b[2Kuart> auto tx 14 \r\x1b[2Kuart> auto tx 14 2\r\x1b[2Kuart> auto tx 14 24\r\x1b[2Kuart> auto tx 14 24 \r\x1b[2Kuart> auto tx 14 24 3\r\x1b[2Kuart> auto tx 14 24 38\r\x1b[2Kuart> auto tx 14 24 388\r\x1b[2Kuart> auto tx 14 24 3882\r\x1b[2Kuart> auto tx 14 24 38823\r\x1b[2Kuart> auto tx 14 24 388233\r\x1b[2Kuart> auto tx 14 24 3882336\r\x1b[2Kuart> auto tx 14 24 38823362\r\x1b[2Kuart> auto tx 14 24 388233620\r\x1b[2Kuart> auto tx 14 24 3882336208'
2026-08-31 05:54:09,703 DEBUG   device: b'@READY mode=tx sequence=24 size=14 dma=8 tail=6'
2026-08-31 05:54:09,703 DEBUG   echo chunk=14 total=14/14 after=0.000010s
2026-08-31 05:54:09,719 DEBUG   device: b'@RESULT mode=tx sequence=24 size=14 tail=6 tx=14 status=PASS'
2026-08-31 05:54:09,719 INFO    section=tx-tail case=13/23 PASS size=14 dma=8 tail=6 elapsed=0.000s
2026-08-31 05:54:09,771 DEBUG   device: b'uart> \r\x1b[2Kuart> a\r\x1b[2Kuart> au\r\x1b[2Kuart> aut\r\x1b[2Kuart> auto\r\x1b[2Kuart> auto \r\x1b[2Kuart> auto t\r\x1b[2Kuart> auto tx\r\x1b[2Kuart> auto tx \r\x1b[2Kuart> auto tx 1\r\x1b[2Kuart> auto tx 15\r\x1b[2Kuart> auto tx 15 \r\x1b[2Kuart> auto tx 15 2\r\x1b[2Kuart> auto tx 15 25\r\x1b[2Kuart> auto tx 15 25 \r\x1b[2Kuart> auto tx 15 25 2\r\x1b[2Kuart> auto tx 15 25 22\r\x1b[2Kuart> auto tx 15 25 224\r\x1b[2Kuart> auto tx 15 25 2241\r\x1b[2Kuart> auto tx 15 25 22418\r\x1b[2Kuart> auto tx 15 25 224180\r\x1b[2Kuart> auto tx 15 25 2241804\r\x1b[2Kuart> auto tx 15 25 22418046\r\x1b[2Kuart> auto tx 15 25 224180468\r\x1b[2Kuart> auto tx 15 25 2241804681'
2026-08-31 05:54:09,777 DEBUG   device: b'@READY mode=tx sequence=25 size=15 dma=8 tail=7'
2026-08-31 05:54:09,777 DEBUG   echo chunk=15 total=15/15 after=0.000010s
2026-08-31 05:54:09,793 DEBUG   device: b'@RESULT mode=tx sequence=25 size=15 tail=7 tx=15 status=PASS'
2026-08-31 05:54:09,793 INFO    section=tx-tail case=14/23 PASS size=15 dma=8 tail=7 elapsed=0.000s
2026-08-31 05:54:09,845 DEBUG   device: b'uart> \r\x1b[2Kuart> a\r\x1b[2Kuart> au\r\x1b[2Kuart> aut\r\x1b[2Kuart> auto\r\x1b[2Kuart> auto \r\x1b[2Kuart> auto t\r\x1b[2Kuart> auto tx\r\x1b[2Kuart> auto tx \r\x1b[2Kuart> auto tx 1\r\x1b[2Kuart> auto tx 16\r\x1b[2Kuart> auto tx 16 \r\x1b[2Kuart> auto tx 16 2\r\x1b[2Kuart> auto tx 16 26\r\x1b[2Kuart> auto tx 16 26 \r\x1b[2Kuart> auto tx 16 26 6\r\x1b[2Kuart> auto tx 16 26 60\r\x1b[2Kuart> auto tx 16 26 601\r\x1b[2Kuart> auto tx 16 26 6012\r\x1b[2Kuart> auto tx 16 26 60127\r\x1b[2Kuart> auto tx 16 26 601273\r\x1b[2Kuart> auto tx 16 26 6012731\r\x1b[2Kuart> auto tx 16 26 60127315\r\x1b[2Kuart> auto tx 16 26 601273154'
2026-08-31 05:54:09,851 DEBUG   device: b'@READY mode=tx sequence=26 size=16 dma=16 tail=0'
2026-08-31 05:54:09,851 DEBUG   echo chunk=16 total=16/16 after=0.000010s
2026-08-31 05:54:09,866 DEBUG   device: b'@RESULT mode=tx sequence=26 size=16 tail=0 tx=16 status=PASS'
2026-08-31 05:54:09,867 INFO    section=tx-tail case=15/23 PASS size=16 dma=16 tail=0 elapsed=0.000s
2026-08-31 05:54:09,931 DEBUG   device: b'uart> \r\x1b[2Kuart> a\r\x1b[2Kuart> au\r\x1b[2Kuart> aut\r\x1b[2Kuart> auto\r\x1b[2Kuart> auto \r\x1b[2Kuart> auto t\r\x1b[2Kuart> auto tx\r\x1b[2Kuart> auto tx \r\x1b[2Kuart> auto tx 6\r\x1b[2Kuart> auto tx 61\r\x1b[2Kuart> auto tx 614\r\x1b[2Kuart> auto tx 6144\r\x1b[2Kuart> auto tx 6144 \r\x1b[2Kuart> auto tx 6144 2\r\x1b[2Kuart> auto tx 6144 27\r\x1b[2Kuart> auto tx 6144 27 \r\x1b[2Kuart> auto tx 6144 27 3\r\x1b[2Kuart> auto tx 6144 27 32\r\x1b[2Kuart> auto tx 6144 27 325\r\x1b[2Kuart> auto tx 6144 27 3255\r\x1b[2Kuart> auto tx 6144 27 32557\r\x1b[2Kuart> auto tx 6144 27 325570\r\x1b[2Kuart> auto tx 6144 27 3255708\r\x1b[2Kuart> auto tx 6144 27 32557089\r\x1b[2Kuart> auto tx 6144 27 325570892\r\x1b[2Kuart> auto tx 6144 27 3255708923'
2026-08-31 05:54:09,937 DEBUG   device: b'@READY mode=tx sequence=27 size=6144 dma=6144 tail=0'
2026-08-31 05:54:09,987 DEBUG   echo chunk=587 total=587/6144 after=0.050069s
2026-08-31 05:54:10,037 DEBUG   echo chunk=576 total=1163/6144 after=0.100219s
2026-08-31 05:54:10,088 DEBUG   echo chunk=512 total=1675/6144 after=0.150386s
2026-08-31 05:54:10,138 DEBUG   echo chunk=576 total=2251/6144 after=0.200574s
2026-08-31 05:54:10,188 DEBUG   echo chunk=576 total=2827/6144 after=0.250768s
2026-08-31 05:54:10,238 DEBUG   echo chunk=576 total=3403/6144 after=0.300969s
2026-08-31 05:54:10,288 DEBUG   echo chunk=576 total=3979/6144 after=0.351136s
2026-08-31 05:54:10,338 DEBUG   echo chunk=576 total=4555/6144 after=0.401304s
2026-08-31 05:54:10,389 DEBUG   echo chunk=576 total=5131/6144 after=0.451459s
2026-08-31 05:54:10,439 DEBUG   echo chunk=576 total=5707/6144 after=0.501615s
2026-08-31 05:54:10,473 DEBUG   echo chunk=437 total=6144/6144 after=0.535667s
2026-08-31 05:54:10,489 DEBUG   device: b'@RESULT mode=tx sequence=27 size=6144 tail=0 tx=6144 status=PASS'
2026-08-31 05:54:10,489 INFO    section=tx-tail case=16/23 PASS size=6144 dma=6144 tail=0 elapsed=0.536s
2026-08-31 05:54:10,554 DEBUG   device: b'uart> \r\x1b[2Kuart> a\r\x1b[2Kuart> au\r\x1b[2Kuart> aut\r\x1b[2Kuart> auto\r\x1b[2Kuart> auto \r\x1b[2Kuart> auto t\r\x1b[2Kuart> auto tx\r\x1b[2Kuart> auto tx \r\x1b[2Kuart> auto tx 6\r\x1b[2Kuart> auto tx 61\r\x1b[2Kuart> auto tx 614\r\x1b[2Kuart> auto tx 6145\r\x1b[2Kuart> auto tx 6145 \r\x1b[2Kuart> auto tx 6145 2\r\x1b[2Kuart> auto tx 6145 28\r\x1b[2Kuart> auto tx 6145 28 \r\x1b[2Kuart> auto tx 6145 28 1\r\x1b[2Kuart> auto tx 6145 28 16\r\x1b[2Kuart> auto tx 6145 28 161\r\x1b[2Kuart> auto tx 6145 28 1615\r\x1b[2Kuart> auto tx 6145 28 16151\r\x1b[2Kuart> auto tx 6145 28 161517\r\x1b[2Kuart> auto tx 6145 28 1615177\r\x1b[2Kuart> auto tx 6145 28 16151773\r\x1b[2Kuart> auto tx 6145 28 161517739\r\x1b[2Kuart> auto tx 6145 28 1615177396'
2026-08-31 05:54:10,559 DEBUG   device: b'@READY mode=tx sequence=28 size=6145 dma=6144 tail=1'
2026-08-31 05:54:10,609 DEBUG   echo chunk=587 total=587/6145 after=0.050061s
2026-08-31 05:54:10,660 DEBUG   echo chunk=576 total=1163/6145 after=0.100209s
2026-08-31 05:54:10,710 DEBUG   echo chunk=576 total=1739/6145 after=0.150359s
2026-08-31 05:54:10,760 DEBUG   echo chunk=512 total=2251/6145 after=0.200491s
2026-08-31 05:54:10,810 DEBUG   echo chunk=576 total=2827/6145 after=0.250611s
2026-08-31 05:54:10,860 DEBUG   echo chunk=576 total=3403/6145 after=0.300814s
2026-08-31 05:54:10,910 DEBUG   echo chunk=576 total=3979/6145 after=0.350975s
2026-08-31 05:54:10,961 DEBUG   echo chunk=576 total=4555/6145 after=0.401138s
2026-08-31 05:54:11,011 DEBUG   echo chunk=576 total=5131/6145 after=0.451307s
2026-08-31 05:54:11,061 DEBUG   echo chunk=576 total=5707/6145 after=0.501471s
2026-08-31 05:54:11,095 DEBUG   echo chunk=438 total=6145/6145 after=0.535604s
2026-08-31 05:54:11,111 DEBUG   device: b'@RESULT mode=tx sequence=28 size=6145 tail=1 tx=6145 status=PASS'
2026-08-31 05:54:11,111 INFO    section=tx-tail case=17/23 PASS size=6145 dma=6144 tail=1 elapsed=0.536s
2026-08-31 05:54:11,176 DEBUG   device: b'uart> \r\x1b[2Kuart> a\r\x1b[2Kuart> au\r\x1b[2Kuart> aut\r\x1b[2Kuart> auto\r\x1b[2Kuart> auto \r\x1b[2Kuart> auto t\r\x1b[2Kuart> auto tx\r\x1b[2Kuart> auto tx \r\x1b[2Kuart> auto tx 6\r\x1b[2Kuart> auto tx 61\r\x1b[2Kuart> auto tx 614\r\x1b[2Kuart> auto tx 6146\r\x1b[2Kuart> auto tx 6146 \r\x1b[2Kuart> auto tx 6146 2\r\x1b[2Kuart> auto tx 6146 29\r\x1b[2Kuart> auto tx 6146 29 \r\x1b[2Kuart> auto tx 6146 29 4\r\x1b[2Kuart> auto tx 6146 29 42\r\x1b[2Kuart> auto tx 6146 29 426\r\x1b[2Kuart> auto tx 6146 29 4269\r\x1b[2Kuart> auto tx 6146 29 42696\r\x1b[2Kuart> auto tx 6146 29 426961\r\x1b[2Kuart> auto tx 6146 29 4269613\r\x1b[2Kuart> auto tx 6146 29 42696131\r\x1b[2Kuart> auto tx 6146 29 426961316\r\x1b[2Kuart> auto tx 6146 29 4269613165'
2026-08-31 05:54:11,182 DEBUG   device: b'@READY mode=tx sequence=29 size=6146 dma=6144 tail=2'
2026-08-31 05:54:11,232 DEBUG   echo chunk=587 total=587/6146 after=0.050061s
2026-08-31 05:54:11,282 DEBUG   echo chunk=576 total=1163/6146 after=0.100208s
2026-08-31 05:54:11,332 DEBUG   echo chunk=576 total=1739/6146 after=0.150369s
2026-08-31 05:54:11,382 DEBUG   echo chunk=512 total=2251/6146 after=0.200527s
2026-08-31 05:54:11,432 DEBUG   echo chunk=576 total=2827/6146 after=0.250687s
2026-08-31 05:54:11,483 DEBUG   echo chunk=576 total=3403/6146 after=0.300851s
2026-08-31 05:54:11,533 DEBUG   echo chunk=576 total=3979/6146 after=0.351049s
2026-08-31 05:54:11,583 DEBUG   echo chunk=576 total=4555/6146 after=0.401267s
2026-08-31 05:54:11,633 DEBUG   echo chunk=576 total=5131/6146 after=0.451477s
2026-08-31 05:54:11,683 DEBUG   echo chunk=576 total=5707/6146 after=0.501647s
2026-08-31 05:54:11,717 DEBUG   echo chunk=439 total=6146/6146 after=0.535549s
2026-08-31 05:54:11,734 DEBUG   device: b'@RESULT mode=tx sequence=29 size=6146 tail=2 tx=6146 status=PASS'
2026-08-31 05:54:11,734 INFO    section=tx-tail case=18/23 PASS size=6146 dma=6144 tail=2 elapsed=0.536s
2026-08-31 05:54:11,799 DEBUG   device: b'uart> \r\x1b[2Kuart> a\r\x1b[2Kuart> au\r\x1b[2Kuart> aut\r\x1b[2Kuart> auto\r\x1b[2Kuart> auto \r\x1b[2Kuart> auto t\r\x1b[2Kuart> auto tx\r\x1b[2Kuart> auto tx \r\x1b[2Kuart> auto tx 6\r\x1b[2Kuart> auto tx 61\r\x1b[2Kuart> auto tx 614\r\x1b[2Kuart> auto tx 6147\r\x1b[2Kuart> auto tx 6147 \r\x1b[2Kuart> auto tx 6147 3\r\x1b[2Kuart> auto tx 6147 30\r\x1b[2Kuart> auto tx 6147 30 \r\x1b[2Kuart> auto tx 6147 30 2\r\x1b[2Kuart> auto tx 6147 30 26\r\x1b[2Kuart> auto tx 6147 30 262\r\x1b[2Kuart> auto tx 6147 30 2629\r\x1b[2Kuart> auto tx 6147 30 26290\r\x1b[2Kuart> auto tx 6147 30 262908\r\x1b[2Kuart> auto tx 6147 30 2629081\r\x1b[2Kuart> auto tx 6147 30 26290816\r\x1b[2Kuart> auto tx 6147 30 262908163\r\x1b[2Kuart> auto tx 6147 30 2629081638'
2026-08-31 05:54:11,804 DEBUG   device: b'@READY mode=tx sequence=30 size=6147 dma=6144 tail=3'
2026-08-31 05:54:11,855 DEBUG   echo chunk=587 total=587/6147 after=0.050063s
2026-08-31 05:54:11,905 DEBUG   echo chunk=576 total=1163/6147 after=0.100251s
2026-08-31 05:54:11,955 DEBUG   echo chunk=576 total=1739/6147 after=0.150421s
2026-08-31 05:54:12,005 DEBUG   echo chunk=576 total=2315/6147 after=0.200570s
2026-08-31 05:54:12,055 DEBUG   echo chunk=512 total=2827/6147 after=0.250766s
2026-08-31 05:54:12,106 DEBUG   echo chunk=576 total=3403/6147 after=0.300958s
2026-08-31 05:54:12,156 DEBUG   echo chunk=576 total=3979/6147 after=0.351168s
2026-08-31 05:54:12,206 DEBUG   echo chunk=576 total=4555/6147 after=0.401416s
2026-08-31 05:54:12,256 DEBUG   echo chunk=576 total=5131/6147 after=0.451639s
2026-08-31 05:54:12,306 DEBUG   echo chunk=576 total=5707/6147 after=0.501860s
2026-08-31 05:54:12,340 DEBUG   echo chunk=440 total=6147/6147 after=0.535590s
2026-08-31 05:54:12,346 DEBUG   device: b'@RESULT mode=tx sequence=30 size=6147 tail=3 tx=6147 status=PASS'
2026-08-31 05:54:12,346 INFO    section=tx-tail case=19/23 PASS size=6147 dma=6144 tail=3 elapsed=0.536s
2026-08-31 05:54:12,411 DEBUG   device: b'uart> \r\x1b[2Kuart> a\r\x1b[2Kuart> au\r\x1b[2Kuart> aut\r\x1b[2Kuart> auto\r\x1b[2Kuart> auto \r\x1b[2Kuart> auto t\r\x1b[2Kuart> auto tx\r\x1b[2Kuart> auto tx \r\x1b[2Kuart> auto tx 6\r\x1b[2Kuart> auto tx 61\r\x1b[2Kuart> auto tx 614\r\x1b[2Kuart> auto tx 6148\r\x1b[2Kuart> auto tx 6148 \r\x1b[2Kuart> auto tx 6148 3\r\x1b[2Kuart> auto tx 6148 31\r\x1b[2Kuart> auto tx 6148 31 \r\x1b[2Kuart> auto tx 6148 31 9\r\x1b[2Kuart> auto tx 6148 31 98\r\x1b[2Kuart> auto tx 6148 31 988\r\x1b[2Kuart> auto tx 6148 31 9885\r\x1b[2Kuart> auto tx 6148 31 98855\r\x1b[2Kuart> auto tx 6148 31 988550\r\x1b[2Kuart> auto tx 6148 31 9885501\r\x1b[2Kuart> auto tx 6148 31 98855011\r\x1b[2Kuart> auto tx 6148 31 988550111'
2026-08-31 05:54:12,417 DEBUG   device: b'@READY mode=tx sequence=31 size=6148 dma=6144 tail=4'
2026-08-31 05:54:12,467 DEBUG   echo chunk=624 total=624/6148 after=0.050056s
2026-08-31 05:54:12,517 DEBUG   echo chunk=576 total=1200/6148 after=0.100251s
2026-08-31 05:54:12,567 DEBUG   echo chunk=512 total=1712/6148 after=0.150493s
2026-08-31 05:54:12,618 DEBUG   echo chunk=640 total=2352/6148 after=0.200820s
2026-08-31 05:54:12,668 DEBUG   echo chunk=576 total=2928/6148 after=0.251013s
2026-08-31 05:54:12,718 DEBUG   echo chunk=576 total=3504/6148 after=0.301207s
2026-08-31 05:54:12,768 DEBUG   echo chunk=512 total=4016/6148 after=0.351409s
2026-08-31 05:54:12,819 DEBUG   echo chunk=640 total=4656/6148 after=0.401612s
2026-08-31 05:54:12,869 DEBUG   echo chunk=512 total=5168/6148 after=0.451801s
2026-08-31 05:54:12,919 DEBUG   echo chunk=576 total=5744/6148 after=0.501992s
2026-08-31 05:54:12,953 DEBUG   echo chunk=404 total=6148/6148 after=0.535892s
2026-08-31 05:54:12,968 DEBUG   device: b'@RESULT mode=tx sequence=31 size=6148 tail=4 tx=6148 status=PASS'
2026-08-31 05:54:12,969 INFO    section=tx-tail case=20/23 PASS size=6148 dma=6144 tail=4 elapsed=0.536s
2026-08-31 05:54:13,034 DEBUG   device: b'uart> \r\x1b[2Kuart> a\r\x1b[2Kuart> au\r\x1b[2Kuart> aut\r\x1b[2Kuart> auto\r\x1b[2Kuart> auto \r\x1b[2Kuart> auto t\r\x1b[2Kuart> auto tx\r\x1b[2Kuart> auto tx \r\x1b[2Kuart> auto tx 6\r\x1b[2Kuart> auto tx 61\r\x1b[2Kuart> auto tx 614\r\x1b[2Kuart> auto tx 6149\r\x1b[2Kuart> auto tx 6149 \r\x1b[2Kuart> auto tx 6149 3\r\x1b[2Kuart> auto tx 6149 32\r\x1b[2Kuart> auto tx 6149 32 \r\x1b[2Kuart> auto tx 6149 32 3\r\x1b[2Kuart> auto tx 6149 32 36\r\x1b[2Kuart> auto tx 6149 32 364\r\x1b[2Kuart> auto tx 6149 32 3642\r\x1b[2Kuart> auto tx 6149 32 36429\r\x1b[2Kuart> auto tx 6149 32 364298\r\x1b[2Kuart> auto tx 6149 32 3642985\r\x1b[2Kuart> auto tx 6149 32 36429858\r\x1b[2Kuart> auto tx 6149 32 364298588\r\x1b[2Kuart> auto tx 6149 32 3642985880'
2026-08-31 05:54:13,039 DEBUG   device: b'@READY mode=tx sequence=32 size=6149 dma=6144 tail=5'
2026-08-31 05:54:13,089 DEBUG   echo chunk=587 total=587/6149 after=0.050063s
2026-08-31 05:54:13,140 DEBUG   echo chunk=576 total=1163/6149 after=0.100257s
2026-08-31 05:54:13,190 DEBUG   echo chunk=576 total=1739/6149 after=0.150453s
2026-08-31 05:54:13,240 DEBUG   echo chunk=576 total=2315/6149 after=0.200649s
2026-08-31 05:54:13,290 DEBUG   echo chunk=512 total=2827/6149 after=0.250848s
2026-08-31 05:54:13,340 DEBUG   echo chunk=640 total=3467/6149 after=0.301045s
2026-08-31 05:54:13,391 DEBUG   echo chunk=512 total=3979/6149 after=0.351221s
2026-08-31 05:54:13,441 DEBUG   echo chunk=576 total=4555/6149 after=0.401378s
2026-08-31 05:54:13,491 DEBUG   echo chunk=576 total=5131/6149 after=0.451548s
2026-08-31 05:54:13,541 DEBUG   echo chunk=576 total=5707/6149 after=0.501680s
2026-08-31 05:54:13,575 DEBUG   echo chunk=442 total=6149/6149 after=0.535589s
2026-08-31 05:54:13,581 DEBUG   device: b'@RESULT mode=tx sequence=32 size=6149 tail=5 tx=6149 status=PASS'
2026-08-31 05:54:13,581 INFO    section=tx-tail case=21/23 PASS size=6149 dma=6144 tail=5 elapsed=0.536s
2026-08-31 05:54:13,651 DEBUG   device: b'uart> \r\x1b[2Kuart> a\r\x1b[2Kuart> au\r\x1b[2Kuart> aut\r\x1b[2Kuart> auto\r\x1b[2Kuart> auto \r\x1b[2Kuart> auto t\r\x1b[2Kuart> auto tx\r\x1b[2Kuart> auto tx \r\x1b[2Kuart> auto tx 6\r\x1b[2Kuart> auto tx 61\r\x1b[2Kuart> auto tx 615\r\x1b[2Kuart> auto tx 6150\r\x1b[2Kuart> auto tx 6150 \r\x1b[2Kuart> auto tx 6150 3\r\x1b[2Kuart> auto tx 6150 33\r\x1b[2Kuart> auto tx 6150 33 \r\x1b[2Kuart> auto tx 6150 33 2\r\x1b[2Kuart> auto tx 6150 33 20\r\x1b[2Kuart> auto tx 6150 33 200\r\x1b[2Kuart> auto tx 6150 33 2002\r\x1b[2Kuart> auto tx 6150 33 20024\r\x1b[2Kuart> auto tx 6150 33 200245\r\x1b[2Kuart> auto tx 6150 33 2002454\r\x1b[2Kuart> auto tx 6150 33 20024543\r\x1b[2Kuart> auto tx 6150 33 200245435\r\x1b[2Kuart> auto tx 6150 33 2002454353'
2026-08-31 05:54:13,652 DEBUG   device: b'@READY mode=tx sequence=33 size=6150 dma=6144 tail=6'
2026-08-31 05:54:13,702 DEBUG   echo chunk=585 total=585/6150 after=0.050066s
2026-08-31 05:54:13,752 DEBUG   echo chunk=576 total=1161/6150 after=0.100232s
2026-08-31 05:54:13,802 DEBUG   echo chunk=576 total=1737/6150 after=0.150363s
2026-08-31 05:54:13,853 DEBUG   echo chunk=576 total=2313/6150 after=0.200492s
2026-08-31 05:54:13,903 DEBUG   echo chunk=576 total=2889/6150 after=0.250647s
2026-08-31 05:54:13,953 DEBUG   echo chunk=576 total=3465/6150 after=0.300803s
2026-08-31 05:54:14,003 DEBUG   echo chunk=512 total=3977/6150 after=0.350918s
2026-08-31 05:54:14,053 DEBUG   echo chunk=576 total=4553/6150 after=0.401100s
2026-08-31 05:54:14,103 DEBUG   echo chunk=576 total=5129/6150 after=0.451248s
2026-08-31 05:54:14,153 DEBUG   echo chunk=576 total=5705/6150 after=0.501389s
2026-08-31 05:54:14,187 DEBUG   echo chunk=445 total=6150/6150 after=0.535279s
2026-08-31 05:54:14,194 DEBUG   device: b'@RESULT mode=tx sequence=33 size=6150 tail=6 tx=6150 status=PASS'
2026-08-31 05:54:14,194 INFO    section=tx-tail case=22/23 PASS size=6150 dma=6144 tail=6 elapsed=0.535s
2026-08-31 05:54:14,262 DEBUG   device: b'uart> \r\x1b[2Kuart> a\r\x1b[2Kuart> au\r\x1b[2Kuart> aut\r\x1b[2Kuart> auto\r\x1b[2Kuart> auto \r\x1b[2Kuart> auto t\r\x1b[2Kuart> auto tx\r\x1b[2Kuart> auto tx \r\x1b[2Kuart> auto tx 6\r\x1b[2Kuart> auto tx 61\r\x1b[2Kuart> auto tx 615\r\x1b[2Kuart> auto tx 6151\r\x1b[2Kuart> auto tx 6151 \r\x1b[2Kuart> auto tx 6151 3\r\x1b[2Kuart> auto tx 6151 34\r\x1b[2Kuart> auto tx 6151 34 \r\x1b[2Kuart> auto tx 6151 34 3\r\x1b[2Kuart> auto tx 6151 34 36\r\x1b[2Kuart> auto tx 6151 34 361\r\x1b[2Kuart> auto tx 6151 34 3619\r\x1b[2Kuart> auto tx 6151 34 36192\r\x1b[2Kuart> auto tx 6151 34 361922\r\x1b[2Kuart> auto tx 6151 34 3619228\r\x1b[2Kuart> auto tx 6151 34 36192282\r\x1b[2Kuart> auto tx 6151 34 361922826'
2026-08-31 05:54:14,267 DEBUG   device: b'@READY mode=tx sequence=34 size=6151 dma=6144 tail=7'
2026-08-31 05:54:14,317 DEBUG   echo chunk=619 total=619/6151 after=0.050094s
2026-08-31 05:54:14,368 DEBUG   echo chunk=576 total=1195/6151 after=0.100379s
2026-08-31 05:54:14,418 DEBUG   echo chunk=576 total=1771/6151 after=0.150570s
2026-08-31 05:54:14,468 DEBUG   echo chunk=576 total=2347/6151 after=0.200835s
2026-08-31 05:54:14,518 DEBUG   echo chunk=576 total=2923/6151 after=0.251031s
2026-08-31 05:54:14,569 DEBUG   echo chunk=576 total=3499/6151 after=0.301228s
2026-08-31 05:54:14,619 DEBUG   echo chunk=576 total=4075/6151 after=0.351414s
2026-08-31 05:54:14,669 DEBUG   echo chunk=512 total=4587/6151 after=0.401612s
2026-08-31 05:54:14,719 DEBUG   echo chunk=576 total=5163/6151 after=0.451810s
2026-08-31 05:54:14,769 DEBUG   echo chunk=576 total=5739/6151 after=0.501980s
2026-08-31 05:54:14,803 DEBUG   echo chunk=412 total=6151/6151 after=0.535908s
2026-08-31 05:54:14,819 DEBUG   device: b'@RESULT mode=tx sequence=34 size=6151 tail=7 tx=6151 status=PASS'
2026-08-31 05:54:14,819 INFO    section=tx-tail case=23/23 PASS size=6151 dma=6144 tail=7 elapsed=0.536s
2026-08-31 05:54:14,820 INFO    SECTION name=tx-tail status=PASS passed=23 failed=0 elapsed=4.287s
2026-08-31 05:54:14,820 INFO    SECTION name=rx-tail status=BEGIN cases=23
2026-08-31 05:54:14,872 DEBUG   device: b'uart> \r\x1b[2Kuart> a\r\x1b[2Kuart> au\r\x1b[2Kuart> aut\r\x1b[2Kuart> auto\r\x1b[2Kuart> auto \r\x1b[2Kuart> auto r\r\x1b[2Kuart> auto rx\r\x1b[2Kuart> auto rx \r\x1b[2Kuart> auto rx 2\r\x1b[2Kuart> auto rx 2 \r\x1b[2Kuart> auto rx 2 3\r\x1b[2Kuart> auto rx 2 35\r\x1b[2Kuart> auto rx 2 35 \r\x1b[2Kuart> auto rx 2 35 3\r\x1b[2Kuart> auto rx 2 35 30\r\x1b[2Kuart> auto rx 2 35 301\r\x1b[2Kuart> auto rx 2 35 3016\r\x1b[2Kuart> auto rx 2 35 30163\r\x1b[2Kuart> auto rx 2 35 301635\r\x1b[2Kuart> auto rx 2 35 3016358\r\x1b[2Kuart> auto rx 2 35 30163585\r\x1b[2Kuart> auto rx 2 35 301635859\r\x1b[2Kuart> auto rx 2 35 3016358595'
2026-08-31 05:54:14,887 DEBUG   device: b'@READY mode=rx sequence=35 size=2 dma=0 tail=2'
2026-08-31 05:54:14,887 DEBUG   RX READY accepted; delaying 0.050s before packet TX
2026-08-31 05:54:14,938 DEBUG   RX packet submitted bytes=2 write_and_flush=0.000477s crc=0xFFFF
2026-08-31 05:54:14,960 DEBUG   device: b'@RESULT mode=rx sequence=35 size=2 dma=0 tail=2 rx=2 crc=PASS data=PASS status=PASS'
2026-08-31 05:54:14,961 INFO    section=rx-tail case=1/23 PASS size=2 dma=0 tail=2 elapsed=0.023s
2026-08-31 05:54:15,013 DEBUG   device: b'uart> \r\x1b[2Kuart> a\r\x1b[2Kuart> au\r\x1b[2Kuart> aut\r\x1b[2Kuart> auto\r\x1b[2Kuart> auto \r\x1b[2Kuart> auto r\r\x1b[2Kuart> auto rx\r\x1b[2Kuart> auto rx \r\x1b[2Kuart> auto rx 3\r\x1b[2Kuart> auto rx 3 \r\x1b[2Kuart> auto rx 3 3\r\x1b[2Kuart> auto rx 3 36\r\x1b[2Kuart> auto rx 3 36 \r\x1b[2Kuart> auto rx 3 36 1\r\x1b[2Kuart> auto rx 3 36 13\r\x1b[2Kuart> auto rx 3 36 137\r\x1b[2Kuart> auto rx 3 36 1375\r\x1b[2Kuart> auto rx 3 36 13758\r\x1b[2Kuart> auto rx 3 36 137582\r\x1b[2Kuart> auto rx 3 36 1375827\r\x1b[2Kuart> auto rx 3 36 13758270\r\x1b[2Kuart> auto rx 3 36 137582706\r\x1b[2Kuart> auto rx 3 36 1375827068'
2026-08-31 05:54:15,028 DEBUG   device: b'@READY mode=rx sequence=36 size=3 dma=0 tail=3'
2026-08-31 05:54:15,028 DEBUG   RX READY accepted; delaying 0.050s before packet TX
2026-08-31 05:54:15,079 DEBUG   RX packet submitted bytes=3 write_and_flush=0.000426s crc=0x0A6E
2026-08-31 05:54:15,101 DEBUG   device: b'@RESULT mode=rx sequence=36 size=3 dma=0 tail=3 rx=3 crc=PASS data=PASS status=PASS'
2026-08-31 05:54:15,102 INFO    section=rx-tail case=2/23 PASS size=3 dma=0 tail=3 elapsed=0.023s
2026-08-31 05:54:15,154 DEBUG   device: b'uart> \r\x1b[2Kuart> a\r\x1b[2Kuart> au\r\x1b[2Kuart> aut\r\x1b[2Kuart> auto\r\x1b[2Kuart> auto \r\x1b[2Kuart> auto r\r\x1b[2Kuart> auto rx\r\x1b[2Kuart> auto rx \r\x1b[2Kuart> auto rx 4\r\x1b[2Kuart> auto rx 4 \r\x1b[2Kuart> auto rx 4 3\r\x1b[2Kuart> auto rx 4 37\r\x1b[2Kuart> auto rx 4 37 \r\x1b[2Kuart> auto rx 4 37 4\r\x1b[2Kuart> auto rx 4 37 40\r\x1b[2Kuart> auto rx 4 37 403\r\x1b[2Kuart> auto rx 4 37 4030\r\x1b[2Kuart> auto rx 4 37 40302\r\x1b[2Kuart> auto rx 4 37 403026\r\x1b[2Kuart> auto rx 4 37 4030262\r\x1b[2Kuart> auto rx 4 37 40302628\r\x1b[2Kuart> auto rx 4 37 403026283\r\x1b[2Kuart> auto rx 4 37 4030262837'
2026-08-31 05:54:15,169 DEBUG   device: b'@READY mode=rx sequence=37 size=4 dma=0 tail=4'
2026-08-31 05:54:15,169 DEBUG   RX READY accepted; delaying 0.050s before packet TX
2026-08-31 05:54:15,220 DEBUG   RX packet submitted bytes=4 write_and_flush=0.000429s crc=0x4056
2026-08-31 05:54:15,242 DEBUG   device: b'@RESULT mode=rx sequence=37 size=4 dma=0 tail=4 rx=4 crc=PASS data=PASS status=PASS'
2026-08-31 05:54:15,243 INFO    section=rx-tail case=3/23 PASS size=4 dma=0 tail=4 elapsed=0.023s
2026-08-31 05:54:15,295 DEBUG   device: b'uart> \r\x1b[2Kuart> a\r\x1b[2Kuart> au\r\x1b[2Kuart> aut\r\x1b[2Kuart> auto\r\x1b[2Kuart> auto \r\x1b[2Kuart> auto r\r\x1b[2Kuart> auto rx\r\x1b[2Kuart> auto rx \r\x1b[2Kuart> auto rx 5\r\x1b[2Kuart> auto rx 5 \r\x1b[2Kuart> auto rx 5 3\r\x1b[2Kuart> auto rx 5 38\r\x1b[2Kuart> auto rx 5 38 \r\x1b[2Kuart> auto rx 5 38 2\r\x1b[2Kuart> auto rx 5 38 23\r\x1b[2Kuart> auto rx 5 38 238\r\x1b[2Kuart> auto rx 5 38 2389\r\x1b[2Kuart> auto rx 5 38 23897\r\x1b[2Kuart> auto rx 5 38 238973\r\x1b[2Kuart> auto rx 5 38 2389731\r\x1b[2Kuart> auto rx 5 38 23897313\r\x1b[2Kuart> auto rx 5 38 238973131\r\x1b[2Kuart> auto rx 5 38 2389731310'
2026-08-31 05:54:15,310 DEBUG   device: b'@READY mode=rx sequence=38 size=5 dma=0 tail=5'
2026-08-31 05:54:15,311 DEBUG   RX READY accepted; delaying 0.050s before packet TX
2026-08-31 05:54:15,363 DEBUG   RX packet submitted bytes=5 write_and_flush=0.002679s crc=0x9FCC
2026-08-31 05:54:15,383 DEBUG   device: b'@RESULT mode=rx sequence=38 size=5 dma=0 tail=5 rx=5 crc=PASS data=PASS status=PASS'
2026-08-31 05:54:15,383 INFO    section=rx-tail case=4/23 PASS size=5 dma=0 tail=5 elapsed=0.023s
2026-08-31 05:54:15,430 DEBUG   device: b'uart> \r\x1b[2Kuart> a\r\x1b[2Kuart> au\r\x1b[2Kuart> aut\r\x1b[2Kuart> auto\r\x1b[2Kuart> auto \r\x1b[2Kuart> auto r\r\x1b[2Kuart> auto rx\r\x1b[2Kuart> auto rx \r\x1b[2Kuart> auto rx 6\r\x1b[2Kuart> auto rx 6 \r\x1b[2Kuart> auto rx 6 3\r\x1b[2Kuart> auto rx 6 39\r\x1b[2Kuart> auto rx 6 39 \r\x1b[2Kuart> auto rx 6 39 7\r\x1b[2Kuart> auto rx 6 39 74\r\x1b[2Kuart> auto rx 6 39 749\r\x1b[2Kuart> auto rx 6 39 7491\r\x1b[2Kuart> auto rx 6 39 74919\r\x1b[2Kuart> auto rx 6 39 749199\r\x1b[2Kuart> auto rx 6 39 7491997\r\x1b[2Kuart> auto rx 6 39 74919978\r\x1b[2Kuart> auto rx 6 39 749199783'
2026-08-31 05:54:15,446 DEBUG   device: b'@READY mode=rx sequence=39 size=6 dma=0 tail=6'
2026-08-31 05:54:15,447 DEBUG   RX READY accepted; delaying 0.050s before packet TX
2026-08-31 05:54:15,499 DEBUG   RX packet submitted bytes=6 write_and_flush=0.002691s crc=0xA1C9
2026-08-31 05:54:15,519 DEBUG   device: b'@RESULT mode=rx sequence=39 size=6 dma=0 tail=6 rx=6 crc=PASS data=PASS status=PASS'
2026-08-31 05:54:15,519 INFO    section=rx-tail case=5/23 PASS size=6 dma=0 tail=6 elapsed=0.023s
2026-08-31 05:54:15,572 DEBUG   device: b'uart> \r\x1b[2Kuart> a\r\x1b[2Kuart> au\r\x1b[2Kuart> aut\r\x1b[2Kuart> auto\r\x1b[2Kuart> auto \r\x1b[2Kuart> auto r\r\x1b[2Kuart> auto rx\r\x1b[2Kuart> auto rx \r\x1b[2Kuart> auto rx 7\r\x1b[2Kuart> auto rx 7 \r\x1b[2Kuart> auto rx 7 4\r\x1b[2Kuart> auto rx 7 40\r\x1b[2Kuart> auto rx 7 40 \r\x1b[2Kuart> auto rx 7 40 3\r\x1b[2Kuart> auto rx 7 40 34\r\x1b[2Kuart> auto rx 7 40 340\r\x1b[2Kuart> auto rx 7 40 3403\r\x1b[2Kuart> auto rx 7 40 34036\r\x1b[2Kuart> auto rx 7 40 340363\r\x1b[2Kuart> auto rx 7 40 3403635\r\x1b[2Kuart> auto rx 7 40 34036355\r\x1b[2Kuart> auto rx 7 40 340363555\r\x1b[2Kuart> auto rx 7 40 3403635552'
2026-08-31 05:54:15,587 DEBUG   device: b'@READY mode=rx sequence=40 size=7 dma=0 tail=7'
2026-08-31 05:54:15,587 DEBUG   RX READY accepted; delaying 0.050s before packet TX
2026-08-31 05:54:15,639 DEBUG   RX packet submitted bytes=7 write_and_flush=0.001784s crc=0x52BC
2026-08-31 05:54:15,660 DEBUG   device: b'@RESULT mode=rx sequence=40 size=7 dma=0 tail=7 rx=7 crc=PASS data=PASS status=PASS'
2026-08-31 05:54:15,660 INFO    section=rx-tail case=6/23 PASS size=7 dma=0 tail=7 elapsed=0.023s
2026-08-31 05:54:15,713 DEBUG   device: b'uart> \r\x1b[2Kuart> a\r\x1b[2Kuart> au\r\x1b[2Kuart> aut\r\x1b[2Kuart> auto\r\x1b[2Kuart> auto \r\x1b[2Kuart> auto r\r\x1b[2Kuart> auto rx\r\x1b[2Kuart> auto rx \r\x1b[2Kuart> auto rx 8\r\x1b[2Kuart> auto rx 8 \r\x1b[2Kuart> auto rx 8 4\r\x1b[2Kuart> auto rx 8 41\r\x1b[2Kuart> auto rx 8 41 \r\x1b[2Kuart> auto rx 8 41 1\r\x1b[2Kuart> auto rx 8 41 17\r\x1b[2Kuart> auto rx 8 41 176\r\x1b[2Kuart> auto rx 8 41 1763\r\x1b[2Kuart> auto rx 8 41 17631\r\x1b[2Kuart> auto rx 8 41 176310\r\x1b[2Kuart> auto rx 8 41 1763104\r\x1b[2Kuart> auto rx 8 41 17631040\r\x1b[2Kuart> auto rx 8 41 176310402\r\x1b[2Kuart> auto rx 8 41 1763104025'
2026-08-31 05:54:15,728 DEBUG   device: b'@READY mode=rx sequence=41 size=8 dma=8 tail=0'
2026-08-31 05:54:15,728 DEBUG   RX READY accepted; delaying 0.050s before packet TX
2026-08-31 05:54:15,780 DEBUG   RX packet submitted bytes=8 write_and_flush=0.001887s crc=0xD9D1
2026-08-31 05:54:15,801 DEBUG   device: b'@RESULT mode=rx sequence=41 size=8 dma=8 tail=0 rx=8 crc=PASS data=PASS status=PASS'
2026-08-31 05:54:15,801 INFO    section=rx-tail case=7/23 PASS size=8 dma=8 tail=0 elapsed=0.023s
2026-08-31 05:54:15,848 DEBUG   device: b'uart> \r\x1b[2Kuart> a\r\x1b[2Kuart> au\r\x1b[2Kuart> aut\r\x1b[2Kuart> auto\r\x1b[2Kuart> auto \r\x1b[2Kuart> auto r\r\x1b[2Kuart> auto rx\r\x1b[2Kuart> auto rx \r\x1b[2Kuart> auto rx 9\r\x1b[2Kuart> auto rx 9 \r\x1b[2Kuart> auto rx 9 4\r\x1b[2Kuart> auto rx 9 42\r\x1b[2Kuart> auto rx 9 42 \r\x1b[2Kuart> auto rx 9 42 1\r\x1b[2Kuart> auto rx 9 42 12\r\x1b[2Kuart> auto rx 9 42 122\r\x1b[2Kuart> auto rx 9 42 1225\r\x1b[2Kuart> auto rx 9 42 12257\r\x1b[2Kuart> auto rx 9 42 122572\r\x1b[2Kuart> auto rx 9 42 1225724\r\x1b[2Kuart> auto rx 9 42 12257249\r\x1b[2Kuart> auto rx 9 42 122572498'
2026-08-31 05:54:15,863 DEBUG   device: b'@READY mode=rx sequence=42 size=9 dma=8 tail=1'
2026-08-31 05:54:15,864 DEBUG   RX READY accepted; delaying 0.050s before packet TX
2026-08-31 05:54:15,917 DEBUG   RX packet submitted bytes=9 write_and_flush=0.003718s crc=0x2064
2026-08-31 05:54:15,936 DEBUG   device: b'@RESULT mode=rx sequence=42 size=9 dma=8 tail=1 rx=9 crc=PASS data=PASS status=PASS'
2026-08-31 05:54:15,937 INFO    section=rx-tail case=8/23 PASS size=9 dma=8 tail=1 elapsed=0.023s
2026-08-31 05:54:15,989 DEBUG   device: b'uart> \r\x1b[2Kuart> a\r\x1b[2Kuart> au\r\x1b[2Kuart> aut\r\x1b[2Kuart> auto\r\x1b[2Kuart> auto \r\x1b[2Kuart> auto r\r\x1b[2Kuart> auto rx\r\x1b[2Kuart> auto rx \r\x1b[2Kuart> auto rx 1\r\x1b[2Kuart> auto rx 10\r\x1b[2Kuart> auto rx 10 \r\x1b[2Kuart> auto rx 10 4\r\x1b[2Kuart> auto rx 10 43\r\x1b[2Kuart> auto rx 10 43 \r\x1b[2Kuart> auto rx 10 43 2\r\x1b[2Kuart> auto rx 10 43 27\r\x1b[2Kuart> auto rx 10 43 277\r\x1b[2Kuart> auto rx 10 43 2777\r\x1b[2Kuart> auto rx 10 43 27770\r\x1b[2Kuart> auto rx 10 43 277700\r\x1b[2Kuart> auto rx 10 43 2777008\r\x1b[2Kuart> auto rx 10 43 27770082\r\x1b[2Kuart> auto rx 10 43 277700826\r\x1b[2Kuart> auto rx 10 43 2777008267'
2026-08-31 05:54:16,004 DEBUG   device: b'@READY mode=rx sequence=43 size=10 dma=8 tail=2'
2026-08-31 05:54:16,005 DEBUG   RX READY accepted; delaying 0.050s before packet TX
2026-08-31 05:54:16,057 DEBUG   RX packet submitted bytes=10 write_and_flush=0.002636s crc=0x2E18
2026-08-31 05:54:16,077 DEBUG   device: b'@RESULT mode=rx sequence=43 size=10 dma=8 tail=2 rx=10 crc=PASS data=PASS status=PASS'
2026-08-31 05:54:16,077 INFO    section=rx-tail case=9/23 PASS size=10 dma=8 tail=2 elapsed=0.023s
2026-08-31 05:54:16,130 DEBUG   device: b'uart> \r\x1b[2Kuart> a\r\x1b[2Kuart> au\r\x1b[2Kuart> aut\r\x1b[2Kuart> auto\r\x1b[2Kuart> auto \r\x1b[2Kuart> auto r\r\x1b[2Kuart> auto rx\r\x1b[2Kuart> auto rx \r\x1b[2Kuart> auto rx 1\r\x1b[2Kuart> auto rx 11\r\x1b[2Kuart> auto rx 11 \r\x1b[2Kuart> auto rx 11 4\r\x1b[2Kuart> auto rx 11 44\r\x1b[2Kuart> auto rx 11 44 \r\x1b[2Kuart> auto rx 11 44 1\r\x1b[2Kuart> auto rx 11 44 11\r\x1b[2Kuart> auto rx 11 44 113\r\x1b[2Kuart> auto rx 11 44 1136\r\x1b[2Kuart> auto rx 11 44 11364\r\x1b[2Kuart> auto rx 11 44 113647\r\x1b[2Kuart> auto rx 11 44 1136476\r\x1b[2Kuart> auto rx 11 44 11364767\r\x1b[2Kuart> auto rx 11 44 113647674\r\x1b[2Kuart> auto rx 11 44 1136476740'
2026-08-31 05:54:16,146 DEBUG   device: b'@READY mode=rx sequence=44 size=11 dma=8 tail=3'
2026-08-31 05:54:16,146 DEBUG   RX READY accepted; delaying 0.050s before packet TX
2026-08-31 05:54:16,198 DEBUG   RX packet submitted bytes=11 write_and_flush=0.002463s crc=0x0C4D
2026-08-31 05:54:16,219 DEBUG   device: b'@RESULT mode=rx sequence=44 size=11 dma=8 tail=3 rx=11 crc=PASS data=PASS status=PASS'
2026-08-31 05:54:16,219 INFO    section=rx-tail case=10/23 PASS size=11 dma=8 tail=3 elapsed=0.024s
2026-08-31 05:54:16,272 DEBUG   device: b'uart> \r\x1b[2Kuart> a\r\x1b[2Kuart> au\r\x1b[2Kuart> aut\r\x1b[2Kuart> auto\r\x1b[2Kuart> auto \r\x1b[2Kuart> auto r\r\x1b[2Kuart> auto rx\r\x1b[2Kuart> auto rx \r\x1b[2Kuart> auto rx 1\r\x1b[2Kuart> auto rx 12\r\x1b[2Kuart> auto rx 12 \r\x1b[2Kuart> auto rx 12 4\r\x1b[2Kuart> auto rx 12 45\r\x1b[2Kuart> auto rx 12 45 \r\x1b[2Kuart> auto rx 12 45 3\r\x1b[2Kuart> auto rx 12 45 37\r\x1b[2Kuart> auto rx 12 45 379\r\x1b[2Kuart> auto rx 12 45 3790\r\x1b[2Kuart> auto rx 12 45 37909\r\x1b[2Kuart> auto rx 12 45 379091\r\x1b[2Kuart> auto rx 12 45 3790912\r\x1b[2Kuart> auto rx 12 45 37909125\r\x1b[2Kuart> auto rx 12 45 379091250\r\x1b[2Kuart> auto rx 12 45 3790912509'
2026-08-31 05:54:16,287 DEBUG   device: b'@READY mode=rx sequence=45 size=12 dma=8 tail=4'
2026-08-31 05:54:16,288 DEBUG   RX READY accepted; delaying 0.050s before packet TX
2026-08-31 05:54:16,340 DEBUG   RX packet submitted bytes=12 write_and_flush=0.002605s crc=0x774C
2026-08-31 05:54:16,361 DEBUG   device: b'@RESULT mode=rx sequence=45 size=12 dma=8 tail=4 rx=12 crc=PASS data=PASS status=PASS'
2026-08-31 05:54:16,361 INFO    section=rx-tail case=11/23 PASS size=12 dma=8 tail=4 elapsed=0.024s
2026-08-31 05:54:16,414 DEBUG   device: b'uart> \r\x1b[2Kuart> a\r\x1b[2Kuart> au\r\x1b[2Kuart> aut\r\x1b[2Kuart> auto\r\x1b[2Kuart> auto \r\x1b[2Kuart> auto r\r\x1b[2Kuart> auto rx\r\x1b[2Kuart> auto rx \r\x1b[2Kuart> auto rx 1\r\x1b[2Kuart> auto rx 13\r\x1b[2Kuart> auto rx 13 \r\x1b[2Kuart> auto rx 13 4\r\x1b[2Kuart> auto rx 13 46\r\x1b[2Kuart> auto rx 13 46 \r\x1b[2Kuart> auto rx 13 46 2\r\x1b[2Kuart> auto rx 13 46 21\r\x1b[2Kuart> auto rx 13 46 215\r\x1b[2Kuart> auto rx 13 46 2150\r\x1b[2Kuart> auto rx 13 46 21503\r\x1b[2Kuart> auto rx 13 46 215038\r\x1b[2Kuart> auto rx 13 46 2150380\r\x1b[2Kuart> auto rx 13 46 21503809\r\x1b[2Kuart> auto rx 13 46 215038098\r\x1b[2Kuart> auto rx 13 46 2150380982'
2026-08-31 05:54:16,429 DEBUG   device: b'@READY mode=rx sequence=46 size=13 dma=8 tail=5'
2026-08-31 05:54:16,429 DEBUG   RX READY accepted; delaying 0.050s before packet TX
2026-08-31 05:54:16,482 DEBUG   RX packet submitted bytes=13 write_and_flush=0.002701s crc=0xB7F0
2026-08-31 05:54:16,503 DEBUG   device: b'@RESULT mode=rx sequence=46 size=13 dma=8 tail=5 rx=13 crc=PASS data=PASS status=PASS'
2026-08-31 05:54:16,503 INFO    section=rx-tail case=12/23 PASS size=13 dma=8 tail=5 elapsed=0.024s
2026-08-31 05:54:16,556 DEBUG   device: b'uart> \r\x1b[2Kuart> a\r\x1b[2Kuart> au\r\x1b[2Kuart> aut\r\x1b[2Kuart> auto\r\x1b[2Kuart> auto \r\x1b[2Kuart> auto r\r\x1b[2Kuart> auto rx\r\x1b[2Kuart> auto rx \r\x1b[2Kuart> auto rx 1\r\x1b[2Kuart> auto rx 14\r\x1b[2Kuart> auto rx 14 \r\x1b[2Kuart> auto rx 14 4\r\x1b[2Kuart> auto rx 14 47\r\x1b[2Kuart> auto rx 14 47 \r\x1b[2Kuart> auto rx 14 47 5\r\x1b[2Kuart> auto rx 14 47 50\r\x1b[2Kuart> auto rx 14 47 509\r\x1b[2Kuart> auto rx 14 47 5098\r\x1b[2Kuart> auto rx 14 47 50984\r\x1b[2Kuart> auto rx 14 47 509849\r\x1b[2Kuart> auto rx 14 47 5098494\r\x1b[2Kuart> auto rx 14 47 50984945\r\x1b[2Kuart> auto rx 14 47 509849455'
2026-08-31 05:54:16,571 DEBUG   device: b'@READY mode=rx sequence=47 size=14 dma=8 tail=6'
2026-08-31 05:54:16,571 DEBUG   RX READY accepted; delaying 0.050s before packet TX
2026-08-31 05:54:16,624 DEBUG   RX packet submitted bytes=14 write_and_flush=0.002878s crc=0xBE2C
2026-08-31 05:54:16,645 DEBUG   device: b'@RESULT mode=rx sequence=47 size=14 dma=8 tail=6 rx=14 crc=PASS data=PASS status=PASS'
2026-08-31 05:54:16,645 INFO    section=rx-tail case=13/23 PASS size=14 dma=8 tail=6 elapsed=0.024s
2026-08-31 05:54:16,698 DEBUG   device: b'uart> \r\x1b[2Kuart> a\r\x1b[2Kuart> au\r\x1b[2Kuart> aut\r\x1b[2Kuart> auto\r\x1b[2Kuart> auto \r\x1b[2Kuart> auto r\r\x1b[2Kuart> auto rx\r\x1b[2Kuart> auto rx \r\x1b[2Kuart> auto rx 1\r\x1b[2Kuart> auto rx 15\r\x1b[2Kuart> auto rx 15 \r\x1b[2Kuart> auto rx 15 4\r\x1b[2Kuart> auto rx 15 48\r\x1b[2Kuart> auto rx 15 48 \r\x1b[2Kuart> auto rx 15 48 3\r\x1b[2Kuart> auto rx 15 48 31\r\x1b[2Kuart> auto rx 15 48 316\r\x1b[2Kuart> auto rx 15 48 3164\r\x1b[2Kuart> auto rx 15 48 31642\r\x1b[2Kuart> auto rx 15 48 316428\r\x1b[2Kuart> auto rx 15 48 3164285\r\x1b[2Kuart> auto rx 15 48 31642852\r\x1b[2Kuart> auto rx 15 48 316428522\r\x1b[2Kuart> auto rx 15 48 3164285224'
2026-08-31 05:54:16,714 DEBUG   device: b'@READY mode=rx sequence=48 size=15 dma=8 tail=7'
2026-08-31 05:54:16,714 DEBUG   RX READY accepted; delaying 0.050s before packet TX
2026-08-31 05:54:16,766 DEBUG   RX packet submitted bytes=15 write_and_flush=0.002600s crc=0xAAD1
2026-08-31 05:54:16,787 DEBUG   device: b'@RESULT mode=rx sequence=48 size=15 dma=8 tail=7 rx=15 crc=PASS data=PASS status=PASS'
2026-08-31 05:54:16,787 INFO    section=rx-tail case=14/23 PASS size=15 dma=8 tail=7 elapsed=0.024s
2026-08-31 05:54:16,840 DEBUG   device: b'uart> \r\x1b[2Kuart> a\r\x1b[2Kuart> au\r\x1b[2Kuart> aut\r\x1b[2Kuart> auto\r\x1b[2Kuart> auto \r\x1b[2Kuart> auto r\r\x1b[2Kuart> auto rx\r\x1b[2Kuart> auto rx \r\x1b[2Kuart> auto rx 1\r\x1b[2Kuart> auto rx 16\r\x1b[2Kuart> auto rx 16 \r\x1b[2Kuart> auto rx 16 4\r\x1b[2Kuart> auto rx 16 49\r\x1b[2Kuart> auto rx 16 49 \r\x1b[2Kuart> auto rx 16 49 1\r\x1b[2Kuart> auto rx 16 49 15\r\x1b[2Kuart> auto rx 16 49 152\r\x1b[2Kuart> auto rx 16 49 1523\r\x1b[2Kuart> auto rx 16 49 15237\r\x1b[2Kuart> auto rx 16 49 152375\r\x1b[2Kuart> auto rx 16 49 1523753\r\x1b[2Kuart> auto rx 16 49 15237536\r\x1b[2Kuart> auto rx 16 49 152375369\r\x1b[2Kuart> auto rx 16 49 1523753697'
2026-08-31 05:54:16,855 DEBUG   device: b'@READY mode=rx sequence=49 size=16 dma=16 tail=0'
2026-08-31 05:54:16,856 DEBUG   RX READY accepted; delaying 0.050s before packet TX
2026-08-31 05:54:16,908 DEBUG   RX packet submitted bytes=16 write_and_flush=0.002670s crc=0x2F87
2026-08-31 05:54:16,929 DEBUG   device: b'@RESULT mode=rx sequence=49 size=16 dma=16 tail=0 rx=16 crc=PASS data=PASS status=PASS'
2026-08-31 05:54:16,929 INFO    section=rx-tail case=15/23 PASS size=16 dma=16 tail=0 elapsed=0.024s
2026-08-31 05:54:16,992 DEBUG   device: b'uart> \r\x1b[2Kuart> a\r\x1b[2Kuart> au\r\x1b[2Kuart> aut\r\x1b[2Kuart> auto\r\x1b[2Kuart> auto \r\x1b[2Kuart> auto r\r\x1b[2Kuart> auto rx\r\x1b[2Kuart> auto rx \r\x1b[2Kuart> auto rx 6\r\x1b[2Kuart> auto rx 61\r\x1b[2Kuart> auto rx 614\r\x1b[2Kuart> auto rx 6144\r\x1b[2Kuart> auto rx 6144 \r\x1b[2Kuart> auto rx 6144 5\r\x1b[2Kuart> auto rx 6144 50\r\x1b[2Kuart> auto rx 6144 50 \r\x1b[2Kuart> auto rx 6144 50 4\r\x1b[2Kuart> auto rx 6144 50 41\r\x1b[2Kuart> auto rx 6144 50 417\r\x1b[2Kuart> auto rx 6144 50 4178\r\x1b[2Kuart> auto rx 6144 50 41781\r\x1b[2Kuart> auto rx 6144 50 417818\r\x1b[2Kuart> auto rx 6144 50 4178189\r\x1b[2Kuart> auto rx 6144 50 41781894\r\x1b[2Kuart> auto rx 6144 50 417818946\r\x1b[2Kuart> auto rx 6144 50 4178189466'
2026-08-31 05:54:17,008 DEBUG   device: b'@READY mode=rx sequence=50 size=6144 dma=6144 tail=0'
2026-08-31 05:54:17,008 DEBUG   RX READY accepted; delaying 0.050s before packet TX
2026-08-31 05:54:17,592 DEBUG   RX packet submitted bytes=6144 write_and_flush=0.534549s crc=0xEA49
2026-08-31 05:54:17,615 DEBUG   device: b'@RESULT mode=rx sequence=50 size=6144 dma=6144 tail=0 rx=6144 crc=PASS data=PASS status=PASS'
2026-08-31 05:54:17,616 INFO    section=rx-tail case=16/23 PASS size=6144 dma=6144 tail=0 elapsed=0.558s
2026-08-31 05:54:17,679 DEBUG   device: b'uart> \r\x1b[2Kuart> a\r\x1b[2Kuart> au\r\x1b[2Kuart> aut\r\x1b[2Kuart> auto\r\x1b[2Kuart> auto \r\x1b[2Kuart> auto r\r\x1b[2Kuart> auto rx\r\x1b[2Kuart> auto rx \r\x1b[2Kuart> auto rx 6\r\x1b[2Kuart> auto rx 61\r\x1b[2Kuart> auto rx 614\r\x1b[2Kuart> auto rx 6145\r\x1b[2Kuart> auto rx 6145 \r\x1b[2Kuart> auto rx 6145 5\r\x1b[2Kuart> auto rx 6145 51\r\x1b[2Kuart> auto rx 6145 51 \r\x1b[2Kuart> auto rx 6145 51 2\r\x1b[2Kuart> auto rx 6145 51 25\r\x1b[2Kuart> auto rx 6145 51 253\r\x1b[2Kuart> auto rx 6145 51 2537\r\x1b[2Kuart> auto rx 6145 51 25376\r\x1b[2Kuart> auto rx 6145 51 253765\r\x1b[2Kuart> auto rx 6145 51 2537657\r\x1b[2Kuart> auto rx 6145 51 25376579\r\x1b[2Kuart> auto rx 6145 51 253765793\r\x1b[2Kuart> auto rx 6145 51 2537657939'
2026-08-31 05:54:17,694 DEBUG   device: b'@READY mode=rx sequence=51 size=6145 dma=6144 tail=1'
2026-08-31 05:54:17,695 DEBUG   RX READY accepted; delaying 0.050s before packet TX
2026-08-31 05:54:18,280 DEBUG   RX packet submitted bytes=6145 write_and_flush=0.535672s crc=0xB573
2026-08-31 05:54:18,302 DEBUG   device: b'@RESULT mode=rx sequence=51 size=6145 dma=6144 tail=1 rx=6145 crc=PASS data=PASS status=PASS'
2026-08-31 05:54:18,302 INFO    section=rx-tail case=17/23 PASS size=6145 dma=6144 tail=1 elapsed=0.558s
2026-08-31 05:54:18,367 DEBUG   device: b'uart> \r\x1b[2Kuart> a\r\x1b[2Kuart> au\r\x1b[2Kuart> aut\r\x1b[2Kuart> auto\r\x1b[2Kuart> auto \r\x1b[2Kuart> auto r\r\x1b[2Kuart> auto rx\r\x1b[2Kuart> auto rx \r\x1b[2Kuart> auto rx 6\r\x1b[2Kuart> auto rx 61\r\x1b[2Kuart> auto rx 614\r\x1b[2Kuart> auto rx 6146\r\x1b[2Kuart> auto rx 6146 \r\x1b[2Kuart> auto rx 6146 5\r\x1b[2Kuart> auto rx 6146 52\r\x1b[2Kuart> auto rx 6146 52 \r\x1b[2Kuart> auto rx 6146 52 8\r\x1b[2Kuart> auto rx 6146 52 89\r\x1b[2Kuart> auto rx 6146 52 897\r\x1b[2Kuart> auto rx 6146 52 8971\r\x1b[2Kuart> auto rx 6146 52 89712\r\x1b[2Kuart> auto rx 6146 52 897126\r\x1b[2Kuart> auto rx 6146 52 8971264\r\x1b[2Kuart> auto rx 6146 52 89712641\r\x1b[2Kuart> auto rx 6146 52 897126412'
2026-08-31 05:54:18,382 DEBUG   device: b'@READY mode=rx sequence=52 size=6146 dma=6144 tail=2'
2026-08-31 05:54:18,382 DEBUG   RX READY accepted; delaying 0.050s before packet TX
2026-08-31 05:54:18,968 DEBUG   RX packet submitted bytes=6146 write_and_flush=0.535929s crc=0x7A07
2026-08-31 05:54:18,990 DEBUG   device: b'@RESULT mode=rx sequence=52 size=6146 dma=6144 tail=2 rx=6146 crc=PASS data=PASS status=PASS'
2026-08-31 05:54:18,990 INFO    section=rx-tail case=18/23 PASS size=6146 dma=6144 tail=2 elapsed=0.558s
2026-08-31 05:54:19,053 DEBUG   device: b'uart> \r\x1b[2Kuart> a\r\x1b[2Kuart> au\r\x1b[2Kuart> aut\r\x1b[2Kuart> auto\r\x1b[2Kuart> auto \r\x1b[2Kuart> auto r\r\x1b[2Kuart> auto rx\r\x1b[2Kuart> auto rx \r\x1b[2Kuart> auto rx 6\r\x1b[2Kuart> auto rx 61\r\x1b[2Kuart> auto rx 614\r\x1b[2Kuart> auto rx 6147\r\x1b[2Kuart> auto rx 6147 \r\x1b[2Kuart> auto rx 6147 5\r\x1b[2Kuart> auto rx 6147 53\r\x1b[2Kuart> auto rx 6147 53 \r\x1b[2Kuart> auto rx 6147 53 3\r\x1b[2Kuart> auto rx 6147 53 35\r\x1b[2Kuart> auto rx 6147 53 355\r\x1b[2Kuart> auto rx 6147 53 3551\r\x1b[2Kuart> auto rx 6147 53 35515\r\x1b[2Kuart> auto rx 6147 53 355156\r\x1b[2Kuart> auto rx 6147 53 3551562\r\x1b[2Kuart> auto rx 6147 53 35515621\r\x1b[2Kuart> auto rx 6147 53 355156218\r\x1b[2Kuart> auto rx 6147 53 3551562181'
2026-08-31 05:54:19,069 DEBUG   device: b'@READY mode=rx sequence=53 size=6147 dma=6144 tail=3'
2026-08-31 05:54:19,069 DEBUG   RX READY accepted; delaying 0.050s before packet TX
2026-08-31 05:54:19,654 DEBUG   RX packet submitted bytes=6147 write_and_flush=0.535606s crc=0xDB1E
2026-08-31 05:54:19,677 DEBUG   device: b'@RESULT mode=rx sequence=53 size=6147 dma=6144 tail=3 rx=6147 crc=PASS data=PASS status=PASS'
2026-08-31 05:54:19,677 INFO    section=rx-tail case=19/23 PASS size=6147 dma=6144 tail=3 elapsed=0.559s
2026-08-31 05:54:19,741 DEBUG   device: b'uart> \r\x1b[2Kuart> a\r\x1b[2Kuart> au\r\x1b[2Kuart> aut\r\x1b[2Kuart> auto\r\x1b[2Kuart> auto \r\x1b[2Kuart> auto r\r\x1b[2Kuart> auto rx\r\x1b[2Kuart> auto rx \r\x1b[2Kuart> auto rx 6\r\x1b[2Kuart> auto rx 61\r\x1b[2Kuart> auto rx 614\r\x1b[2Kuart> auto rx 6148\r\x1b[2Kuart> auto rx 6148 \r\x1b[2Kuart> auto rx 6148 5\r\x1b[2Kuart> auto rx 6148 54\r\x1b[2Kuart> auto rx 6148 54 \r\x1b[2Kuart> auto rx 6148 54 1\r\x1b[2Kuart> auto rx 6148 54 19\r\x1b[2Kuart> auto rx 6148 54 191\r\x1b[2Kuart> auto rx 6148 54 1911\r\x1b[2Kuart> auto rx 6148 54 19110\r\x1b[2Kuart> auto rx 6148 54 191103\r\x1b[2Kuart> auto rx 6148 54 1911030\r\x1b[2Kuart> auto rx 6148 54 19110306\r\x1b[2Kuart> auto rx 6148 54 191103065\r\x1b[2Kuart> auto rx 6148 54 1911030654'
2026-08-31 05:54:19,757 DEBUG   device: b'@READY mode=rx sequence=54 size=6148 dma=6144 tail=4'
2026-08-31 05:54:19,757 DEBUG   RX READY accepted; delaying 0.050s before packet TX
2026-08-31 05:54:20,342 DEBUG   RX packet submitted bytes=6148 write_and_flush=0.535687s crc=0xFD11
2026-08-31 05:54:20,366 DEBUG   device: b'@RESULT mode=rx sequence=54 size=6148 dma=6144 tail=4 rx=6148 crc=PASS data=PASS status=PASS'
2026-08-31 05:54:20,366 INFO    section=rx-tail case=20/23 PASS size=6148 dma=6144 tail=4 elapsed=0.560s
2026-08-31 05:54:20,429 DEBUG   device: b'uart> \r\x1b[2Kuart> a\r\x1b[2Kuart> au\r\x1b[2Kuart> aut\r\x1b[2Kuart> auto\r\x1b[2Kuart> auto \r\x1b[2Kuart> auto r\r\x1b[2Kuart> auto rx\r\x1b[2Kuart> auto rx \r\x1b[2Kuart> auto rx 6\r\x1b[2Kuart> auto rx 61\r\x1b[2Kuart> auto rx 614\r\x1b[2Kuart> auto rx 6149\r\x1b[2Kuart> auto rx 6149 \r\x1b[2Kuart> auto rx 6149 5\r\x1b[2Kuart> auto rx 6149 55\r\x1b[2Kuart> auto rx 6149 55 \r\x1b[2Kuart> auto rx 6149 55 2\r\x1b[2Kuart> auto rx 6149 55 27\r\x1b[2Kuart> auto rx 6149 55 270\r\x1b[2Kuart> auto rx 6149 55 2704\r\x1b[2Kuart> auto rx 6149 55 27049\r\x1b[2Kuart> auto rx 6149 55 270499\r\x1b[2Kuart> auto rx 6149 55 2704991\r\x1b[2Kuart> auto rx 6149 55 27049912\r\x1b[2Kuart> auto rx 6149 55 270499127'
2026-08-31 05:54:20,445 DEBUG   device: b'@READY mode=rx sequence=55 size=6149 dma=6144 tail=5'
2026-08-31 05:54:20,445 DEBUG   RX READY accepted; delaying 0.050s before packet TX
2026-08-31 05:54:21,032 DEBUG   RX packet submitted bytes=6149 write_and_flush=0.536924s crc=0xA2E7
2026-08-31 05:54:21,055 DEBUG   device: b'@RESULT mode=rx sequence=55 size=6149 dma=6144 tail=5 rx=6149 crc=PASS data=PASS status=PASS'
2026-08-31 05:54:21,055 INFO    section=rx-tail case=21/23 PASS size=6149 dma=6144 tail=5 elapsed=0.560s
2026-08-31 05:54:21,118 DEBUG   device: b'uart> \r\x1b[2Kuart> a\r\x1b[2Kuart> au\r\x1b[2Kuart> aut\r\x1b[2Kuart> auto\r\x1b[2Kuart> auto \r\x1b[2Kuart> auto r\r\x1b[2Kuart> auto rx\r\x1b[2Kuart> auto rx \r\x1b[2Kuart> auto rx 6\r\x1b[2Kuart> auto rx 61\r\x1b[2Kuart> auto rx 615\r\x1b[2Kuart> auto rx 6150\r\x1b[2Kuart> auto rx 6150 \r\x1b[2Kuart> auto rx 6150 5\r\x1b[2Kuart> auto rx 6150 56\r\x1b[2Kuart> auto rx 6150 56 \r\x1b[2Kuart> auto rx 6150 56 2\r\x1b[2Kuart> auto rx 6150 56 29\r\x1b[2Kuart> auto rx 6150 56 292\r\x1b[2Kuart> auto rx 6150 56 2924\r\x1b[2Kuart> auto rx 6150 56 29249\r\x1b[2Kuart> auto rx 6150 56 292493\r\x1b[2Kuart> auto rx 6150 56 2924934\r\x1b[2Kuart> auto rx 6150 56 29249348\r\x1b[2Kuart> auto rx 6150 56 292493489\r\x1b[2Kuart> auto rx 6150 56 2924934896'
2026-08-31 05:54:21,134 DEBUG   device: b'@READY mode=rx sequence=56 size=6150 dma=6144 tail=6'
2026-08-31 05:54:21,134 DEBUG   RX READY accepted; delaying 0.050s before packet TX
2026-08-31 05:54:21,721 DEBUG   RX packet submitted bytes=6150 write_and_flush=0.536746s crc=0x5E93
2026-08-31 05:54:21,744 DEBUG   device: b'@RESULT mode=rx sequence=56 size=6150 dma=6144 tail=6 rx=6150 crc=PASS data=PASS status=PASS'
2026-08-31 05:54:21,744 INFO    section=rx-tail case=22/23 PASS size=6150 dma=6144 tail=6 elapsed=0.560s
2026-08-31 05:54:21,807 DEBUG   device: b'uart> \r\x1b[2Kuart> a\r\x1b[2Kuart> au\r\x1b[2Kuart> aut\r\x1b[2Kuart> auto\r\x1b[2Kuart> auto \r\x1b[2Kuart> auto r\r\x1b[2Kuart> auto rx\r\x1b[2Kuart> auto rx \r\x1b[2Kuart> auto rx 6\r\x1b[2Kuart> auto rx 61\r\x1b[2Kuart> auto rx 615\r\x1b[2Kuart> auto rx 6151\r\x1b[2Kuart> auto rx 6151 \r\x1b[2Kuart> auto rx 6151 5\r\x1b[2Kuart> auto rx 6151 57\r\x1b[2Kuart> auto rx 6151 57 \r\x1b[2Kuart> auto rx 6151 57 1\r\x1b[2Kuart> auto rx 6151 57 12\r\x1b[2Kuart> auto rx 6151 57 128\r\x1b[2Kuart> auto rx 6151 57 1284\r\x1b[2Kuart> auto rx 6151 57 12844\r\x1b[2Kuart> auto rx 6151 57 128440\r\x1b[2Kuart> auto rx 6151 57 1284403\r\x1b[2Kuart> auto rx 6151 57 12844033\r\x1b[2Kuart> auto rx 6151 57 128440336\r\x1b[2Kuart> auto rx 6151 57 1284403369'
2026-08-31 05:54:21,823 DEBUG   device: b'@READY mode=rx sequence=57 size=6151 dma=6144 tail=7'
2026-08-31 05:54:21,823 DEBUG   RX READY accepted; delaying 0.050s before packet TX
2026-08-31 05:54:22,409 DEBUG   RX packet submitted bytes=6151 write_and_flush=0.535728s crc=0x293C
2026-08-31 05:54:22,433 DEBUG   device: b'@RESULT mode=rx sequence=57 size=6151 dma=6144 tail=7 rx=6151 crc=PASS data=PASS status=PASS'
2026-08-31 05:54:22,433 INFO    section=rx-tail case=23/23 PASS size=6151 dma=6144 tail=7 elapsed=0.560s
2026-08-31 05:54:22,433 INFO    SECTION name=rx-tail status=PASS passed=23 failed=0 elapsed=4.821s
2026-08-31 05:54:22,434 INFO    SUITE status=PASS passed=58 failed=0 full_profile=SKIPPED
2026-08-31 05:54:22,434 INFO    BAUD_RATE status=PASS rate=1/6 index=11 baud=115200 passed=58 failed=0 elapsed=21.048s
2026-08-31 05:54:22,457 DEBUG   device: b'uart> \r\x1b[2Kuart> a\r\x1b[2Kuart> au\r\x1b[2Kuart> aut\r\x1b[2Kuart> auto\r\x1b[2Kuart> auto \r\x1b[2Kuart> auto b\r\x1b[2Kuart> auto ba\r\x1b[2Kuart> auto bau\r\x1b[2Kuart> auto baud\r\x1b[2Kuart> auto baud \r\x1b[2Kuart> auto baud 1\r\x1b[2Kuart> auto baud 11'
2026-08-31 05:54:22,473 DEBUG   device: b'@BAUD READY old_index=11 old=115200 new_index=11 new=115200'
2026-08-31 05:54:22,489 DEBUG   device: b'@BAUD ACTIVE index=11 baud=115200 mode=16x'
2026-08-31 05:54:22,489 INFO    BAUD_SWITCH status=PASS old_index=11 old=115200 new_index=11 new=115200
2026-08-31 05:54:22,495 INFO    BAUD_RATE status=BEGIN rate=2/6 index=12 baud=230400 timeout=30.0s
2026-08-31 05:54:22,518 DEBUG   device: b'uart> \r\x1b[2Kuart> a\r\x1b[2Kuart> au\r\x1b[2Kuart> aut\r\x1b[2Kuart> auto\r\x1b[2Kuart> auto \r\x1b[2Kuart> auto b\r\x1b[2Kuart> auto ba\r\x1b[2Kuart> auto bau\r\x1b[2Kuart> auto baud\r\x1b[2Kuart> auto baud \r\x1b[2Kuart> auto baud 1\r\x1b[2Kuart> auto baud 12'
2026-08-31 05:54:22,534 DEBUG   device: b'@BAUD READY old_index=11 old=115200 new_index=12 new=230400'
2026-08-31 05:54:22,550 DEBUG   device: b'@BAUD ACTIVE index=12 baud=230400 mode=16x'
2026-08-31 05:54:22,550 INFO    BAUD_SWITCH status=PASS old_index=11 old=115200 new_index=12 new=230400
2026-08-31 05:54:22,551 INFO    SUITE status=BEGIN cases=58 full_profile=SKIPPED
2026-08-31 05:54:22,551 INFO    SECTION name=smoke status=BEGIN cases=1 payload=256
2026-08-31 05:54:22,578 DEBUG   device: b'uart> \r\x1b[2Kuart> a\r\x1b[2Kuart> au\r\x1b[2Kuart> aut\r\x1b[2Kuart> auto\r\x1b[2Kuart> auto \r\x1b[2Kuart> auto d\r\x1b[2Kuart> auto dm\r\x1b[2Kuart> auto dma\r\x1b[2Kuart> auto dma \r\x1b[2Kuart> auto dma 2\r\x1b[2Kuart> auto dma 25\r\x1b[2Kuart> auto dma 256\r\x1b[2Kuart> auto dma 256 \r\x1b[2Kuart> auto dma 256 0\r\x1b[2Kuart> auto dma 256 0 \r\x1b[2Kuart> auto dma 256 0 3\r\x1b[2Kuart> auto dma 256 0 30\r\x1b[2Kuart> auto dma 256 0 305\r\x1b[2Kuart> auto dma 256 0 3054\r\x1b[2Kuart> auto dma 256 0 30541\r\x1b[2Kuart> auto dma 256 0 305419\r\x1b[2Kuart> auto dma 256 0 3054198\r\x1b[2Kuart> auto dma 256 0 30541989\r\x1b[2Kuart> auto dma 256 0 305419896'
2026-08-31 05:54:22,594 DEBUG   device: b'@READY mode=dma sequence=0 frame=280 payload=256'
2026-08-31 05:54:22,594 DEBUG   READY accepted; delaying 0.050s before frame TX
2026-08-31 05:54:22,658 DEBUG   frame TX submitted bytes=280/280 write_and_flush=0.013799s crc=0xEA60
2026-08-31 05:54:22,672 DEBUG   echo chunk=280 total=280/280 after=0.013300s
2026-08-31 05:54:22,687 DEBUG   device: b'@RESULT mode=dma sequence=0 rx=280 tx=280 crc=PASS data=PASS status=PASS'
2026-08-31 05:54:22,687 INFO    section=smoke cycle=1/1 PASS frame_payload=256 elapsed=0.027s roundtrip=18.4 KiB/s
2026-08-31 05:54:22,687 INFO    SECTION name=smoke status=PASS passed=1 failed=0 elapsed=0.027s
2026-08-31 05:54:22,687 INFO    SECTION name=large-6144 status=BEGIN cases=1 payload=6144
2026-08-31 05:54:22,723 DEBUG   device: b'uart> \r\x1b[2Kuart> a\r\x1b[2Kuart> au\r\x1b[2Kuart> aut\r\x1b[2Kuart> auto\r\x1b[2Kuart> auto \r\x1b[2Kuart> auto d\r\x1b[2Kuart> auto dm\r\x1b[2Kuart> auto dma\r\x1b[2Kuart> auto dma \r\x1b[2Kuart> auto dma 6\r\x1b[2Kuart> auto dma 61\r\x1b[2Kuart> auto dma 614\r\x1b[2Kuart> auto dma 6144\r\x1b[2Kuart> auto dma 6144 \r\x1b[2Kuart> auto dma 6144 1\r\x1b[2Kuart> auto dma 6144 1 \r\x1b[2Kuart> auto dma 6144 1 2\r\x1b[2Kuart> auto dma 6144 1 29\r\x1b[2Kuart> auto dma 6144 1 295\r\x1b[2Kuart> auto dma 6144 1 2959\r\x1b[2Kuart> auto dma 6144 1 29598\r\x1b[2Kuart> auto dma 6144 1 295985\r\x1b[2Kuart> auto dma 6144 1 2959855\r\x1b[2Kuart> auto dma 6144 1 29598556\r\x1b[2Kuart> auto dma 6144 1 295985566\r\x1b[2Kuart> auto dma 6144 1 2959855665'
2026-08-31 05:54:22,738 DEBUG   device: b'@READY mode=dma sequence=1 frame=6168 payload=6144'
2026-08-31 05:54:22,738 DEBUG   READY accepted; delaying 0.050s before frame TX
2026-08-31 05:54:23,057 DEBUG   frame TX submitted bytes=6168/6168 write_and_flush=0.268750s crc=0x6BA3
2026-08-31 05:54:23,108 DEBUG   echo chunk=1089 total=1089/6168 after=0.050066s
2026-08-31 05:54:23,158 DEBUG   echo chunk=1152 total=2241/6168 after=0.100243s
2026-08-31 05:54:23,208 DEBUG   echo chunk=1152 total=3393/6168 after=0.150378s
2026-08-31 05:54:23,258 DEBUG   echo chunk=1152 total=4545/6168 after=0.200511s
2026-08-31 05:54:23,308 DEBUG   echo chunk=1152 total=5697/6168 after=0.250665s
2026-08-31 05:54:23,331 DEBUG   echo chunk=471 total=6168/6168 after=0.273110s
2026-08-31 05:54:23,346 DEBUG   device: b'@RESULT mode=dma sequence=1 rx=6168 tx=6168 crc=PASS data=PASS status=PASS'
2026-08-31 05:54:23,346 INFO    section=large-6144 cycle=1/1 PASS frame_payload=6144 elapsed=0.542s roundtrip=22.1 KiB/s
2026-08-31 05:54:23,346 INFO    SECTION name=large-6144 status=PASS passed=1 failed=0 elapsed=0.542s
2026-08-31 05:54:23,346 INFO    SECTION name=stress status=BEGIN cases=10 payload=6144
2026-08-31 05:54:23,381 DEBUG   device: b'uart> \r\x1b[2Kuart> a\r\x1b[2Kuart> au\r\x1b[2Kuart> aut\r\x1b[2Kuart> auto\r\x1b[2Kuart> auto \r\x1b[2Kuart> auto d\r\x1b[2Kuart> auto dm\r\x1b[2Kuart> auto dma\r\x1b[2Kuart> auto dma \r\x1b[2Kuart> auto dma 6\r\x1b[2Kuart> auto dma 61\r\x1b[2Kuart> auto dma 614\r\x1b[2Kuart> auto dma 6144\r\x1b[2Kuart> auto dma 6144 \r\x1b[2Kuart> auto dma 6144 2\r\x1b[2Kuart> auto dma 6144 2 \r\x1b[2Kuart> auto dma 6144 2 1\r\x1b[2Kuart> auto dma 6144 2 13\r\x1b[2Kuart> auto dma 6144 2 131\r\x1b[2Kuart> auto dma 6144 2 1319\r\x1b[2Kuart> auto dma 6144 2 13193\r\x1b[2Kuart> auto dma 6144 2 131932\r\x1b[2Kuart> auto dma 6144 2 1319324\r\x1b[2Kuart> auto dma 6144 2 13193241\r\x1b[2Kuart> auto dma 6144 2 131932413\r\x1b[2Kuart> auto dma 6144 2 1319324138'
2026-08-31 05:54:23,397 DEBUG   device: b'@READY mode=dma sequence=2 frame=6168 payload=6144'
2026-08-31 05:54:23,397 DEBUG   READY accepted; delaying 0.050s before frame TX
2026-08-31 05:54:23,717 DEBUG   frame TX submitted bytes=6168/6168 write_and_flush=0.269707s crc=0x331D
2026-08-31 05:54:23,767 DEBUG   echo chunk=1089 total=1089/6168 after=0.050068s
2026-08-31 05:54:23,818 DEBUG   echo chunk=1152 total=2241/6168 after=0.100208s
2026-08-31 05:54:23,868 DEBUG   echo chunk=1152 total=3393/6168 after=0.150349s
2026-08-31 05:54:23,918 DEBUG   echo chunk=1152 total=4545/6168 after=0.200478s
2026-08-31 05:54:23,968 DEBUG   echo chunk=1152 total=5697/6168 after=0.250617s
2026-08-31 05:54:23,990 DEBUG   echo chunk=471 total=6168/6168 after=0.272134s
2026-08-31 05:54:24,005 DEBUG   device: b'@RESULT mode=dma sequence=2 rx=6168 tx=6168 crc=PASS data=PASS status=PASS'
2026-08-31 05:54:24,005 INFO    section=stress cycle=1/10 PASS frame_payload=6144 elapsed=0.542s roundtrip=22.1 KiB/s
2026-08-31 05:54:24,040 DEBUG   device: b'uart> \r\x1b[2Kuart> a\r\x1b[2Kuart> au\r\x1b[2Kuart> aut\r\x1b[2Kuart> auto\r\x1b[2Kuart> auto \r\x1b[2Kuart> auto d\r\x1b[2Kuart> auto dm\r\x1b[2Kuart> auto dma\r\x1b[2Kuart> auto dma \r\x1b[2Kuart> auto dma 6\r\x1b[2Kuart> auto dma 61\r\x1b[2Kuart> auto dma 614\r\x1b[2Kuart> auto dma 6144\r\x1b[2Kuart> auto dma 6144 \r\x1b[2Kuart> auto dma 6144 3\r\x1b[2Kuart> auto dma 6144 3 \r\x1b[2Kuart> auto dma 6144 3 3\r\x1b[2Kuart> auto dma 6144 3 39\r\x1b[2Kuart> auto dma 6144 3 397\r\x1b[2Kuart> auto dma 6144 3 3973\r\x1b[2Kuart> auto dma 6144 3 39737\r\x1b[2Kuart> auto dma 6144 3 397375\r\x1b[2Kuart> auto dma 6144 3 3973759\r\x1b[2Kuart> auto dma 6144 3 39737599\r\x1b[2Kuart> auto dma 6144 3 397375990\r\x1b[2Kuart> auto dma 6144 3 3973759907'
2026-08-31 05:54:24,056 DEBUG   device: b'@READY mode=dma sequence=3 frame=6168 payload=6144'
2026-08-31 05:54:24,056 DEBUG   READY accepted; delaying 0.050s before frame TX
2026-08-31 05:54:24,376 DEBUG   frame TX submitted bytes=6168/6168 write_and_flush=0.269770s crc=0x105A
2026-08-31 05:54:24,426 DEBUG   echo chunk=1089 total=1089/6168 after=0.050065s
2026-08-31 05:54:24,477 DEBUG   echo chunk=1152 total=2241/6168 after=0.100203s
2026-08-31 05:54:24,527 DEBUG   echo chunk=1152 total=3393/6168 after=0.150318s
2026-08-31 05:54:24,577 DEBUG   echo chunk=1152 total=4545/6168 after=0.200446s
2026-08-31 05:54:24,627 DEBUG   echo chunk=1152 total=5697/6168 after=0.250549s
2026-08-31 05:54:24,648 DEBUG   echo chunk=471 total=6168/6168 after=0.271617s
2026-08-31 05:54:24,664 DEBUG   device: b'@RESULT mode=dma sequence=3 rx=6168 tx=6168 crc=PASS data=PASS status=PASS'
2026-08-31 05:54:24,664 INFO    section=stress cycle=2/10 PASS frame_payload=6144 elapsed=0.542s roundtrip=22.2 KiB/s
2026-08-31 05:54:24,700 DEBUG   device: b'uart> \r\x1b[2Kuart> a\r\x1b[2Kuart> au\r\x1b[2Kuart> aut\r\x1b[2Kuart> auto\r\x1b[2Kuart> auto \r\x1b[2Kuart> auto d\r\x1b[2Kuart> auto dm\r\x1b[2Kuart> auto dma\r\x1b[2Kuart> auto dma \r\x1b[2Kuart> auto dma 6\r\x1b[2Kuart> auto dma 61\r\x1b[2Kuart> auto dma 614\r\x1b[2Kuart> auto dma 6144\r\x1b[2Kuart> auto dma 6144 \r\x1b[2Kuart> auto dma 6144 4\r\x1b[2Kuart> auto dma 6144 4 \r\x1b[2Kuart> auto dma 6144 4 2\r\x1b[2Kuart> auto dma 6144 4 23\r\x1b[2Kuart> auto dma 6144 4 233\r\x1b[2Kuart> auto dma 6144 4 2333\r\x1b[2Kuart> auto dma 6144 4 23332\r\x1b[2Kuart> auto dma 6144 4 233322\r\x1b[2Kuart> auto dma 6144 4 2333228\r\x1b[2Kuart> auto dma 6144 4 23332283\r\x1b[2Kuart> auto dma 6144 4 233322838\r\x1b[2Kuart> auto dma 6144 4 2333228380'
2026-08-31 05:54:24,715 DEBUG   device: b'@READY mode=dma sequence=4 frame=6168 payload=6144'
2026-08-31 05:54:24,715 DEBUG   READY accepted; delaying 0.050s before frame TX
2026-08-31 05:54:25,034 DEBUG   frame TX submitted bytes=6168/6168 write_and_flush=0.268742s crc=0x306F
2026-08-31 05:54:25,084 DEBUG   echo chunk=1089 total=1089/6168 after=0.050065s
2026-08-31 05:54:25,135 DEBUG   echo chunk=1152 total=2241/6168 after=0.100252s
2026-08-31 05:54:25,185 DEBUG   echo chunk=1152 total=3393/6168 after=0.150446s
2026-08-31 05:54:25,235 DEBUG   echo chunk=1152 total=4545/6168 after=0.200588s
2026-08-31 05:54:25,285 DEBUG   echo chunk=1152 total=5697/6168 after=0.250747s
2026-08-31 05:54:25,307 DEBUG   echo chunk=471 total=6168/6168 after=0.272765s
2026-08-31 05:54:25,323 DEBUG   device: b'@RESULT mode=dma sequence=4 rx=6168 tx=6168 crc=PASS data=PASS status=PASS'
2026-08-31 05:54:25,323 INFO    section=stress cycle=3/10 PASS frame_payload=6144 elapsed=0.542s roundtrip=22.2 KiB/s
2026-08-31 05:54:25,358 DEBUG   device: b'uart> \r\x1b[2Kuart> a\r\x1b[2Kuart> au\r\x1b[2Kuart> aut\r\x1b[2Kuart> auto\r\x1b[2Kuart> auto \r\x1b[2Kuart> auto d\r\x1b[2Kuart> auto dm\r\x1b[2Kuart> auto dma\r\x1b[2Kuart> auto dma \r\x1b[2Kuart> auto dma 6\r\x1b[2Kuart> auto dma 61\r\x1b[2Kuart> auto dma 614\r\x1b[2Kuart> auto dma 6144\r\x1b[2Kuart> auto dma 6144 \r\x1b[2Kuart> auto dma 6144 5\r\x1b[2Kuart> auto dma 6144 5 \r\x1b[2Kuart> auto dma 6144 5 6\r\x1b[2Kuart> auto dma 6144 5 69\r\x1b[2Kuart> auto dma 6144 5 692\r\x1b[2Kuart> auto dma 6144 5 6926\r\x1b[2Kuart> auto dma 6144 5 69269\r\x1b[2Kuart> auto dma 6144 5 692696\r\x1b[2Kuart> auto dma 6144 5 6926968\r\x1b[2Kuart> auto dma 6144 5 69269685\r\x1b[2Kuart> auto dma 6144 5 692696853'
2026-08-31 05:54:25,374 DEBUG   device: b'@READY mode=dma sequence=5 frame=6168 payload=6144'
2026-08-31 05:54:25,374 DEBUG   READY accepted; delaying 0.050s before frame TX
2026-08-31 05:54:25,694 DEBUG   frame TX submitted bytes=6168/6168 write_and_flush=0.269965s crc=0x1A18
2026-08-31 05:54:25,745 DEBUG   echo chunk=1089 total=1089/6168 after=0.050068s
2026-08-31 05:54:25,795 DEBUG   echo chunk=1152 total=2241/6168 after=0.100228s
2026-08-31 05:54:25,845 DEBUG   echo chunk=1152 total=3393/6168 after=0.150389s
2026-08-31 05:54:25,895 DEBUG   echo chunk=1152 total=4545/6168 after=0.200552s
2026-08-31 05:54:25,945 DEBUG   echo chunk=1152 total=5697/6168 after=0.250684s
2026-08-31 05:54:25,966 DEBUG   echo chunk=471 total=6168/6168 after=0.271362s
2026-08-31 05:54:25,981 DEBUG   device: b'@RESULT mode=dma sequence=5 rx=6168 tx=6168 crc=PASS data=PASS status=PASS'
2026-08-31 05:54:25,981 INFO    section=stress cycle=4/10 PASS frame_payload=6144 elapsed=0.542s roundtrip=22.2 KiB/s
2026-08-31 05:54:26,016 DEBUG   device: b'uart> \r\x1b[2Kuart> a\r\x1b[2Kuart> au\r\x1b[2Kuart> aut\r\x1b[2Kuart> auto\r\x1b[2Kuart> auto \r\x1b[2Kuart> auto d\r\x1b[2Kuart> auto dm\r\x1b[2Kuart> auto dma\r\x1b[2Kuart> auto dma \r\x1b[2Kuart> auto dma 6\r\x1b[2Kuart> auto dma 61\r\x1b[2Kuart> auto dma 614\r\x1b[2Kuart> auto dma 6144\r\x1b[2Kuart> auto dma 6144 \r\x1b[2Kuart> auto dma 6144 6\r\x1b[2Kuart> auto dma 6144 6 \r\x1b[2Kuart> auto dma 6144 6 3\r\x1b[2Kuart> auto dma 6144 6 33\r\x1b[2Kuart> auto dma 6144 6 334\r\x1b[2Kuart> auto dma 6144 6 3347\r\x1b[2Kuart> auto dma 6144 6 33471\r\x1b[2Kuart> auto dma 6144 6 334713\r\x1b[2Kuart> auto dma 6144 6 3347132\r\x1b[2Kuart> auto dma 6144 6 33471326\r\x1b[2Kuart> auto dma 6144 6 334713262\r\x1b[2Kuart> auto dma 6144 6 3347132622'
2026-08-31 05:54:26,032 DEBUG   device: b'@READY mode=dma sequence=6 frame=6168 payload=6144'
2026-08-31 05:54:26,032 DEBUG   READY accepted; delaying 0.050s before frame TX
2026-08-31 05:54:26,351 DEBUG   frame TX submitted bytes=6168/6168 write_and_flush=0.268766s crc=0x468A
2026-08-31 05:54:26,402 DEBUG   echo chunk=1089 total=1089/6168 after=0.050068s
2026-08-31 05:54:26,452 DEBUG   echo chunk=1152 total=2241/6168 after=0.100224s
2026-08-31 05:54:26,502 DEBUG   echo chunk=1152 total=3393/6168 after=0.150355s
2026-08-31 05:54:26,552 DEBUG   echo chunk=1152 total=4545/6168 after=0.200479s
2026-08-31 05:54:26,602 DEBUG   echo chunk=1152 total=5697/6168 after=0.250617s
2026-08-31 05:54:26,624 DEBUG   echo chunk=471 total=6168/6168 after=0.272654s
2026-08-31 05:54:26,640 DEBUG   device: b'@RESULT mode=dma sequence=6 rx=6168 tx=6168 crc=PASS data=PASS status=PASS'
2026-08-31 05:54:26,640 INFO    section=stress cycle=5/10 PASS frame_payload=6144 elapsed=0.542s roundtrip=22.2 KiB/s
2026-08-31 05:54:26,676 DEBUG   device: b'uart> \r\x1b[2Kuart> a\r\x1b[2Kuart> au\r\x1b[2Kuart> aut\r\x1b[2Kuart> auto\r\x1b[2Kuart> auto \r\x1b[2Kuart> auto d\r\x1b[2Kuart> auto dm\r\x1b[2Kuart> auto dma\r\x1b[2Kuart> auto dma \r\x1b[2Kuart> auto dma 6\r\x1b[2Kuart> auto dma 61\r\x1b[2Kuart> auto dma 614\r\x1b[2Kuart> auto dma 6144\r\x1b[2Kuart> auto dma 6144 \r\x1b[2Kuart> auto dma 6144 7\r\x1b[2Kuart> auto dma 6144 7 \r\x1b[2Kuart> auto dma 6144 7 1\r\x1b[2Kuart> auto dma 6144 7 17\r\x1b[2Kuart> auto dma 6144 7 170\r\x1b[2Kuart> auto dma 6144 7 1706\r\x1b[2Kuart> auto dma 6144 7 17066\r\x1b[2Kuart> auto dma 6144 7 170660\r\x1b[2Kuart> auto dma 6144 7 1706601\r\x1b[2Kuart> auto dma 6144 7 17066010\r\x1b[2Kuart> auto dma 6144 7 170660109\r\x1b[2Kuart> auto dma 6144 7 1706601095'
2026-08-31 05:54:26,691 DEBUG   device: b'@READY mode=dma sequence=7 frame=6168 payload=6144'
2026-08-31 05:54:26,691 DEBUG   READY accepted; delaying 0.050s before frame TX
2026-08-31 05:54:27,010 DEBUG   frame TX submitted bytes=6168/6168 write_and_flush=0.268768s crc=0x9A23
2026-08-31 05:54:27,061 DEBUG   echo chunk=1089 total=1089/6168 after=0.050066s
2026-08-31 05:54:27,111 DEBUG   echo chunk=1152 total=2241/6168 after=0.100229s
2026-08-31 05:54:27,161 DEBUG   echo chunk=1152 total=3393/6168 after=0.150408s
2026-08-31 05:54:27,211 DEBUG   echo chunk=1152 total=4545/6168 after=0.200543s
2026-08-31 05:54:27,261 DEBUG   echo chunk=1152 total=5697/6168 after=0.250738s
2026-08-31 05:54:27,283 DEBUG   echo chunk=471 total=6168/6168 after=0.272639s
2026-08-31 05:54:27,299 DEBUG   device: b'@RESULT mode=dma sequence=7 rx=6168 tx=6168 crc=PASS data=PASS status=PASS'
2026-08-31 05:54:27,299 INFO    section=stress cycle=6/10 PASS frame_payload=6144 elapsed=0.542s roundtrip=22.2 KiB/s
2026-08-31 05:54:27,332 DEBUG   device: b'uart> \r\x1b[2Kuart> a\r\x1b[2Kuart> au\r\x1b[2Kuart> aut\r\x1b[2Kuart> auto\r\x1b[2Kuart> auto \r\x1b[2Kuart> auto d\r\x1b[2Kuart> auto dm\r\x1b[2Kuart> auto dma\r\x1b[2Kuart> auto dma \r\x1b[2Kuart> auto dma 6\r\x1b[2Kuart> auto dma 61\r\x1b[2Kuart> auto dma 614\r\x1b[2Kuart> auto dma 6144\r\x1b[2Kuart> auto dma 6144 \r\x1b[2Kuart> auto dma 6144 8\r\x1b[2Kuart> auto dma 6144 8 \r\x1b[2Kuart> auto dma 6144 8 6\r\x1b[2Kuart> auto dma 6144 8 66\r\x1b[2Kuart> auto dma 6144 8 660\r\x1b[2Kuart> auto dma 6144 8 6606\r\x1b[2Kuart> auto dma 6144 8 66069\r\x1b[2Kuart> auto dma 6144 8 660695\r\x1b[2Kuart> auto dma 6144 8 6606956\r\x1b[2Kuart> auto dma 6144 8 66069568'
2026-08-31 05:54:27,347 DEBUG   device: b'@READY mode=dma sequence=8 frame=6168 payload=6144'
2026-08-31 05:54:27,347 DEBUG   READY accepted; delaying 0.050s before frame TX
2026-08-31 05:54:27,667 DEBUG   frame TX submitted bytes=6168/6168 write_and_flush=0.269873s crc=0x4CE4
2026-08-31 05:54:27,717 DEBUG   echo chunk=1089 total=1089/6168 after=0.050065s
2026-08-31 05:54:27,768 DEBUG   echo chunk=1152 total=2241/6168 after=0.100203s
2026-08-31 05:54:27,818 DEBUG   echo chunk=1152 total=3393/6168 after=0.150338s
2026-08-31 05:54:27,868 DEBUG   echo chunk=1152 total=4545/6168 after=0.200479s
2026-08-31 05:54:27,918 DEBUG   echo chunk=1152 total=5697/6168 after=0.250613s
2026-08-31 05:54:27,939 DEBUG   echo chunk=471 total=6168/6168 after=0.271508s
2026-08-31 05:54:27,955 DEBUG   device: b'@RESULT mode=dma sequence=8 rx=6168 tx=6168 crc=PASS data=PASS status=PASS'
2026-08-31 05:54:27,955 INFO    section=stress cycle=7/10 PASS frame_payload=6144 elapsed=0.542s roundtrip=22.2 KiB/s
2026-08-31 05:54:27,990 DEBUG   device: b'uart> \r\x1b[2Kuart> a\r\x1b[2Kuart> au\r\x1b[2Kuart> aut\r\x1b[2Kuart> auto\r\x1b[2Kuart> auto \r\x1b[2Kuart> auto d\r\x1b[2Kuart> auto dm\r\x1b[2Kuart> auto dma\r\x1b[2Kuart> auto dma \r\x1b[2Kuart> auto dma 6\r\x1b[2Kuart> auto dma 61\r\x1b[2Kuart> auto dma 614\r\x1b[2Kuart> auto dma 6144\r\x1b[2Kuart> auto dma 6144 \r\x1b[2Kuart> auto dma 6144 9\r\x1b[2Kuart> auto dma 6144 9 \r\x1b[2Kuart> auto dma 6144 9 2\r\x1b[2Kuart> auto dma 6144 9 27\r\x1b[2Kuart> auto dma 6144 9 272\r\x1b[2Kuart> auto dma 6144 9 2720\r\x1b[2Kuart> auto dma 6144 9 27205\r\x1b[2Kuart> auto dma 6144 9 272050\r\x1b[2Kuart> auto dma 6144 9 2720505\r\x1b[2Kuart> auto dma 6144 9 27205053\r\x1b[2Kuart> auto dma 6144 9 272050533\r\x1b[2Kuart> auto dma 6144 9 2720505337'
2026-08-31 05:54:28,006 DEBUG   device: b'@READY mode=dma sequence=9 frame=6168 payload=6144'
2026-08-31 05:54:28,006 DEBUG   READY accepted; delaying 0.050s before frame TX
2026-08-31 05:54:28,325 DEBUG   frame TX submitted bytes=6168/6168 write_and_flush=0.268813s crc=0x4EAB
2026-08-31 05:54:28,376 DEBUG   echo chunk=1089 total=1089/6168 after=0.050065s
2026-08-31 05:54:28,426 DEBUG   echo chunk=1152 total=2241/6168 after=0.100212s
2026-08-31 05:54:28,476 DEBUG   echo chunk=1152 total=3393/6168 after=0.150359s
2026-08-31 05:54:28,526 DEBUG   echo chunk=1152 total=4545/6168 after=0.200490s
2026-08-31 05:54:28,576 DEBUG   echo chunk=1152 total=5697/6168 after=0.250632s
2026-08-31 05:54:28,598 DEBUG   echo chunk=471 total=6168/6168 after=0.272907s
2026-08-31 05:54:28,614 DEBUG   device: b'@RESULT mode=dma sequence=9 rx=6168 tx=6168 crc=PASS data=PASS status=PASS'
2026-08-31 05:54:28,614 INFO    section=stress cycle=8/10 PASS frame_payload=6144 elapsed=0.542s roundtrip=22.1 KiB/s
2026-08-31 05:54:28,652 DEBUG   device: b'uart> \r\x1b[2Kuart> a\r\x1b[2Kuart> au\r\x1b[2Kuart> aut\r\x1b[2Kuart> auto\r\x1b[2Kuart> auto \r\x1b[2Kuart> auto d\r\x1b[2Kuart> auto dm\r\x1b[2Kuart> auto dma\r\x1b[2Kuart> auto dma \r\x1b[2Kuart> auto dma 6\r\x1b[2Kuart> auto dma 61\r\x1b[2Kuart> auto dma 614\r\x1b[2Kuart> auto dma 6144\r\x1b[2Kuart> auto dma 6144 \r\x1b[2Kuart> auto dma 6144 1\r\x1b[2Kuart> auto dma 6144 10\r\x1b[2Kuart> auto dma 6144 10 \r\x1b[2Kuart> auto dma 6144 10 1\r\x1b[2Kuart> auto dma 6144 10 10\r\x1b[2Kuart> auto dma 6144 10 107\r\x1b[2Kuart> auto dma 6144 10 1079\r\x1b[2Kuart> auto dma 6144 10 10799\r\x1b[2Kuart> auto dma 6144 10 107997\r\x1b[2Kuart> auto dma 6144 10 1079973\r\x1b[2Kuart> auto dma 6144 10 10799738\r\x1b[2Kuart> auto dma 6144 10 107997381\r\x1b[2Kuart> auto dma 6144 10 1079973810'
2026-08-31 05:54:28,668 DEBUG   device: b'@READY mode=dma sequence=10 frame=6168 payload=6144'
2026-08-31 05:54:28,668 DEBUG   READY accepted; delaying 0.050s before frame TX
2026-08-31 05:54:28,988 DEBUG   frame TX submitted bytes=6168/6168 write_and_flush=0.269942s crc=0x1E8C
2026-08-31 05:54:29,038 DEBUG   echo chunk=1089 total=1089/6168 after=0.050066s
2026-08-31 05:54:29,089 DEBUG   echo chunk=1152 total=2241/6168 after=0.100241s
2026-08-31 05:54:29,139 DEBUG   echo chunk=1152 total=3393/6168 after=0.150424s
2026-08-31 05:54:29,189 DEBUG   echo chunk=1152 total=4545/6168 after=0.200548s
2026-08-31 05:54:29,239 DEBUG   echo chunk=1152 total=5697/6168 after=0.250703s
2026-08-31 05:54:29,260 DEBUG   echo chunk=471 total=6168/6168 after=0.271850s
2026-08-31 05:54:29,276 DEBUG   device: b'@RESULT mode=dma sequence=10 rx=6168 tx=6168 crc=PASS data=PASS status=PASS'
2026-08-31 05:54:29,276 INFO    section=stress cycle=9/10 PASS frame_payload=6144 elapsed=0.542s roundtrip=22.1 KiB/s
2026-08-31 05:54:29,314 DEBUG   device: b'uart> \r\x1b[2Kuart> a\r\x1b[2Kuart> au\r\x1b[2Kuart> aut\r\x1b[2Kuart> auto\r\x1b[2Kuart> auto \r\x1b[2Kuart> auto d\r\x1b[2Kuart> auto dm\r\x1b[2Kuart> auto dma\r\x1b[2Kuart> auto dma \r\x1b[2Kuart> auto dma 6\r\x1b[2Kuart> auto dma 61\r\x1b[2Kuart> auto dma 614\r\x1b[2Kuart> auto dma 6144\r\x1b[2Kuart> auto dma 6144 \r\x1b[2Kuart> auto dma 6144 1\r\x1b[2Kuart> auto dma 6144 11\r\x1b[2Kuart> auto dma 6144 11 \r\x1b[2Kuart> auto dma 6144 11 3\r\x1b[2Kuart> auto dma 6144 11 37\r\x1b[2Kuart> auto dma 6144 11 373\r\x1b[2Kuart> auto dma 6144 11 3734\r\x1b[2Kuart> auto dma 6144 11 37344\r\x1b[2Kuart> auto dma 6144 11 373440\r\x1b[2Kuart> auto dma 6144 11 3734409\r\x1b[2Kuart> auto dma 6144 11 37344095\r\x1b[2Kuart> auto dma 6144 11 373440957\r\x1b[2Kuart> auto dma 6144 11 3734409579'
2026-08-31 05:54:29,330 DEBUG   device: b'@READY mode=dma sequence=11 frame=6168 payload=6144'
2026-08-31 05:54:29,330 DEBUG   READY accepted; delaying 0.050s before frame TX
2026-08-31 05:54:29,649 DEBUG   frame TX submitted bytes=6168/6168 write_and_flush=0.268972s crc=0x95F0
2026-08-31 05:54:29,700 DEBUG   echo chunk=1089 total=1089/6168 after=0.050065s
2026-08-31 05:54:29,750 DEBUG   echo chunk=1152 total=2241/6168 after=0.100244s
2026-08-31 05:54:29,800 DEBUG   echo chunk=1152 total=3393/6168 after=0.150378s
2026-08-31 05:54:29,850 DEBUG   echo chunk=1152 total=4545/6168 after=0.200526s
2026-08-31 05:54:29,900 DEBUG   echo chunk=1152 total=5697/6168 after=0.250676s
2026-08-31 05:54:29,922 DEBUG   echo chunk=471 total=6168/6168 after=0.272816s
2026-08-31 05:54:29,938 DEBUG   device: b'@RESULT mode=dma sequence=11 rx=6168 tx=6168 crc=PASS data=PASS status=PASS'
2026-08-31 05:54:29,938 INFO    section=stress cycle=10/10 PASS frame_payload=6144 elapsed=0.542s roundtrip=22.1 KiB/s
2026-08-31 05:54:29,938 INFO    SECTION name=stress status=PASS passed=10 failed=0 elapsed=5.417s
2026-08-31 05:54:29,938 INFO    SECTION name=tx-tail status=BEGIN cases=23
2026-08-31 05:54:29,966 DEBUG   device: b'uart> \r\x1b[2Kuart> a\r\x1b[2Kuart> au\r\x1b[2Kuart> aut\r\x1b[2Kuart> auto\r\x1b[2Kuart> auto \r\x1b[2Kuart> auto t\r\x1b[2Kuart> auto tx\r\x1b[2Kuart> auto tx \r\x1b[2Kuart> auto tx 2\r\x1b[2Kuart> auto tx 2 \r\x1b[2Kuart> auto tx 2 1\r\x1b[2Kuart> auto tx 2 12\r\x1b[2Kuart> auto tx 2 12 \r\x1b[2Kuart> auto tx 2 12 2\r\x1b[2Kuart> auto tx 2 12 20\r\x1b[2Kuart> auto tx 2 12 209\r\x1b[2Kuart> auto tx 2 12 2093\r\x1b[2Kuart> auto tx 2 12 20938\r\x1b[2Kuart> auto tx 2 12 209387\r\x1b[2Kuart> auto tx 2 12 2093878\r\x1b[2Kuart> auto tx 2 12 20938780\r\x1b[2Kuart> auto tx 2 12 209387805\r\x1b[2Kuart> auto tx 2 12 2093878052'
2026-08-31 05:54:29,969 DEBUG   device: b'@READY mode=tx sequence=12 size=2 dma=0 tail=2'
2026-08-31 05:54:29,969 DEBUG   echo chunk=2 total=2/2 after=0.000010s
2026-08-31 05:54:29,984 DEBUG   device: b'@RESULT mode=tx sequence=12 size=2 tail=2 tx=2 status=PASS'
2026-08-31 05:54:29,984 INFO    section=tx-tail case=1/23 PASS size=2 dma=0 tail=2 elapsed=0.000s
2026-08-31 05:54:30,008 DEBUG   device: b'uart> \r\x1b[2Kuart> a\r\x1b[2Kuart> au\r\x1b[2Kuart> aut\r\x1b[2Kuart> auto\r\x1b[2Kuart> auto \r\x1b[2Kuart> auto t\r\x1b[2Kuart> auto tx\r\x1b[2Kuart> auto tx \r\x1b[2Kuart> auto tx 3\r\x1b[2Kuart> auto tx 3 \r\x1b[2Kuart> auto tx 3 1\r\x1b[2Kuart> auto tx 3 13\r\x1b[2Kuart> auto tx 3 13 \r\x1b[2Kuart> auto tx 3 13 4\r\x1b[2Kuart> auto tx 3 13 45\r\x1b[2Kuart> auto tx 3 13 453\r\x1b[2Kuart> auto tx 3 13 4533\r\x1b[2Kuart> auto tx 3 13 45334\r\x1b[2Kuart> auto tx 3 13 453346\r\x1b[2Kuart> auto tx 3 13 4533465\r\x1b[2Kuart> auto tx 3 13 45334652\r\x1b[2Kuart> auto tx 3 13 453346525'
2026-08-31 05:54:30,011 DEBUG   device: b'@READY mode=tx sequence=13 size=3 dma=0 tail=3'
2026-08-31 05:54:30,012 DEBUG   echo chunk=3 total=3/3 after=0.000008s
2026-08-31 05:54:30,027 DEBUG   device: b'@RESULT mode=tx sequence=13 size=3 tail=3 tx=3 status=PASS'
2026-08-31 05:54:30,027 INFO    section=tx-tail case=2/23 PASS size=3 dma=0 tail=3 elapsed=0.000s
2026-08-31 05:54:30,054 DEBUG   device: b'uart> \r\x1b[2Kuart> a\r\x1b[2Kuart> au\r\x1b[2Kuart> aut\r\x1b[2Kuart> auto\r\x1b[2Kuart> auto \r\x1b[2Kuart> auto t\r\x1b[2Kuart> auto tx\r\x1b[2Kuart> auto tx \r\x1b[2Kuart> auto tx 4\r\x1b[2Kuart> auto tx 4 \r\x1b[2Kuart> auto tx 4 1\r\x1b[2Kuart> auto tx 4 14\r\x1b[2Kuart> auto tx 4 14 \r\x1b[2Kuart> auto tx 4 14 3\r\x1b[2Kuart> auto tx 4 14 31\r\x1b[2Kuart> auto tx 4 14 310\r\x1b[2Kuart> auto tx 4 14 3107\r\x1b[2Kuart> auto tx 4 14 31077\r\x1b[2Kuart> auto tx 4 14 310778\r\x1b[2Kuart> auto tx 4 14 3107782\r\x1b[2Kuart> auto tx 4 14 31077822\r\x1b[2Kuart> auto tx 4 14 310778229\r\x1b[2Kuart> auto tx 4 14 3107782294'
2026-08-31 05:54:30,057 DEBUG   device: b'@READY mode=tx sequence=14 size=4 dma=0 tail=4'
2026-08-31 05:54:30,058 DEBUG   echo chunk=4 total=4/4 after=0.000009s
2026-08-31 05:54:30,073 DEBUG   device: b'@RESULT mode=tx sequence=14 size=4 tail=4 tx=4 status=PASS'
2026-08-31 05:54:30,073 INFO    section=tx-tail case=3/23 PASS size=4 dma=0 tail=4 elapsed=0.000s
2026-08-31 05:54:30,100 DEBUG   device: b'uart> \r\x1b[2Kuart> a\r\x1b[2Kuart> au\r\x1b[2Kuart> aut\r\x1b[2Kuart> auto\r\x1b[2Kuart> auto \r\x1b[2Kuart> auto t\r\x1b[2Kuart> auto tx\r\x1b[2Kuart> auto tx \r\x1b[2Kuart> auto tx 5\r\x1b[2Kuart> auto tx 5 \r\x1b[2Kuart> auto tx 5 1\r\x1b[2Kuart> auto tx 5 15\r\x1b[2Kuart> auto tx 5 15 \r\x1b[2Kuart> auto tx 5 15 1\r\x1b[2Kuart> auto tx 5 15 14\r\x1b[2Kuart> auto tx 5 15 146\r\x1b[2Kuart> auto tx 5 15 1467\r\x1b[2Kuart> auto tx 5 15 14672\r\x1b[2Kuart> auto tx 5 15 146725\r\x1b[2Kuart> auto tx 5 15 1467250\r\x1b[2Kuart> auto tx 5 15 14672507\r\x1b[2Kuart> auto tx 5 15 146725076\r\x1b[2Kuart> auto tx 5 15 1467250767'
2026-08-31 05:54:30,103 DEBUG   device: b'@READY mode=tx sequence=15 size=5 dma=0 tail=5'
2026-08-31 05:54:30,104 DEBUG   echo chunk=5 total=5/5 after=0.000009s
2026-08-31 05:54:30,119 DEBUG   device: b'@RESULT mode=tx sequence=15 size=5 tail=5 tx=5 status=PASS'
2026-08-31 05:54:30,119 INFO    section=tx-tail case=4/23 PASS size=5 dma=0 tail=5 elapsed=0.000s
2026-08-31 05:54:30,146 DEBUG   device: b'uart> \r\x1b[2Kuart> a\r\x1b[2Kuart> au\r\x1b[2Kuart> aut\r\x1b[2Kuart> auto\r\x1b[2Kuart> auto \r\x1b[2Kuart> auto t\r\x1b[2Kuart> auto tx\r\x1b[2Kuart> auto tx \r\x1b[2Kuart> auto tx 6\r\x1b[2Kuart> auto tx 6 \r\x1b[2Kuart> auto tx 6 1\r\x1b[2Kuart> auto tx 6 16\r\x1b[2Kuart> auto tx 6 16 \r\x1b[2Kuart> auto tx 6 16 4\r\x1b[2Kuart> auto tx 6 16 41\r\x1b[2Kuart> auto tx 6 16 412\r\x1b[2Kuart> auto tx 6 16 4121\r\x1b[2Kuart> auto tx 6 16 41216\r\x1b[2Kuart> auto tx 6 16 412168\r\x1b[2Kuart> auto tx 6 16 4121686\r\x1b[2Kuart> auto tx 6 16 41216865\r\x1b[2Kuart> auto tx 6 16 412168653\r\x1b[2Kuart> auto tx 6 16 4121686536'
2026-08-31 05:54:30,149 DEBUG   device: b'@READY mode=tx sequence=16 size=6 dma=0 tail=6'
2026-08-31 05:54:30,149 DEBUG   echo chunk=6 total=6/6 after=0.000008s
2026-08-31 05:54:30,165 DEBUG   device: b'@RESULT mode=tx sequence=16 size=6 tail=6 tx=6 status=PASS'
2026-08-31 05:54:30,165 INFO    section=tx-tail case=5/23 PASS size=6 dma=0 tail=6 elapsed=0.000s
2026-08-31 05:54:30,192 DEBUG   device: b'uart> \r\x1b[2Kuart> a\r\x1b[2Kuart> au\r\x1b[2Kuart> aut\r\x1b[2Kuart> auto\r\x1b[2Kuart> auto \r\x1b[2Kuart> auto t\r\x1b[2Kuart> auto tx\r\x1b[2Kuart> auto tx \r\x1b[2Kuart> auto tx 7\r\x1b[2Kuart> auto tx 7 \r\x1b[2Kuart> auto tx 7 1\r\x1b[2Kuart> auto tx 7 17\r\x1b[2Kuart> auto tx 7 17 \r\x1b[2Kuart> auto tx 7 17 2\r\x1b[2Kuart> auto tx 7 17 24\r\x1b[2Kuart> auto tx 7 17 248\r\x1b[2Kuart> auto tx 7 17 2481\r\x1b[2Kuart> auto tx 7 17 24811\r\x1b[2Kuart> auto tx 7 17 248115\r\x1b[2Kuart> auto tx 7 17 2481155\r\x1b[2Kuart> auto tx 7 17 24811550\r\x1b[2Kuart> auto tx 7 17 248115500\r\x1b[2Kuart> auto tx 7 17 2481155009'
2026-08-31 05:54:30,195 DEBUG   device: b'@READY mode=tx sequence=17 size=7 dma=0 tail=7'
2026-08-31 05:54:30,195 DEBUG   echo chunk=7 total=7/7 after=0.000009s
2026-08-31 05:54:30,211 DEBUG   device: b'@RESULT mode=tx sequence=17 size=7 tail=7 tx=7 status=PASS'
2026-08-31 05:54:30,211 INFO    section=tx-tail case=6/23 PASS size=7 dma=0 tail=7 elapsed=0.000s
2026-08-31 05:54:30,236 DEBUG   device: b'uart> \r\x1b[2Kuart> a\r\x1b[2Kuart> au\r\x1b[2Kuart> aut\r\x1b[2Kuart> auto\r\x1b[2Kuart> auto \r\x1b[2Kuart> auto t\r\x1b[2Kuart> auto tx\r\x1b[2Kuart> auto tx \r\x1b[2Kuart> auto tx 8\r\x1b[2Kuart> auto tx 8 \r\x1b[2Kuart> auto tx 8 1\r\x1b[2Kuart> auto tx 8 18\r\x1b[2Kuart> auto tx 8 18 \r\x1b[2Kuart> auto tx 8 18 8\r\x1b[2Kuart> auto tx 8 18 84\r\x1b[2Kuart> auto tx 8 18 840\r\x1b[2Kuart> auto tx 8 18 8406\r\x1b[2Kuart> auto tx 8 18 84062\r\x1b[2Kuart> auto tx 8 18 840623\r\x1b[2Kuart> auto tx 8 18 8406234\r\x1b[2Kuart> auto tx 8 18 84062348\r\x1b[2Kuart> auto tx 8 18 840623482'
2026-08-31 05:54:30,239 DEBUG   device: b'@READY mode=tx sequence=18 size=8 dma=8 tail=0'
2026-08-31 05:54:30,239 DEBUG   echo chunk=8 total=8/8 after=0.000008s
2026-08-31 05:54:30,254 DEBUG   device: b'@RESULT mode=tx sequence=18 size=8 tail=0 tx=8 status=PASS'
2026-08-31 05:54:30,254 INFO    section=tx-tail case=7/23 PASS size=8 dma=8 tail=0 elapsed=0.000s
2026-08-31 05:54:30,281 DEBUG   device: b'uart> \r\x1b[2Kuart> a\r\x1b[2Kuart> au\r\x1b[2Kuart> aut\r\x1b[2Kuart> auto\r\x1b[2Kuart> auto \r\x1b[2Kuart> auto t\r\x1b[2Kuart> auto tx\r\x1b[2Kuart> auto tx \r\x1b[2Kuart> auto tx 9\r\x1b[2Kuart> auto tx 9 \r\x1b[2Kuart> auto tx 9 1\r\x1b[2Kuart> auto tx 9 19\r\x1b[2Kuart> auto tx 9 19 \r\x1b[2Kuart> auto tx 9 19 3\r\x1b[2Kuart> auto tx 9 19 34\r\x1b[2Kuart> auto tx 9 19 349\r\x1b[2Kuart> auto tx 9 19 3495\r\x1b[2Kuart> auto tx 9 19 34950\r\x1b[2Kuart> auto tx 9 19 349505\r\x1b[2Kuart> auto tx 9 19 3495059\r\x1b[2Kuart> auto tx 9 19 34950592\r\x1b[2Kuart> auto tx 9 19 349505925\r\x1b[2Kuart> auto tx 9 19 3495059251'
2026-08-31 05:54:30,285 DEBUG   device: b'@READY mode=tx sequence=19 size=9 dma=8 tail=1'
2026-08-31 05:54:30,285 DEBUG   echo chunk=9 total=9/9 after=0.000012s
2026-08-31 05:54:30,300 DEBUG   device: b'@RESULT mode=tx sequence=19 size=9 tail=1 tx=9 status=PASS'
2026-08-31 05:54:30,300 INFO    section=tx-tail case=8/23 PASS size=9 dma=8 tail=1 elapsed=0.000s
2026-08-31 05:54:30,327 DEBUG   device: b'uart> \r\x1b[2Kuart> a\r\x1b[2Kuart> au\r\x1b[2Kuart> aut\r\x1b[2Kuart> auto\r\x1b[2Kuart> auto \r\x1b[2Kuart> auto t\r\x1b[2Kuart> auto tx\r\x1b[2Kuart> auto tx \r\x1b[2Kuart> auto tx 1\r\x1b[2Kuart> auto tx 10\r\x1b[2Kuart> auto tx 10 \r\x1b[2Kuart> auto tx 10 2\r\x1b[2Kuart> auto tx 10 20\r\x1b[2Kuart> auto tx 10 20 \r\x1b[2Kuart> auto tx 10 20 1\r\x1b[2Kuart> auto tx 10 20 18\r\x1b[2Kuart> auto tx 10 20 185\r\x1b[2Kuart> auto tx 10 20 1854\r\x1b[2Kuart> auto tx 10 20 18545\r\x1b[2Kuart> auto tx 10 20 185452\r\x1b[2Kuart> auto tx 10 20 1854527\r\x1b[2Kuart> auto tx 10 20 18545277\r\x1b[2Kuart> auto tx 10 20 185452772\r\x1b[2Kuart> auto tx 10 20 1854527724'
2026-08-31 05:54:30,330 DEBUG   device: b'@READY mode=tx sequence=20 size=10 dma=8 tail=2'
2026-08-31 05:54:30,331 DEBUG   echo chunk=10 total=10/10 after=0.000015s
2026-08-31 05:54:30,346 DEBUG   device: b'@RESULT mode=tx sequence=20 size=10 tail=2 tx=10 status=PASS'
2026-08-31 05:54:30,346 INFO    section=tx-tail case=9/23 PASS size=10 dma=8 tail=2 elapsed=0.000s
2026-08-31 05:54:30,374 DEBUG   device: b'uart> \r\x1b[2Kuart> a\r\x1b[2Kuart> au\r\x1b[2Kuart> aut\r\x1b[2Kuart> auto\r\x1b[2Kuart> auto \r\x1b[2Kuart> auto t\r\x1b[2Kuart> auto tx\r\x1b[2Kuart> auto tx \r\x1b[2Kuart> auto tx 1\r\x1b[2Kuart> auto tx 11\r\x1b[2Kuart> auto tx 11 \r\x1b[2Kuart> auto tx 11 2\r\x1b[2Kuart> auto tx 11 21\r\x1b[2Kuart> auto tx 11 21 \r\x1b[2Kuart> auto tx 11 21 2\r\x1b[2Kuart> auto tx 11 21 21\r\x1b[2Kuart> auto tx 11 21 213\r\x1b[2Kuart> auto tx 11 21 2139\r\x1b[2Kuart> auto tx 11 21 21399\r\x1b[2Kuart> auto tx 11 21 213996\r\x1b[2Kuart> auto tx 11 21 2139961\r\x1b[2Kuart> auto tx 11 21 21399619\r\x1b[2Kuart> auto tx 11 21 213996197'
2026-08-31 05:54:30,377 DEBUG   device: b'@READY mode=tx sequence=21 size=11 dma=8 tail=3'
2026-08-31 05:54:30,377 DEBUG   echo chunk=11 total=11/11 after=0.000007s
2026-08-31 05:54:30,392 DEBUG   device: b'@RESULT mode=tx sequence=21 size=11 tail=3 tx=11 status=PASS'
2026-08-31 05:54:30,392 INFO    section=tx-tail case=10/23 PASS size=11 dma=8 tail=3 elapsed=0.000s
2026-08-31 05:54:30,419 DEBUG   device: b'uart> \r\x1b[2Kuart> a\r\x1b[2Kuart> au\r\x1b[2Kuart> aut\r\x1b[2Kuart> auto\r\x1b[2Kuart> auto \r\x1b[2Kuart> auto t\r\x1b[2Kuart> auto tx\r\x1b[2Kuart> auto tx \r\x1b[2Kuart> auto tx 1\r\x1b[2Kuart> auto tx 12\r\x1b[2Kuart> auto tx 12 \r\x1b[2Kuart> auto tx 12 2\r\x1b[2Kuart> auto tx 12 22\r\x1b[2Kuart> auto tx 12 22 \r\x1b[2Kuart> auto tx 12 22 2\r\x1b[2Kuart> auto tx 12 22 28\r\x1b[2Kuart> auto tx 12 22 286\r\x1b[2Kuart> auto tx 12 22 2868\r\x1b[2Kuart> auto tx 12 22 28684\r\x1b[2Kuart> auto tx 12 22 286843\r\x1b[2Kuart> auto tx 12 22 2868431\r\x1b[2Kuart> auto tx 12 22 28684319\r\x1b[2Kuart> auto tx 12 22 286843196\r\x1b[2Kuart> auto tx 12 22 2868431966'
2026-08-31 05:54:30,422 DEBUG   device: b'@READY mode=tx sequence=22 size=12 dma=8 tail=4'
2026-08-31 05:54:30,423 DEBUG   echo chunk=12 total=12/12 after=0.000010s
2026-08-31 05:54:30,438 DEBUG   device: b'@RESULT mode=tx sequence=22 size=12 tail=4 tx=12 status=PASS'
2026-08-31 05:54:30,438 INFO    section=tx-tail case=11/23 PASS size=12 dma=8 tail=4 elapsed=0.000s
2026-08-31 05:54:30,466 DEBUG   device: b'uart> \r\x1b[2Kuart> a\r\x1b[2Kuart> au\r\x1b[2Kuart> aut\r\x1b[2Kuart> auto\r\x1b[2Kuart> auto \r\x1b[2Kuart> auto t\r\x1b[2Kuart> auto tx\r\x1b[2Kuart> auto tx \r\x1b[2Kuart> auto tx 1\r\x1b[2Kuart> auto tx 13\r\x1b[2Kuart> auto tx 13 \r\x1b[2Kuart> auto tx 13 2\r\x1b[2Kuart> auto tx 13 23\r\x1b[2Kuart> auto tx 13 23 \r\x1b[2Kuart> auto tx 13 23 1\r\x1b[2Kuart> auto tx 13 23 12\r\x1b[2Kuart> auto tx 13 23 122\r\x1b[2Kuart> auto tx 13 23 1227\r\x1b[2Kuart> auto tx 13 23 12279\r\x1b[2Kuart> auto tx 13 23 122790\r\x1b[2Kuart> auto tx 13 23 1227900\r\x1b[2Kuart> auto tx 13 23 12279004\r\x1b[2Kuart> auto tx 13 23 122790043\r\x1b[2Kuart> auto tx 13 23 1227900439'
2026-08-31 05:54:30,469 DEBUG   device: b'@READY mode=tx sequence=23 size=13 dma=8 tail=5'
2026-08-31 05:54:30,469 DEBUG   echo chunk=13 total=13/13 after=0.000009s
2026-08-31 05:54:30,484 DEBUG   device: b'@RESULT mode=tx sequence=23 size=13 tail=5 tx=13 status=PASS'
2026-08-31 05:54:30,484 INFO    section=tx-tail case=12/23 PASS size=13 dma=8 tail=5 elapsed=0.000s
2026-08-31 05:54:30,512 DEBUG   device: b'uart> \r\x1b[2Kuart> a\r\x1b[2Kuart> au\r\x1b[2Kuart> aut\r\x1b[2Kuart> auto\r\x1b[2Kuart> auto \r\x1b[2Kuart> auto t\r\x1b[2Kuart> auto tx\r\x1b[2Kuart> auto tx \r\x1b[2Kuart> auto tx 1\r\x1b[2Kuart> auto tx 14\r\x1b[2Kuart> auto tx 14 \r\x1b[2Kuart> auto tx 14 2\r\x1b[2Kuart> auto tx 14 24\r\x1b[2Kuart> auto tx 14 24 \r\x1b[2Kuart> auto tx 14 24 3\r\x1b[2Kuart> auto tx 14 24 38\r\x1b[2Kuart> auto tx 14 24 388\r\x1b[2Kuart> auto tx 14 24 3882\r\x1b[2Kuart> auto tx 14 24 38823\r\x1b[2Kuart> auto tx 14 24 388233\r\x1b[2Kuart> auto tx 14 24 3882336\r\x1b[2Kuart> auto tx 14 24 38823362\r\x1b[2Kuart> auto tx 14 24 388233620\r\x1b[2Kuart> auto tx 14 24 3882336208'
2026-08-31 05:54:30,515 DEBUG   device: b'@READY mode=tx sequence=24 size=14 dma=8 tail=6'
2026-08-31 05:54:30,515 DEBUG   echo chunk=14 total=14/14 after=0.000010s
2026-08-31 05:54:30,530 DEBUG   device: b'@RESULT mode=tx sequence=24 size=14 tail=6 tx=14 status=PASS'
2026-08-31 05:54:30,530 INFO    section=tx-tail case=13/23 PASS size=14 dma=8 tail=6 elapsed=0.000s
2026-08-31 05:54:30,558 DEBUG   device: b'uart> \r\x1b[2Kuart> a\r\x1b[2Kuart> au\r\x1b[2Kuart> aut\r\x1b[2Kuart> auto\r\x1b[2Kuart> auto \r\x1b[2Kuart> auto t\r\x1b[2Kuart> auto tx\r\x1b[2Kuart> auto tx \r\x1b[2Kuart> auto tx 1\r\x1b[2Kuart> auto tx 15\r\x1b[2Kuart> auto tx 15 \r\x1b[2Kuart> auto tx 15 2\r\x1b[2Kuart> auto tx 15 25\r\x1b[2Kuart> auto tx 15 25 \r\x1b[2Kuart> auto tx 15 25 2\r\x1b[2Kuart> auto tx 15 25 22\r\x1b[2Kuart> auto tx 15 25 224\r\x1b[2Kuart> auto tx 15 25 2241\r\x1b[2Kuart> auto tx 15 25 22418\r\x1b[2Kuart> auto tx 15 25 224180\r\x1b[2Kuart> auto tx 15 25 2241804\r\x1b[2Kuart> auto tx 15 25 22418046\r\x1b[2Kuart> auto tx 15 25 224180468\r\x1b[2Kuart> auto tx 15 25 2241804681'
2026-08-31 05:54:30,561 DEBUG   device: b'@READY mode=tx sequence=25 size=15 dma=8 tail=7'
2026-08-31 05:54:30,561 DEBUG   echo chunk=15 total=15/15 after=0.000009s
2026-08-31 05:54:30,576 DEBUG   device: b'@RESULT mode=tx sequence=25 size=15 tail=7 tx=15 status=PASS'
2026-08-31 05:54:30,576 INFO    section=tx-tail case=14/23 PASS size=15 dma=8 tail=7 elapsed=0.000s
2026-08-31 05:54:30,604 DEBUG   device: b'uart> \r\x1b[2Kuart> a\r\x1b[2Kuart> au\r\x1b[2Kuart> aut\r\x1b[2Kuart> auto\r\x1b[2Kuart> auto \r\x1b[2Kuart> auto t\r\x1b[2Kuart> auto tx\r\x1b[2Kuart> auto tx \r\x1b[2Kuart> auto tx 1\r\x1b[2Kuart> auto tx 16\r\x1b[2Kuart> auto tx 16 \r\x1b[2Kuart> auto tx 16 2\r\x1b[2Kuart> auto tx 16 26\r\x1b[2Kuart> auto tx 16 26 \r\x1b[2Kuart> auto tx 16 26 6\r\x1b[2Kuart> auto tx 16 26 60\r\x1b[2Kuart> auto tx 16 26 601\r\x1b[2Kuart> auto tx 16 26 6012\r\x1b[2Kuart> auto tx 16 26 60127\r\x1b[2Kuart> auto tx 16 26 601273\r\x1b[2Kuart> auto tx 16 26 6012731\r\x1b[2Kuart> auto tx 16 26 60127315\r\x1b[2Kuart> auto tx 16 26 601273154'
2026-08-31 05:54:30,607 DEBUG   device: b'@READY mode=tx sequence=26 size=16 dma=16 tail=0'
2026-08-31 05:54:30,607 DEBUG   echo chunk=16 total=16/16 after=0.000010s
2026-08-31 05:54:30,622 DEBUG   device: b'@RESULT mode=tx sequence=26 size=16 tail=0 tx=16 status=PASS'
2026-08-31 05:54:30,622 INFO    section=tx-tail case=15/23 PASS size=16 dma=16 tail=0 elapsed=0.000s
2026-08-31 05:54:30,659 DEBUG   device: b'uart> \r\x1b[2Kuart> a\r\x1b[2Kuart> au\r\x1b[2Kuart> aut\r\x1b[2Kuart> auto\r\x1b[2Kuart> auto \r\x1b[2Kuart> auto t\r\x1b[2Kuart> auto tx\r\x1b[2Kuart> auto tx \r\x1b[2Kuart> auto tx 6\r\x1b[2Kuart> auto tx 61\r\x1b[2Kuart> auto tx 614\r\x1b[2Kuart> auto tx 6144\r\x1b[2Kuart> auto tx 6144 \r\x1b[2Kuart> auto tx 6144 2\r\x1b[2Kuart> auto tx 6144 27\r\x1b[2Kuart> auto tx 6144 27 \r\x1b[2Kuart> auto tx 6144 27 3\r\x1b[2Kuart> auto tx 6144 27 32\r\x1b[2Kuart> auto tx 6144 27 325\r\x1b[2Kuart> auto tx 6144 27 3255\r\x1b[2Kuart> auto tx 6144 27 32557\r\x1b[2Kuart> auto tx 6144 27 325570\r\x1b[2Kuart> auto tx 6144 27 3255708\r\x1b[2Kuart> auto tx 6144 27 32557089\r\x1b[2Kuart> auto tx 6144 27 325570892\r\x1b[2Kuart> auto tx 6144 27 3255708923'
2026-08-31 05:54:30,662 DEBUG   device: b'@READY mode=tx sequence=27 size=6144 dma=6144 tail=0'
2026-08-31 05:54:30,712 DEBUG   echo chunk=1163 total=1163/6144 after=0.050063s
2026-08-31 05:54:30,762 DEBUG   echo chunk=1152 total=2315/6144 after=0.100190s
2026-08-31 05:54:30,812 DEBUG   echo chunk=1088 total=3403/6144 after=0.150351s
2026-08-31 05:54:30,863 DEBUG   echo chunk=1152 total=4555/6144 after=0.200488s
2026-08-31 05:54:30,913 DEBUG   echo chunk=1152 total=5707/6144 after=0.250622s
2026-08-31 05:54:30,930 DEBUG   echo chunk=437 total=6144/6144 after=0.267765s
2026-08-31 05:54:30,946 DEBUG   device: b'@RESULT mode=tx sequence=27 size=6144 tail=0 tx=6144 status=PASS'
2026-08-31 05:54:30,946 INFO    section=tx-tail case=16/23 PASS size=6144 dma=6144 tail=0 elapsed=0.268s
2026-08-31 05:54:30,983 DEBUG   device: b'uart> \r\x1b[2Kuart> a\r\x1b[2Kuart> au\r\x1b[2Kuart> aut\r\x1b[2Kuart> auto\r\x1b[2Kuart> auto \r\x1b[2Kuart> auto t\r\x1b[2Kuart> auto tx\r\x1b[2Kuart> auto tx \r\x1b[2Kuart> auto tx 6\r\x1b[2Kuart> auto tx 61\r\x1b[2Kuart> auto tx 614\r\x1b[2Kuart> auto tx 6145\r\x1b[2Kuart> auto tx 6145 \r\x1b[2Kuart> auto tx 6145 2\r\x1b[2Kuart> auto tx 6145 28\r\x1b[2Kuart> auto tx 6145 28 \r\x1b[2Kuart> auto tx 6145 28 1\r\x1b[2Kuart> auto tx 6145 28 16\r\x1b[2Kuart> auto tx 6145 28 161\r\x1b[2Kuart> auto tx 6145 28 1615\r\x1b[2Kuart> auto tx 6145 28 16151\r\x1b[2Kuart> auto tx 6145 28 161517\r\x1b[2Kuart> auto tx 6145 28 1615177\r\x1b[2Kuart> auto tx 6145 28 16151773\r\x1b[2Kuart> auto tx 6145 28 161517739\r\x1b[2Kuart> auto tx 6145 28 1615177396'
2026-08-31 05:54:30,986 DEBUG   device: b'@READY mode=tx sequence=28 size=6145 dma=6144 tail=1'
2026-08-31 05:54:31,036 DEBUG   echo chunk=1163 total=1163/6145 after=0.050064s
2026-08-31 05:54:31,086 DEBUG   echo chunk=1152 total=2315/6145 after=0.100208s
2026-08-31 05:54:31,136 DEBUG   echo chunk=1088 total=3403/6145 after=0.150326s
2026-08-31 05:54:31,187 DEBUG   echo chunk=1152 total=4555/6145 after=0.200493s
2026-08-31 05:54:31,237 DEBUG   echo chunk=1152 total=5707/6145 after=0.250637s
2026-08-31 05:54:31,254 DEBUG   echo chunk=438 total=6145/6145 after=0.267806s
2026-08-31 05:54:31,270 DEBUG   device: b'@RESULT mode=tx sequence=28 size=6145 tail=1 tx=6145 status=PASS'
2026-08-31 05:54:31,270 INFO    section=tx-tail case=17/23 PASS size=6145 dma=6144 tail=1 elapsed=0.268s
2026-08-31 05:54:31,307 DEBUG   device: b'uart> \r\x1b[2Kuart> a\r\x1b[2Kuart> au\r\x1b[2Kuart> aut\r\x1b[2Kuart> auto\r\x1b[2Kuart> auto \r\x1b[2Kuart> auto t\r\x1b[2Kuart> auto tx\r\x1b[2Kuart> auto tx \r\x1b[2Kuart> auto tx 6\r\x1b[2Kuart> auto tx 61\r\x1b[2Kuart> auto tx 614\r\x1b[2Kuart> auto tx 6146\r\x1b[2Kuart> auto tx 6146 \r\x1b[2Kuart> auto tx 6146 2\r\x1b[2Kuart> auto tx 6146 29\r\x1b[2Kuart> auto tx 6146 29 \r\x1b[2Kuart> auto tx 6146 29 4\r\x1b[2Kuart> auto tx 6146 29 42\r\x1b[2Kuart> auto tx 6146 29 426\r\x1b[2Kuart> auto tx 6146 29 4269\r\x1b[2Kuart> auto tx 6146 29 42696\r\x1b[2Kuart> auto tx 6146 29 426961\r\x1b[2Kuart> auto tx 6146 29 4269613\r\x1b[2Kuart> auto tx 6146 29 42696131\r\x1b[2Kuart> auto tx 6146 29 426961316\r\x1b[2Kuart> auto tx 6146 29 4269613165'
2026-08-31 05:54:31,310 DEBUG   device: b'@READY mode=tx sequence=29 size=6146 dma=6144 tail=2'
2026-08-31 05:54:31,360 DEBUG   echo chunk=1163 total=1163/6146 after=0.050064s
2026-08-31 05:54:31,410 DEBUG   echo chunk=1152 total=2315/6146 after=0.100191s
2026-08-31 05:54:31,461 DEBUG   echo chunk=1088 total=3403/6146 after=0.150372s
2026-08-31 05:54:31,511 DEBUG   echo chunk=1152 total=4555/6146 after=0.200562s
2026-08-31 05:54:31,561 DEBUG   echo chunk=1152 total=5707/6146 after=0.250793s
2026-08-31 05:54:31,578 DEBUG   echo chunk=439 total=6146/6146 after=0.267749s
2026-08-31 05:54:31,594 DEBUG   device: b'@RESULT mode=tx sequence=29 size=6146 tail=2 tx=6146 status=PASS'
2026-08-31 05:54:31,594 INFO    section=tx-tail case=18/23 PASS size=6146 dma=6144 tail=2 elapsed=0.268s
2026-08-31 05:54:31,632 DEBUG   device: b'uart> \r\x1b[2Kuart> a\r\x1b[2Kuart> au\r\x1b[2Kuart> aut\r\x1b[2Kuart> auto\r\x1b[2Kuart> auto \r\x1b[2Kuart> auto t\r\x1b[2Kuart> auto tx\r\x1b[2Kuart> auto tx \r\x1b[2Kuart> auto tx 6\r\x1b[2Kuart> auto tx 61\r\x1b[2Kuart> auto tx 614\r\x1b[2Kuart> auto tx 6147\r\x1b[2Kuart> auto tx 6147 \r\x1b[2Kuart> auto tx 6147 3\r\x1b[2Kuart> auto tx 6147 30\r\x1b[2Kuart> auto tx 6147 30 \r\x1b[2Kuart> auto tx 6147 30 2\r\x1b[2Kuart> auto tx 6147 30 26\r\x1b[2Kuart> auto tx 6147 30 262\r\x1b[2Kuart> auto tx 6147 30 2629\r\x1b[2Kuart> auto tx 6147 30 26290\r\x1b[2Kuart> auto tx 6147 30 262908\r\x1b[2Kuart> auto tx 6147 30 2629081\r\x1b[2Kuart> auto tx 6147 30 26290816\r\x1b[2Kuart> auto tx 6147 30 262908163\r\x1b[2Kuart> auto tx 6147 30 2629081638'
2026-08-31 05:54:31,634 DEBUG   device: b'@READY mode=tx sequence=30 size=6147 dma=6144 tail=3'
2026-08-31 05:54:31,685 DEBUG   echo chunk=1163 total=1163/6147 after=0.050063s
2026-08-31 05:54:31,735 DEBUG   echo chunk=1152 total=2315/6147 after=0.100167s
2026-08-31 05:54:31,785 DEBUG   echo chunk=1088 total=3403/6147 after=0.150311s
2026-08-31 05:54:31,835 DEBUG   echo chunk=1152 total=4555/6147 after=0.200427s
2026-08-31 05:54:31,885 DEBUG   echo chunk=1152 total=5707/6147 after=0.250608s
2026-08-31 05:54:31,902 DEBUG   echo chunk=440 total=6147/6147 after=0.267737s
2026-08-31 05:54:31,906 DEBUG   device: b'@RESULT mode=tx sequence=30 size=6147 tail=3 tx=6147 status=PASS'
2026-08-31 05:54:31,907 INFO    section=tx-tail case=19/23 PASS size=6147 dma=6144 tail=3 elapsed=0.268s
2026-08-31 05:54:31,944 DEBUG   device: b'uart> \r\x1b[2Kuart> a\r\x1b[2Kuart> au\r\x1b[2Kuart> aut\r\x1b[2Kuart> auto\r\x1b[2Kuart> auto \r\x1b[2Kuart> auto t\r\x1b[2Kuart> auto tx\r\x1b[2Kuart> auto tx \r\x1b[2Kuart> auto tx 6\r\x1b[2Kuart> auto tx 61\r\x1b[2Kuart> auto tx 614\r\x1b[2Kuart> auto tx 6148\r\x1b[2Kuart> auto tx 6148 \r\x1b[2Kuart> auto tx 6148 3\r\x1b[2Kuart> auto tx 6148 31\r\x1b[2Kuart> auto tx 6148 31 \r\x1b[2Kuart> auto tx 6148 31 9\r\x1b[2Kuart> auto tx 6148 31 98\r\x1b[2Kuart> auto tx 6148 31 988\r\x1b[2Kuart> auto tx 6148 31 9885\r\x1b[2Kuart> auto tx 6148 31 98855\r\x1b[2Kuart> auto tx 6148 31 988550\r\x1b[2Kuart> auto tx 6148 31 9885501\r\x1b[2Kuart> auto tx 6148 31 98855011\r\x1b[2Kuart> auto tx 6148 31 988550111'
2026-08-31 05:54:31,947 DEBUG   device: b'@READY mode=tx sequence=31 size=6148 dma=6144 tail=4'
2026-08-31 05:54:31,997 DEBUG   echo chunk=1136 total=1136/6148 after=0.050052s
2026-08-31 05:54:32,047 DEBUG   echo chunk=1152 total=2288/6148 after=0.100198s
2026-08-31 05:54:32,097 DEBUG   echo chunk=1152 total=3440/6148 after=0.150330s
2026-08-31 05:54:32,147 DEBUG   echo chunk=1152 total=4592/6148 after=0.200464s
2026-08-31 05:54:32,198 DEBUG   echo chunk=1152 total=5744/6148 after=0.250639s
2026-08-31 05:54:32,215 DEBUG   echo chunk=404 total=6148/6148 after=0.268074s
2026-08-31 05:54:32,231 DEBUG   device: b'@RESULT mode=tx sequence=31 size=6148 tail=4 tx=6148 status=PASS'
2026-08-31 05:54:32,231 INFO    section=tx-tail case=20/23 PASS size=6148 dma=6144 tail=4 elapsed=0.268s
2026-08-31 05:54:32,268 DEBUG   device: b'uart> \r\x1b[2Kuart> a\r\x1b[2Kuart> au\r\x1b[2Kuart> aut\r\x1b[2Kuart> auto\r\x1b[2Kuart> auto \r\x1b[2Kuart> auto t\r\x1b[2Kuart> auto tx\r\x1b[2Kuart> auto tx \r\x1b[2Kuart> auto tx 6\r\x1b[2Kuart> auto tx 61\r\x1b[2Kuart> auto tx 614\r\x1b[2Kuart> auto tx 6149\r\x1b[2Kuart> auto tx 6149 \r\x1b[2Kuart> auto tx 6149 3\r\x1b[2Kuart> auto tx 6149 32\r\x1b[2Kuart> auto tx 6149 32 \r\x1b[2Kuart> auto tx 6149 32 3\r\x1b[2Kuart> auto tx 6149 32 36\r\x1b[2Kuart> auto tx 6149 32 364\r\x1b[2Kuart> auto tx 6149 32 3642\r\x1b[2Kuart> auto tx 6149 32 36429\r\x1b[2Kuart> auto tx 6149 32 364298\r\x1b[2Kuart> auto tx 6149 32 3642985\r\x1b[2Kuart> auto tx 6149 32 36429858\r\x1b[2Kuart> auto tx 6149 32 364298588\r\x1b[2Kuart> auto tx 6149 32 3642985880'
2026-08-31 05:54:32,271 DEBUG   device: b'@READY mode=tx sequence=32 size=6149 dma=6144 tail=5'
2026-08-31 05:54:32,322 DEBUG   echo chunk=1163 total=1163/6149 after=0.050064s
2026-08-31 05:54:32,372 DEBUG   echo chunk=1152 total=2315/6149 after=0.100247s
2026-08-31 05:54:32,422 DEBUG   echo chunk=1152 total=3467/6149 after=0.150386s
2026-08-31 05:54:32,472 DEBUG   echo chunk=1088 total=4555/6149 after=0.200584s
2026-08-31 05:54:32,522 DEBUG   echo chunk=1152 total=5707/6149 after=0.250769s
2026-08-31 05:54:32,539 DEBUG   echo chunk=442 total=6149/6149 after=0.267710s
2026-08-31 05:54:32,544 DEBUG   device: b'@RESULT mode=tx sequence=32 size=6149 tail=5 tx=6149 status=PASS'
2026-08-31 05:54:32,544 INFO    section=tx-tail case=21/23 PASS size=6149 dma=6144 tail=5 elapsed=0.268s
2026-08-31 05:54:32,583 DEBUG   device: b'uart> \r\x1b[2Kuart> a\r\x1b[2Kuart> au\r\x1b[2Kuart> aut\r\x1b[2Kuart> auto\r\x1b[2Kuart> auto \r\x1b[2Kuart> auto t\r\x1b[2Kuart> auto tx\r\x1b[2Kuart> auto tx \r\x1b[2Kuart> auto tx 6\r\x1b[2Kuart> auto tx 61\r\x1b[2Kuart> auto tx 615\r\x1b[2Kuart> auto tx 6150\r\x1b[2Kuart> auto tx 6150 \r\x1b[2Kuart> auto tx 6150 3\r\x1b[2Kuart> auto tx 6150 33\r\x1b[2Kuart> auto tx 6150 33 \r\x1b[2Kuart> auto tx 6150 33 2\r\x1b[2Kuart> auto tx 6150 33 20\r\x1b[2Kuart> auto tx 6150 33 200\r\x1b[2Kuart> auto tx 6150 33 2002\r\x1b[2Kuart> auto tx 6150 33 20024\r\x1b[2Kuart> auto tx 6150 33 200245\r\x1b[2Kuart> auto tx 6150 33 2002454\r\x1b[2Kuart> auto tx 6150 33 20024543\r\x1b[2Kuart> auto tx 6150 33 200245435\r\x1b[2Kuart> auto tx 6150 33 2002454353'
2026-08-31 05:54:32,584 DEBUG   device: b'@READY mode=tx sequence=33 size=6150 dma=6144 tail=6'
2026-08-31 05:54:32,634 DEBUG   echo chunk=1161 total=1161/6150 after=0.050065s
2026-08-31 05:54:32,684 DEBUG   echo chunk=1152 total=2313/6150 after=0.100256s
2026-08-31 05:54:32,734 DEBUG   echo chunk=1152 total=3465/6150 after=0.150432s
2026-08-31 05:54:32,784 DEBUG   echo chunk=1152 total=4617/6150 after=0.200578s
2026-08-31 05:54:32,834 DEBUG   echo chunk=1088 total=5705/6150 after=0.250726s
2026-08-31 05:54:32,851 DEBUG   echo chunk=445 total=6150/6150 after=0.267600s
2026-08-31 05:54:32,855 DEBUG   device: b'@RESULT mode=tx sequence=33 size=6150 tail=6 tx=6150 status=PASS'
2026-08-31 05:54:32,855 INFO    section=tx-tail case=22/23 PASS size=6150 dma=6144 tail=6 elapsed=0.268s
2026-08-31 05:54:32,891 DEBUG   device: b'uart> \r\x1b[2Kuart> a\r\x1b[2Kuart> au\r\x1b[2Kuart> aut\r\x1b[2Kuart> auto\r\x1b[2Kuart> auto \r\x1b[2Kuart> auto t\r\x1b[2Kuart> auto tx\r\x1b[2Kuart> auto tx \r\x1b[2Kuart> auto tx 6\r\x1b[2Kuart> auto tx 61\r\x1b[2Kuart> auto tx 615\r\x1b[2Kuart> auto tx 6151\r\x1b[2Kuart> auto tx 6151 \r\x1b[2Kuart> auto tx 6151 3\r\x1b[2Kuart> auto tx 6151 34\r\x1b[2Kuart> auto tx 6151 34 \r\x1b[2Kuart> auto tx 6151 34 3\r\x1b[2Kuart> auto tx 6151 34 36\r\x1b[2Kuart> auto tx 6151 34 361\r\x1b[2Kuart> auto tx 6151 34 3619\r\x1b[2Kuart> auto tx 6151 34 36192\r\x1b[2Kuart> auto tx 6151 34 361922\r\x1b[2Kuart> auto tx 6151 34 3619228\r\x1b[2Kuart> auto tx 6151 34 36192282\r\x1b[2Kuart> auto tx 6151 34 361922826'
2026-08-31 05:54:32,894 DEBUG   device: b'@READY mode=tx sequence=34 size=6151 dma=6144 tail=7'
2026-08-31 05:54:32,944 DEBUG   echo chunk=1195 total=1195/6151 after=0.050064s
2026-08-31 05:54:32,995 DEBUG   echo chunk=1088 total=2283/6151 after=0.100199s
2026-08-31 05:54:33,045 DEBUG   echo chunk=1152 total=3435/6151 after=0.150345s
2026-08-31 05:54:33,095 DEBUG   echo chunk=1152 total=4587/6151 after=0.200492s
2026-08-31 05:54:33,145 DEBUG   echo chunk=1152 total=5739/6151 after=0.250639s
2026-08-31 05:54:33,162 DEBUG   echo chunk=412 total=6151/6151 after=0.268008s
2026-08-31 05:54:33,178 DEBUG   device: b'@RESULT mode=tx sequence=34 size=6151 tail=7 tx=6151 status=PASS'
2026-08-31 05:54:33,178 INFO    section=tx-tail case=23/23 PASS size=6151 dma=6144 tail=7 elapsed=0.268s
2026-08-31 05:54:33,178 INFO    SECTION name=tx-tail status=PASS passed=23 failed=0 elapsed=2.144s
2026-08-31 05:54:33,178 INFO    SECTION name=rx-tail status=BEGIN cases=23
2026-08-31 05:54:33,206 DEBUG   device: b'uart> \r\x1b[2Kuart> a\r\x1b[2Kuart> au\r\x1b[2Kuart> aut\r\x1b[2Kuart> auto\r\x1b[2Kuart> auto \r\x1b[2Kuart> auto r\r\x1b[2Kuart> auto rx\r\x1b[2Kuart> auto rx \r\x1b[2Kuart> auto rx 2\r\x1b[2Kuart> auto rx 2 \r\x1b[2Kuart> auto rx 2 3\r\x1b[2Kuart> auto rx 2 35\r\x1b[2Kuart> auto rx 2 35 \r\x1b[2Kuart> auto rx 2 35 3\r\x1b[2Kuart> auto rx 2 35 30\r\x1b[2Kuart> auto rx 2 35 301\r\x1b[2Kuart> auto rx 2 35 3016\r\x1b[2Kuart> auto rx 2 35 30163\r\x1b[2Kuart> auto rx 2 35 301635\r\x1b[2Kuart> auto rx 2 35 3016358\r\x1b[2Kuart> auto rx 2 35 30163585\r\x1b[2Kuart> auto rx 2 35 301635859\r\x1b[2Kuart> auto rx 2 35 3016358595'
2026-08-31 05:54:33,221 DEBUG   device: b'@READY mode=rx sequence=35 size=2 dma=0 tail=2'
2026-08-31 05:54:33,221 DEBUG   RX READY accepted; delaying 0.050s before packet TX
2026-08-31 05:54:33,272 DEBUG   RX packet submitted bytes=2 write_and_flush=0.000387s crc=0xFFFF
2026-08-31 05:54:33,291 DEBUG   device: b'@RESULT mode=rx sequence=35 size=2 dma=0 tail=2 rx=2 crc=PASS data=PASS status=PASS'
2026-08-31 05:54:33,291 INFO    section=rx-tail case=1/23 PASS size=2 dma=0 tail=2 elapsed=0.020s
2026-08-31 05:54:33,318 DEBUG   device: b'uart> \r\x1b[2Kuart> a\r\x1b[2Kuart> au\r\x1b[2Kuart> aut\r\x1b[2Kuart> auto\r\x1b[2Kuart> auto \r\x1b[2Kuart> auto r\r\x1b[2Kuart> auto rx\r\x1b[2Kuart> auto rx \r\x1b[2Kuart> auto rx 3\r\x1b[2Kuart> auto rx 3 \r\x1b[2Kuart> auto rx 3 3\r\x1b[2Kuart> auto rx 3 36\r\x1b[2Kuart> auto rx 3 36 \r\x1b[2Kuart> auto rx 3 36 1\r\x1b[2Kuart> auto rx 3 36 13\r\x1b[2Kuart> auto rx 3 36 137\r\x1b[2Kuart> auto rx 3 36 1375\r\x1b[2Kuart> auto rx 3 36 13758\r\x1b[2Kuart> auto rx 3 36 137582\r\x1b[2Kuart> auto rx 3 36 1375827\r\x1b[2Kuart> auto rx 3 36 13758270\r\x1b[2Kuart> auto rx 3 36 137582706\r\x1b[2Kuart> auto rx 3 36 1375827068'
2026-08-31 05:54:33,334 DEBUG   device: b'@READY mode=rx sequence=36 size=3 dma=0 tail=3'
2026-08-31 05:54:33,334 DEBUG   RX READY accepted; delaying 0.050s before packet TX
2026-08-31 05:54:33,384 DEBUG   RX packet submitted bytes=3 write_and_flush=0.000394s crc=0x0A6E
2026-08-31 05:54:33,404 DEBUG   device: b'@RESULT mode=rx sequence=36 size=3 dma=0 tail=3 rx=3 crc=PASS data=PASS status=PASS'
2026-08-31 05:54:33,404 INFO    section=rx-tail case=2/23 PASS size=3 dma=0 tail=3 elapsed=0.020s
2026-08-31 05:54:33,431 DEBUG   device: b'uart> \r\x1b[2Kuart> a\r\x1b[2Kuart> au\r\x1b[2Kuart> aut\r\x1b[2Kuart> auto\r\x1b[2Kuart> auto \r\x1b[2Kuart> auto r\r\x1b[2Kuart> auto rx\r\x1b[2Kuart> auto rx \r\x1b[2Kuart> auto rx 4\r\x1b[2Kuart> auto rx 4 \r\x1b[2Kuart> auto rx 4 3\r\x1b[2Kuart> auto rx 4 37\r\x1b[2Kuart> auto rx 4 37 \r\x1b[2Kuart> auto rx 4 37 4\r\x1b[2Kuart> auto rx 4 37 40\r\x1b[2Kuart> auto rx 4 37 403\r\x1b[2Kuart> auto rx 4 37 4030\r\x1b[2Kuart> auto rx 4 37 40302\r\x1b[2Kuart> auto rx 4 37 403026\r\x1b[2Kuart> auto rx 4 37 4030262\r\x1b[2Kuart> auto rx 4 37 40302628\r\x1b[2Kuart> auto rx 4 37 403026283\r\x1b[2Kuart> auto rx 4 37 4030262837'
2026-08-31 05:54:33,447 DEBUG   device: b'@READY mode=rx sequence=37 size=4 dma=0 tail=4'
2026-08-31 05:54:33,447 DEBUG   RX READY accepted; delaying 0.050s before packet TX
2026-08-31 05:54:33,498 DEBUG   RX packet submitted bytes=4 write_and_flush=0.000408s crc=0x4056
2026-08-31 05:54:33,517 DEBUG   device: b'@RESULT mode=rx sequence=37 size=4 dma=0 tail=4 rx=4 crc=PASS data=PASS status=PASS'
2026-08-31 05:54:33,517 INFO    section=rx-tail case=3/23 PASS size=4 dma=0 tail=4 elapsed=0.020s
2026-08-31 05:54:33,544 DEBUG   device: b'uart> \r\x1b[2Kuart> a\r\x1b[2Kuart> au\r\x1b[2Kuart> aut\r\x1b[2Kuart> auto\r\x1b[2Kuart> auto \r\x1b[2Kuart> auto r\r\x1b[2Kuart> auto rx\r\x1b[2Kuart> auto rx \r\x1b[2Kuart> auto rx 5\r\x1b[2Kuart> auto rx 5 \r\x1b[2Kuart> auto rx 5 3\r\x1b[2Kuart> auto rx 5 38\r\x1b[2Kuart> auto rx 5 38 \r\x1b[2Kuart> auto rx 5 38 2\r\x1b[2Kuart> auto rx 5 38 23\r\x1b[2Kuart> auto rx 5 38 238\r\x1b[2Kuart> auto rx 5 38 2389\r\x1b[2Kuart> auto rx 5 38 23897\r\x1b[2Kuart> auto rx 5 38 238973\r\x1b[2Kuart> auto rx 5 38 2389731\r\x1b[2Kuart> auto rx 5 38 23897313\r\x1b[2Kuart> auto rx 5 38 238973131\r\x1b[2Kuart> auto rx 5 38 2389731310'
2026-08-31 05:54:33,560 DEBUG   device: b'@READY mode=rx sequence=38 size=5 dma=0 tail=5'
2026-08-31 05:54:33,560 DEBUG   RX READY accepted; delaying 0.050s before packet TX
2026-08-31 05:54:33,611 DEBUG   RX packet submitted bytes=5 write_and_flush=0.000398s crc=0x9FCC
2026-08-31 05:54:33,630 DEBUG   device: b'@RESULT mode=rx sequence=38 size=5 dma=0 tail=5 rx=5 crc=PASS data=PASS status=PASS'
2026-08-31 05:54:33,630 INFO    section=rx-tail case=4/23 PASS size=5 dma=0 tail=5 elapsed=0.020s
2026-08-31 05:54:33,655 DEBUG   device: b'uart> \r\x1b[2Kuart> a\r\x1b[2Kuart> au\r\x1b[2Kuart> aut\r\x1b[2Kuart> auto\r\x1b[2Kuart> auto \r\x1b[2Kuart> auto r\r\x1b[2Kuart> auto rx\r\x1b[2Kuart> auto rx \r\x1b[2Kuart> auto rx 6\r\x1b[2Kuart> auto rx 6 \r\x1b[2Kuart> auto rx 6 3\r\x1b[2Kuart> auto rx 6 39\r\x1b[2Kuart> auto rx 6 39 \r\x1b[2Kuart> auto rx 6 39 7\r\x1b[2Kuart> auto rx 6 39 74\r\x1b[2Kuart> auto rx 6 39 749\r\x1b[2Kuart> auto rx 6 39 7491\r\x1b[2Kuart> auto rx 6 39 74919\r\x1b[2Kuart> auto rx 6 39 749199\r\x1b[2Kuart> auto rx 6 39 7491997\r\x1b[2Kuart> auto rx 6 39 74919978\r\x1b[2Kuart> auto rx 6 39 749199783'
2026-08-31 05:54:33,670 DEBUG   device: b'@READY mode=rx sequence=39 size=6 dma=0 tail=6'
2026-08-31 05:54:33,670 DEBUG   RX READY accepted; delaying 0.050s before packet TX
2026-08-31 05:54:33,722 DEBUG   RX packet submitted bytes=6 write_and_flush=0.001951s crc=0xA1C9
2026-08-31 05:54:33,740 DEBUG   device: b'@RESULT mode=rx sequence=39 size=6 dma=0 tail=6 rx=6 crc=PASS data=PASS status=PASS'
2026-08-31 05:54:33,740 INFO    section=rx-tail case=5/23 PASS size=6 dma=0 tail=6 elapsed=0.020s
2026-08-31 05:54:33,767 DEBUG   device: b'uart> \r\x1b[2Kuart> a\r\x1b[2Kuart> au\r\x1b[2Kuart> aut\r\x1b[2Kuart> auto\r\x1b[2Kuart> auto \r\x1b[2Kuart> auto r\r\x1b[2Kuart> auto rx\r\x1b[2Kuart> auto rx \r\x1b[2Kuart> auto rx 7\r\x1b[2Kuart> auto rx 7 \r\x1b[2Kuart> auto rx 7 4\r\x1b[2Kuart> auto rx 7 40\r\x1b[2Kuart> auto rx 7 40 \r\x1b[2Kuart> auto rx 7 40 3\r\x1b[2Kuart> auto rx 7 40 34\r\x1b[2Kuart> auto rx 7 40 340\r\x1b[2Kuart> auto rx 7 40 3403\r\x1b[2Kuart> auto rx 7 40 34036\r\x1b[2Kuart> auto rx 7 40 340363\r\x1b[2Kuart> auto rx 7 40 3403635\r\x1b[2Kuart> auto rx 7 40 34036355\r\x1b[2Kuart> auto rx 7 40 340363555\r\x1b[2Kuart> auto rx 7 40 3403635552'
2026-08-31 05:54:33,783 DEBUG   device: b'@READY mode=rx sequence=40 size=7 dma=0 tail=7'
2026-08-31 05:54:33,783 DEBUG   RX READY accepted; delaying 0.050s before packet TX
2026-08-31 05:54:33,835 DEBUG   RX packet submitted bytes=7 write_and_flush=0.002211s crc=0x52BC
2026-08-31 05:54:33,853 DEBUG   device: b'@RESULT mode=rx sequence=40 size=7 dma=0 tail=7 rx=7 crc=PASS data=PASS status=PASS'
2026-08-31 05:54:33,853 INFO    section=rx-tail case=6/23 PASS size=7 dma=0 tail=7 elapsed=0.020s
2026-08-31 05:54:33,880 DEBUG   device: b'uart> \r\x1b[2Kuart> a\r\x1b[2Kuart> au\r\x1b[2Kuart> aut\r\x1b[2Kuart> auto\r\x1b[2Kuart> auto \r\x1b[2Kuart> auto r\r\x1b[2Kuart> auto rx\r\x1b[2Kuart> auto rx \r\x1b[2Kuart> auto rx 8\r\x1b[2Kuart> auto rx 8 \r\x1b[2Kuart> auto rx 8 4\r\x1b[2Kuart> auto rx 8 41\r\x1b[2Kuart> auto rx 8 41 \r\x1b[2Kuart> auto rx 8 41 1\r\x1b[2Kuart> auto rx 8 41 17\r\x1b[2Kuart> auto rx 8 41 176\r\x1b[2Kuart> auto rx 8 41 1763\r\x1b[2Kuart> auto rx 8 41 17631\r\x1b[2Kuart> auto rx 8 41 176310\r\x1b[2Kuart> auto rx 8 41 1763104\r\x1b[2Kuart> auto rx 8 41 17631040\r\x1b[2Kuart> auto rx 8 41 176310402\r\x1b[2Kuart> auto rx 8 41 1763104025'
2026-08-31 05:54:33,896 DEBUG   device: b'@READY mode=rx sequence=41 size=8 dma=8 tail=0'
2026-08-31 05:54:33,896 DEBUG   RX READY accepted; delaying 0.050s before packet TX
2026-08-31 05:54:33,948 DEBUG   RX packet submitted bytes=8 write_and_flush=0.002202s crc=0xD9D1
2026-08-31 05:54:33,966 DEBUG   device: b'@RESULT mode=rx sequence=41 size=8 dma=8 tail=0 rx=8 crc=PASS data=PASS status=PASS'
2026-08-31 05:54:33,966 INFO    section=rx-tail case=7/23 PASS size=8 dma=8 tail=0 elapsed=0.020s
2026-08-31 05:54:33,991 DEBUG   device: b'uart> \r\x1b[2Kuart> a\r\x1b[2Kuart> au\r\x1b[2Kuart> aut\r\x1b[2Kuart> auto\r\x1b[2Kuart> auto \r\x1b[2Kuart> auto r\r\x1b[2Kuart> auto rx\r\x1b[2Kuart> auto rx \r\x1b[2Kuart> auto rx 9\r\x1b[2Kuart> auto rx 9 \r\x1b[2Kuart> auto rx 9 4\r\x1b[2Kuart> auto rx 9 42\r\x1b[2Kuart> auto rx 9 42 \r\x1b[2Kuart> auto rx 9 42 1\r\x1b[2Kuart> auto rx 9 42 12\r\x1b[2Kuart> auto rx 9 42 122\r\x1b[2Kuart> auto rx 9 42 1225\r\x1b[2Kuart> auto rx 9 42 12257\r\x1b[2Kuart> auto rx 9 42 122572\r\x1b[2Kuart> auto rx 9 42 1225724\r\x1b[2Kuart> auto rx 9 42 12257249\r\x1b[2Kuart> auto rx 9 42 122572498'
2026-08-31 05:54:34,006 DEBUG   device: b'@READY mode=rx sequence=42 size=9 dma=8 tail=1'
2026-08-31 05:54:34,006 DEBUG   RX READY accepted; delaying 0.050s before packet TX
2026-08-31 05:54:34,058 DEBUG   RX packet submitted bytes=9 write_and_flush=0.002004s crc=0x2064
2026-08-31 05:54:34,076 DEBUG   device: b'@RESULT mode=rx sequence=42 size=9 dma=8 tail=1 rx=9 crc=PASS data=PASS status=PASS'
2026-08-31 05:54:34,076 INFO    section=rx-tail case=8/23 PASS size=9 dma=8 tail=1 elapsed=0.020s
2026-08-31 05:54:34,103 DEBUG   device: b'uart> \r\x1b[2Kuart> a\r\x1b[2Kuart> au\r\x1b[2Kuart> aut\r\x1b[2Kuart> auto\r\x1b[2Kuart> auto \r\x1b[2Kuart> auto r\r\x1b[2Kuart> auto rx\r\x1b[2Kuart> auto rx \r\x1b[2Kuart> auto rx 1\r\x1b[2Kuart> auto rx 10\r\x1b[2Kuart> auto rx 10 \r\x1b[2Kuart> auto rx 10 4\r\x1b[2Kuart> auto rx 10 43\r\x1b[2Kuart> auto rx 10 43 \r\x1b[2Kuart> auto rx 10 43 2\r\x1b[2Kuart> auto rx 10 43 27\r\x1b[2Kuart> auto rx 10 43 277\r\x1b[2Kuart> auto rx 10 43 2777\r\x1b[2Kuart> auto rx 10 43 27770\r\x1b[2Kuart> auto rx 10 43 277700\r\x1b[2Kuart> auto rx 10 43 2777008\r\x1b[2Kuart> auto rx 10 43 27770082\r\x1b[2Kuart> auto rx 10 43 277700826\r\x1b[2Kuart> auto rx 10 43 2777008267'
2026-08-31 05:54:34,119 DEBUG   device: b'@READY mode=rx sequence=43 size=10 dma=8 tail=2'
2026-08-31 05:54:34,119 DEBUG   RX READY accepted; delaying 0.050s before packet TX
2026-08-31 05:54:34,171 DEBUG   RX packet submitted bytes=10 write_and_flush=0.002019s crc=0x2E18
2026-08-31 05:54:34,189 DEBUG   device: b'@RESULT mode=rx sequence=43 size=10 dma=8 tail=2 rx=10 crc=PASS data=PASS status=PASS'
2026-08-31 05:54:34,189 INFO    section=rx-tail case=9/23 PASS size=10 dma=8 tail=2 elapsed=0.020s
2026-08-31 05:54:34,216 DEBUG   device: b'uart> \r\x1b[2Kuart> a\r\x1b[2Kuart> au\r\x1b[2Kuart> aut\r\x1b[2Kuart> auto\r\x1b[2Kuart> auto \r\x1b[2Kuart> auto r\r\x1b[2Kuart> auto rx\r\x1b[2Kuart> auto rx \r\x1b[2Kuart> auto rx 1\r\x1b[2Kuart> auto rx 11\r\x1b[2Kuart> auto rx 11 \r\x1b[2Kuart> auto rx 11 4\r\x1b[2Kuart> auto rx 11 44\r\x1b[2Kuart> auto rx 11 44 \r\x1b[2Kuart> auto rx 11 44 1\r\x1b[2Kuart> auto rx 11 44 11\r\x1b[2Kuart> auto rx 11 44 113\r\x1b[2Kuart> auto rx 11 44 1136\r\x1b[2Kuart> auto rx 11 44 11364\r\x1b[2Kuart> auto rx 11 44 113647\r\x1b[2Kuart> auto rx 11 44 1136476\r\x1b[2Kuart> auto rx 11 44 11364767\r\x1b[2Kuart> auto rx 11 44 113647674\r\x1b[2Kuart> auto rx 11 44 1136476740'
2026-08-31 05:54:34,232 DEBUG   device: b'@READY mode=rx sequence=44 size=11 dma=8 tail=3'
2026-08-31 05:54:34,232 DEBUG   RX READY accepted; delaying 0.050s before packet TX
2026-08-31 05:54:34,285 DEBUG   RX packet submitted bytes=11 write_and_flush=0.002950s crc=0x0C4D
2026-08-31 05:54:34,302 DEBUG   device: b'@RESULT mode=rx sequence=44 size=11 dma=8 tail=3 rx=11 crc=PASS data=PASS status=PASS'
2026-08-31 05:54:34,302 INFO    section=rx-tail case=10/23 PASS size=11 dma=8 tail=3 elapsed=0.020s
2026-08-31 05:54:34,329 DEBUG   device: b'uart> \r\x1b[2Kuart> a\r\x1b[2Kuart> au\r\x1b[2Kuart> aut\r\x1b[2Kuart> auto\r\x1b[2Kuart> auto \r\x1b[2Kuart> auto r\r\x1b[2Kuart> auto rx\r\x1b[2Kuart> auto rx \r\x1b[2Kuart> auto rx 1\r\x1b[2Kuart> auto rx 12\r\x1b[2Kuart> auto rx 12 \r\x1b[2Kuart> auto rx 12 4\r\x1b[2Kuart> auto rx 12 45\r\x1b[2Kuart> auto rx 12 45 \r\x1b[2Kuart> auto rx 12 45 3\r\x1b[2Kuart> auto rx 12 45 37\r\x1b[2Kuart> auto rx 12 45 379\r\x1b[2Kuart> auto rx 12 45 3790\r\x1b[2Kuart> auto rx 12 45 37909\r\x1b[2Kuart> auto rx 12 45 379091\r\x1b[2Kuart> auto rx 12 45 3790912\r\x1b[2Kuart> auto rx 12 45 37909125\r\x1b[2Kuart> auto rx 12 45 379091250\r\x1b[2Kuart> auto rx 12 45 3790912509'
2026-08-31 05:54:34,345 DEBUG   device: b'@READY mode=rx sequence=45 size=12 dma=8 tail=4'
2026-08-31 05:54:34,345 DEBUG   RX READY accepted; delaying 0.050s before packet TX
2026-08-31 05:54:34,397 DEBUG   RX packet submitted bytes=12 write_and_flush=0.002019s crc=0x774C
2026-08-31 05:54:34,415 DEBUG   device: b'@RESULT mode=rx sequence=45 size=12 dma=8 tail=4 rx=12 crc=PASS data=PASS status=PASS'
2026-08-31 05:54:34,415 INFO    section=rx-tail case=11/23 PASS size=12 dma=8 tail=4 elapsed=0.020s
2026-08-31 05:54:34,442 DEBUG   device: b'uart> \r\x1b[2Kuart> a\r\x1b[2Kuart> au\r\x1b[2Kuart> aut\r\x1b[2Kuart> auto\r\x1b[2Kuart> auto \r\x1b[2Kuart> auto r\r\x1b[2Kuart> auto rx\r\x1b[2Kuart> auto rx \r\x1b[2Kuart> auto rx 1\r\x1b[2Kuart> auto rx 13\r\x1b[2Kuart> auto rx 13 \r\x1b[2Kuart> auto rx 13 4\r\x1b[2Kuart> auto rx 13 46\r\x1b[2Kuart> auto rx 13 46 \r\x1b[2Kuart> auto rx 13 46 2\r\x1b[2Kuart> auto rx 13 46 21\r\x1b[2Kuart> auto rx 13 46 215\r\x1b[2Kuart> auto rx 13 46 2150\r\x1b[2Kuart> auto rx 13 46 21503\r\x1b[2Kuart> auto rx 13 46 215038\r\x1b[2Kuart> auto rx 13 46 2150380\r\x1b[2Kuart> auto rx 13 46 21503809\r\x1b[2Kuart> auto rx 13 46 215038098\r\x1b[2Kuart> auto rx 13 46 2150380982'
2026-08-31 05:54:34,458 DEBUG   device: b'@READY mode=rx sequence=46 size=13 dma=8 tail=5'
2026-08-31 05:54:34,458 DEBUG   RX READY accepted; delaying 0.050s before packet TX
2026-08-31 05:54:34,510 DEBUG   RX packet submitted bytes=13 write_and_flush=0.002011s crc=0xB7F0
2026-08-31 05:54:34,528 DEBUG   device: b'@RESULT mode=rx sequence=46 size=13 dma=8 tail=5 rx=13 crc=PASS data=PASS status=PASS'
2026-08-31 05:54:34,528 INFO    section=rx-tail case=12/23 PASS size=13 dma=8 tail=5 elapsed=0.020s
2026-08-31 05:54:34,555 DEBUG   device: b'uart> \r\x1b[2Kuart> a\r\x1b[2Kuart> au\r\x1b[2Kuart> aut\r\x1b[2Kuart> auto\r\x1b[2Kuart> auto \r\x1b[2Kuart> auto r\r\x1b[2Kuart> auto rx\r\x1b[2Kuart> auto rx \r\x1b[2Kuart> auto rx 1\r\x1b[2Kuart> auto rx 14\r\x1b[2Kuart> auto rx 14 \r\x1b[2Kuart> auto rx 14 4\r\x1b[2Kuart> auto rx 14 47\r\x1b[2Kuart> auto rx 14 47 \r\x1b[2Kuart> auto rx 14 47 5\r\x1b[2Kuart> auto rx 14 47 50\r\x1b[2Kuart> auto rx 14 47 509\r\x1b[2Kuart> auto rx 14 47 5098\r\x1b[2Kuart> auto rx 14 47 50984\r\x1b[2Kuart> auto rx 14 47 509849\r\x1b[2Kuart> auto rx 14 47 5098494\r\x1b[2Kuart> auto rx 14 47 50984945\r\x1b[2Kuart> auto rx 14 47 509849455'
2026-08-31 05:54:34,571 DEBUG   device: b'@READY mode=rx sequence=47 size=14 dma=8 tail=6'
2026-08-31 05:54:34,571 DEBUG   RX READY accepted; delaying 0.050s before packet TX
2026-08-31 05:54:34,623 DEBUG   RX packet submitted bytes=14 write_and_flush=0.002182s crc=0xBE2C
2026-08-31 05:54:34,641 DEBUG   device: b'@RESULT mode=rx sequence=47 size=14 dma=8 tail=6 rx=14 crc=PASS data=PASS status=PASS'
2026-08-31 05:54:34,641 INFO    section=rx-tail case=13/23 PASS size=14 dma=8 tail=6 elapsed=0.020s
2026-08-31 05:54:34,668 DEBUG   device: b'uart> \r\x1b[2Kuart> a\r\x1b[2Kuart> au\r\x1b[2Kuart> aut\r\x1b[2Kuart> auto\r\x1b[2Kuart> auto \r\x1b[2Kuart> auto r\r\x1b[2Kuart> auto rx\r\x1b[2Kuart> auto rx \r\x1b[2Kuart> auto rx 1\r\x1b[2Kuart> auto rx 15\r\x1b[2Kuart> auto rx 15 \r\x1b[2Kuart> auto rx 15 4\r\x1b[2Kuart> auto rx 15 48\r\x1b[2Kuart> auto rx 15 48 \r\x1b[2Kuart> auto rx 15 48 3\r\x1b[2Kuart> auto rx 15 48 31\r\x1b[2Kuart> auto rx 15 48 316\r\x1b[2Kuart> auto rx 15 48 3164\r\x1b[2Kuart> auto rx 15 48 31642\r\x1b[2Kuart> auto rx 15 48 316428\r\x1b[2Kuart> auto rx 15 48 3164285\r\x1b[2Kuart> auto rx 15 48 31642852\r\x1b[2Kuart> auto rx 15 48 316428522\r\x1b[2Kuart> auto rx 15 48 3164285224'
2026-08-31 05:54:34,684 DEBUG   device: b'@READY mode=rx sequence=48 size=15 dma=8 tail=7'
2026-08-31 05:54:34,684 DEBUG   RX READY accepted; delaying 0.050s before packet TX
2026-08-31 05:54:34,736 DEBUG   RX packet submitted bytes=15 write_and_flush=0.002015s crc=0xAAD1
2026-08-31 05:54:34,754 DEBUG   device: b'@RESULT mode=rx sequence=48 size=15 dma=8 tail=7 rx=15 crc=PASS data=PASS status=PASS'
2026-08-31 05:54:34,754 INFO    section=rx-tail case=14/23 PASS size=15 dma=8 tail=7 elapsed=0.020s
2026-08-31 05:54:34,781 DEBUG   device: b'uart> \r\x1b[2Kuart> a\r\x1b[2Kuart> au\r\x1b[2Kuart> aut\r\x1b[2Kuart> auto\r\x1b[2Kuart> auto \r\x1b[2Kuart> auto r\r\x1b[2Kuart> auto rx\r\x1b[2Kuart> auto rx \r\x1b[2Kuart> auto rx 1\r\x1b[2Kuart> auto rx 16\r\x1b[2Kuart> auto rx 16 \r\x1b[2Kuart> auto rx 16 4\r\x1b[2Kuart> auto rx 16 49\r\x1b[2Kuart> auto rx 16 49 \r\x1b[2Kuart> auto rx 16 49 1\r\x1b[2Kuart> auto rx 16 49 15\r\x1b[2Kuart> auto rx 16 49 152\r\x1b[2Kuart> auto rx 16 49 1523\r\x1b[2Kuart> auto rx 16 49 15237\r\x1b[2Kuart> auto rx 16 49 152375\r\x1b[2Kuart> auto rx 16 49 1523753\r\x1b[2Kuart> auto rx 16 49 15237536\r\x1b[2Kuart> auto rx 16 49 152375369\r\x1b[2Kuart> auto rx 16 49 1523753697'
2026-08-31 05:54:34,797 DEBUG   device: b'@READY mode=rx sequence=49 size=16 dma=16 tail=0'
2026-08-31 05:54:34,797 DEBUG   RX READY accepted; delaying 0.050s before packet TX
2026-08-31 05:54:34,850 DEBUG   RX packet submitted bytes=16 write_and_flush=0.003062s crc=0x2F87
2026-08-31 05:54:34,867 DEBUG   device: b'@RESULT mode=rx sequence=49 size=16 dma=16 tail=0 rx=16 crc=PASS data=PASS status=PASS'
2026-08-31 05:54:34,867 INFO    section=rx-tail case=15/23 PASS size=16 dma=16 tail=0 elapsed=0.020s
2026-08-31 05:54:34,902 DEBUG   device: b'uart> \r\x1b[2Kuart> a\r\x1b[2Kuart> au\r\x1b[2Kuart> aut\r\x1b[2Kuart> auto\r\x1b[2Kuart> auto \r\x1b[2Kuart> auto r\r\x1b[2Kuart> auto rx\r\x1b[2Kuart> auto rx \r\x1b[2Kuart> auto rx 6\r\x1b[2Kuart> auto rx 61\r\x1b[2Kuart> auto rx 614\r\x1b[2Kuart> auto rx 6144\r\x1b[2Kuart> auto rx 6144 \r\x1b[2Kuart> auto rx 6144 5\r\x1b[2Kuart> auto rx 6144 50\r\x1b[2Kuart> auto rx 6144 50 \r\x1b[2Kuart> auto rx 6144 50 4\r\x1b[2Kuart> auto rx 6144 50 41\r\x1b[2Kuart> auto rx 6144 50 417\r\x1b[2Kuart> auto rx 6144 50 4178\r\x1b[2Kuart> auto rx 6144 50 41781\r\x1b[2Kuart> auto rx 6144 50 417818\r\x1b[2Kuart> auto rx 6144 50 4178189\r\x1b[2Kuart> auto rx 6144 50 41781894\r\x1b[2Kuart> auto rx 6144 50 417818946\r\x1b[2Kuart> auto rx 6144 50 4178189466'
2026-08-31 05:54:34,918 DEBUG   device: b'@READY mode=rx sequence=50 size=6144 dma=6144 tail=0'
2026-08-31 05:54:34,918 DEBUG   RX READY accepted; delaying 0.050s before packet TX
2026-08-31 05:54:35,237 DEBUG   RX packet submitted bytes=6144 write_and_flush=0.269016s crc=0xEA49
2026-08-31 05:54:35,257 DEBUG   device: b'@RESULT mode=rx sequence=50 size=6144 dma=6144 tail=0 rx=6144 crc=PASS data=PASS status=PASS'
2026-08-31 05:54:35,257 INFO    section=rx-tail case=16/23 PASS size=6144 dma=6144 tail=0 elapsed=0.289s
2026-08-31 05:54:35,292 DEBUG   device: b'uart> \r\x1b[2Kuart> a\r\x1b[2Kuart> au\r\x1b[2Kuart> aut\r\x1b[2Kuart> auto\r\x1b[2Kuart> auto \r\x1b[2Kuart> auto r\r\x1b[2Kuart> auto rx\r\x1b[2Kuart> auto rx \r\x1b[2Kuart> auto rx 6\r\x1b[2Kuart> auto rx 61\r\x1b[2Kuart> auto rx 614\r\x1b[2Kuart> auto rx 6145\r\x1b[2Kuart> auto rx 6145 \r\x1b[2Kuart> auto rx 6145 5\r\x1b[2Kuart> auto rx 6145 51\r\x1b[2Kuart> auto rx 6145 51 \r\x1b[2Kuart> auto rx 6145 51 2\r\x1b[2Kuart> auto rx 6145 51 25\r\x1b[2Kuart> auto rx 6145 51 253\r\x1b[2Kuart> auto rx 6145 51 2537\r\x1b[2Kuart> auto rx 6145 51 25376\r\x1b[2Kuart> auto rx 6145 51 253765\r\x1b[2Kuart> auto rx 6145 51 2537657\r\x1b[2Kuart> auto rx 6145 51 25376579\r\x1b[2Kuart> auto rx 6145 51 253765793\r\x1b[2Kuart> auto rx 6145 51 2537657939'
2026-08-31 05:54:35,308 DEBUG   device: b'@READY mode=rx sequence=51 size=6145 dma=6144 tail=1'
2026-08-31 05:54:35,308 DEBUG   RX READY accepted; delaying 0.050s before packet TX
2026-08-31 05:54:35,626 DEBUG   RX packet submitted bytes=6145 write_and_flush=0.267936s crc=0xB573
2026-08-31 05:54:35,647 DEBUG   device: b'@RESULT mode=rx sequence=51 size=6145 dma=6144 tail=1 rx=6145 crc=PASS data=PASS status=PASS'
2026-08-31 05:54:35,647 INFO    section=rx-tail case=17/23 PASS size=6145 dma=6144 tail=1 elapsed=0.289s
2026-08-31 05:54:35,682 DEBUG   device: b'uart> \r\x1b[2Kuart> a\r\x1b[2Kuart> au\r\x1b[2Kuart> aut\r\x1b[2Kuart> auto\r\x1b[2Kuart> auto \r\x1b[2Kuart> auto r\r\x1b[2Kuart> auto rx\r\x1b[2Kuart> auto rx \r\x1b[2Kuart> auto rx 6\r\x1b[2Kuart> auto rx 61\r\x1b[2Kuart> auto rx 614\r\x1b[2Kuart> auto rx 6146\r\x1b[2Kuart> auto rx 6146 \r\x1b[2Kuart> auto rx 6146 5\r\x1b[2Kuart> auto rx 6146 52\r\x1b[2Kuart> auto rx 6146 52 \r\x1b[2Kuart> auto rx 6146 52 8\r\x1b[2Kuart> auto rx 6146 52 89\r\x1b[2Kuart> auto rx 6146 52 897\r\x1b[2Kuart> auto rx 6146 52 8971\r\x1b[2Kuart> auto rx 6146 52 89712\r\x1b[2Kuart> auto rx 6146 52 897126\r\x1b[2Kuart> auto rx 6146 52 8971264\r\x1b[2Kuart> auto rx 6146 52 89712641\r\x1b[2Kuart> auto rx 6146 52 897126412'
2026-08-31 05:54:35,698 DEBUG   device: b'@READY mode=rx sequence=52 size=6146 dma=6144 tail=2'
2026-08-31 05:54:35,698 DEBUG   RX READY accepted; delaying 0.050s before packet TX
2026-08-31 05:54:36,017 DEBUG   RX packet submitted bytes=6146 write_and_flush=0.269151s crc=0x7A07
2026-08-31 05:54:36,036 DEBUG   device: b'@RESULT mode=rx sequence=52 size=6146 dma=6144 tail=2 rx=6146 crc=PASS data=PASS status=PASS'
2026-08-31 05:54:36,036 INFO    section=rx-tail case=18/23 PASS size=6146 dma=6144 tail=2 elapsed=0.288s
2026-08-31 05:54:36,071 DEBUG   device: b'uart> \r\x1b[2Kuart> a\r\x1b[2Kuart> au\r\x1b[2Kuart> aut\r\x1b[2Kuart> auto\r\x1b[2Kuart> auto \r\x1b[2Kuart> auto r\r\x1b[2Kuart> auto rx\r\x1b[2Kuart> auto rx \r\x1b[2Kuart> auto rx 6\r\x1b[2Kuart> auto rx 61\r\x1b[2Kuart> auto rx 614\r\x1b[2Kuart> auto rx 6147\r\x1b[2Kuart> auto rx 6147 \r\x1b[2Kuart> auto rx 6147 5\r\x1b[2Kuart> auto rx 6147 53\r\x1b[2Kuart> auto rx 6147 53 \r\x1b[2Kuart> auto rx 6147 53 3\r\x1b[2Kuart> auto rx 6147 53 35\r\x1b[2Kuart> auto rx 6147 53 355\r\x1b[2Kuart> auto rx 6147 53 3551\r\x1b[2Kuart> auto rx 6147 53 35515\r\x1b[2Kuart> auto rx 6147 53 355156\r\x1b[2Kuart> auto rx 6147 53 3551562\r\x1b[2Kuart> auto rx 6147 53 35515621\r\x1b[2Kuart> auto rx 6147 53 355156218\r\x1b[2Kuart> auto rx 6147 53 3551562181'
2026-08-31 05:54:36,087 DEBUG   device: b'@READY mode=rx sequence=53 size=6147 dma=6144 tail=3'
2026-08-31 05:54:36,087 DEBUG   RX READY accepted; delaying 0.050s before packet TX
2026-08-31 05:54:36,405 DEBUG   RX packet submitted bytes=6147 write_and_flush=0.267920s crc=0xDB1E
2026-08-31 05:54:36,426 DEBUG   device: b'@RESULT mode=rx sequence=53 size=6147 dma=6144 tail=3 rx=6147 crc=PASS data=PASS status=PASS'
2026-08-31 05:54:36,426 INFO    section=rx-tail case=19/23 PASS size=6147 dma=6144 tail=3 elapsed=0.289s
2026-08-31 05:54:36,461 DEBUG   device: b'uart> \r\x1b[2Kuart> a\r\x1b[2Kuart> au\r\x1b[2Kuart> aut\r\x1b[2Kuart> auto\r\x1b[2Kuart> auto \r\x1b[2Kuart> auto r\r\x1b[2Kuart> auto rx\r\x1b[2Kuart> auto rx \r\x1b[2Kuart> auto rx 6\r\x1b[2Kuart> auto rx 61\r\x1b[2Kuart> auto rx 614\r\x1b[2Kuart> auto rx 6148\r\x1b[2Kuart> auto rx 6148 \r\x1b[2Kuart> auto rx 6148 5\r\x1b[2Kuart> auto rx 6148 54\r\x1b[2Kuart> auto rx 6148 54 \r\x1b[2Kuart> auto rx 6148 54 1\r\x1b[2Kuart> auto rx 6148 54 19\r\x1b[2Kuart> auto rx 6148 54 191\r\x1b[2Kuart> auto rx 6148 54 1911\r\x1b[2Kuart> auto rx 6148 54 19110\r\x1b[2Kuart> auto rx 6148 54 191103\r\x1b[2Kuart> auto rx 6148 54 1911030\r\x1b[2Kuart> auto rx 6148 54 19110306\r\x1b[2Kuart> auto rx 6148 54 191103065\r\x1b[2Kuart> auto rx 6148 54 1911030654'
2026-08-31 05:54:36,477 DEBUG   device: b'@READY mode=rx sequence=54 size=6148 dma=6144 tail=4'
2026-08-31 05:54:36,477 DEBUG   RX READY accepted; delaying 0.050s before packet TX
2026-08-31 05:54:36,796 DEBUG   RX packet submitted bytes=6148 write_and_flush=0.268986s crc=0xFD11
2026-08-31 05:54:36,816 DEBUG   device: b'@RESULT mode=rx sequence=54 size=6148 dma=6144 tail=4 rx=6148 crc=PASS data=PASS status=PASS'
2026-08-31 05:54:36,816 INFO    section=rx-tail case=20/23 PASS size=6148 dma=6144 tail=4 elapsed=0.289s
2026-08-31 05:54:36,851 DEBUG   device: b'uart> \r\x1b[2Kuart> a\r\x1b[2Kuart> au\r\x1b[2Kuart> aut\r\x1b[2Kuart> auto\r\x1b[2Kuart> auto \r\x1b[2Kuart> auto r\r\x1b[2Kuart> auto rx\r\x1b[2Kuart> auto rx \r\x1b[2Kuart> auto rx 6\r\x1b[2Kuart> auto rx 61\r\x1b[2Kuart> auto rx 614\r\x1b[2Kuart> auto rx 6149\r\x1b[2Kuart> auto rx 6149 \r\x1b[2Kuart> auto rx 6149 5\r\x1b[2Kuart> auto rx 6149 55\r\x1b[2Kuart> auto rx 6149 55 \r\x1b[2Kuart> auto rx 6149 55 2\r\x1b[2Kuart> auto rx 6149 55 27\r\x1b[2Kuart> auto rx 6149 55 270\r\x1b[2Kuart> auto rx 6149 55 2704\r\x1b[2Kuart> auto rx 6149 55 27049\r\x1b[2Kuart> auto rx 6149 55 270499\r\x1b[2Kuart> auto rx 6149 55 2704991\r\x1b[2Kuart> auto rx 6149 55 27049912\r\x1b[2Kuart> auto rx 6149 55 270499127'
2026-08-31 05:54:36,867 DEBUG   device: b'@READY mode=rx sequence=55 size=6149 dma=6144 tail=5'
2026-08-31 05:54:36,867 DEBUG   RX READY accepted; delaying 0.050s before packet TX
2026-08-31 05:54:37,186 DEBUG   RX packet submitted bytes=6149 write_and_flush=0.269215s crc=0xA2E7
2026-08-31 05:54:37,206 DEBUG   device: b'@RESULT mode=rx sequence=55 size=6149 dma=6144 tail=5 rx=6149 crc=PASS data=PASS status=PASS'
2026-08-31 05:54:37,206 INFO    section=rx-tail case=21/23 PASS size=6149 dma=6144 tail=5 elapsed=0.289s
2026-08-31 05:54:37,241 DEBUG   device: b'uart> \r\x1b[2Kuart> a\r\x1b[2Kuart> au\r\x1b[2Kuart> aut\r\x1b[2Kuart> auto\r\x1b[2Kuart> auto \r\x1b[2Kuart> auto r\r\x1b[2Kuart> auto rx\r\x1b[2Kuart> auto rx \r\x1b[2Kuart> auto rx 6\r\x1b[2Kuart> auto rx 61\r\x1b[2Kuart> auto rx 615\r\x1b[2Kuart> auto rx 6150\r\x1b[2Kuart> auto rx 6150 \r\x1b[2Kuart> auto rx 6150 5\r\x1b[2Kuart> auto rx 6150 56\r\x1b[2Kuart> auto rx 6150 56 \r\x1b[2Kuart> auto rx 6150 56 2\r\x1b[2Kuart> auto rx 6150 56 29\r\x1b[2Kuart> auto rx 6150 56 292\r\x1b[2Kuart> auto rx 6150 56 2924\r\x1b[2Kuart> auto rx 6150 56 29249\r\x1b[2Kuart> auto rx 6150 56 292493\r\x1b[2Kuart> auto rx 6150 56 2924934\r\x1b[2Kuart> auto rx 6150 56 29249348\r\x1b[2Kuart> auto rx 6150 56 292493489\r\x1b[2Kuart> auto rx 6150 56 2924934896'
2026-08-31 05:54:37,256 DEBUG   device: b'@READY mode=rx sequence=56 size=6150 dma=6144 tail=6'
2026-08-31 05:54:37,256 DEBUG   RX READY accepted; delaying 0.050s before packet TX
2026-08-31 05:54:37,574 DEBUG   RX packet submitted bytes=6150 write_and_flush=0.267938s crc=0x5E93
2026-08-31 05:54:37,595 DEBUG   device: b'@RESULT mode=rx sequence=56 size=6150 dma=6144 tail=6 rx=6150 crc=PASS data=PASS status=PASS'
2026-08-31 05:54:37,595 INFO    section=rx-tail case=22/23 PASS size=6150 dma=6144 tail=6 elapsed=0.289s
2026-08-31 05:54:37,630 DEBUG   device: b'uart> \r\x1b[2Kuart> a\r\x1b[2Kuart> au\r\x1b[2Kuart> aut\r\x1b[2Kuart> auto\r\x1b[2Kuart> auto \r\x1b[2Kuart> auto r\r\x1b[2Kuart> auto rx\r\x1b[2Kuart> auto rx \r\x1b[2Kuart> auto rx 6\r\x1b[2Kuart> auto rx 61\r\x1b[2Kuart> auto rx 615\r\x1b[2Kuart> auto rx 6151\r\x1b[2Kuart> auto rx 6151 \r\x1b[2Kuart> auto rx 6151 5\r\x1b[2Kuart> auto rx 6151 57\r\x1b[2Kuart> auto rx 6151 57 \r\x1b[2Kuart> auto rx 6151 57 1\r\x1b[2Kuart> auto rx 6151 57 12\r\x1b[2Kuart> auto rx 6151 57 128\r\x1b[2Kuart> auto rx 6151 57 1284\r\x1b[2Kuart> auto rx 6151 57 12844\r\x1b[2Kuart> auto rx 6151 57 128440\r\x1b[2Kuart> auto rx 6151 57 1284403\r\x1b[2Kuart> auto rx 6151 57 12844033\r\x1b[2Kuart> auto rx 6151 57 128440336\r\x1b[2Kuart> auto rx 6151 57 1284403369'
2026-08-31 05:54:37,646 DEBUG   device: b'@READY mode=rx sequence=57 size=6151 dma=6144 tail=7'
2026-08-31 05:54:37,646 DEBUG   RX READY accepted; delaying 0.050s before packet TX
2026-08-31 05:54:37,965 DEBUG   RX packet submitted bytes=6151 write_and_flush=0.268969s crc=0x293C
2026-08-31 05:54:37,985 DEBUG   device: b'@RESULT mode=rx sequence=57 size=6151 dma=6144 tail=7 rx=6151 crc=PASS data=PASS status=PASS'
2026-08-31 05:54:37,985 INFO    section=rx-tail case=23/23 PASS size=6151 dma=6144 tail=7 elapsed=0.289s
2026-08-31 05:54:37,985 INFO    SECTION name=rx-tail status=PASS passed=23 failed=0 elapsed=2.608s
2026-08-31 05:54:37,985 INFO    SUITE status=PASS passed=58 failed=0 full_profile=SKIPPED
2026-08-31 05:54:37,985 INFO    BAUD_RATE status=PASS rate=2/6 index=12 baud=230400 passed=58 failed=0 elapsed=10.739s
2026-08-31 05:54:37,998 DEBUG   device: b'uart> \r\x1b[2Kuart> a\r\x1b[2Kuart> au\r\x1b[2Kuart> aut\r\x1b[2Kuart> auto\r\x1b[2Kuart> auto \r\x1b[2Kuart> auto b\r\x1b[2Kuart> auto ba\r\x1b[2Kuart> auto bau\r\x1b[2Kuart> auto baud\r\x1b[2Kuart> auto baud \r\x1b[2Kuart> auto baud 1\r\x1b[2Kuart> auto baud 11'
2026-08-31 05:54:38,014 DEBUG   device: b'@BAUD READY old_index=12 old=230400 new_index=11 new=115200'
2026-08-31 05:54:38,030 DEBUG   device: b'@BAUD ACTIVE index=11 baud=115200 mode=16x'
2026-08-31 05:54:38,030 INFO    BAUD_SWITCH status=PASS old_index=12 old=230400 new_index=11 new=115200
2026-08-31 05:54:38,035 INFO    BAUD_RATE status=BEGIN rate=3/6 index=13 baud=460800 timeout=30.0s
2026-08-31 05:54:38,059 DEBUG   device: b'uart> \r\x1b[2Kuart> a\r\x1b[2Kuart> au\r\x1b[2Kuart> aut\r\x1b[2Kuart> auto\r\x1b[2Kuart> auto \r\x1b[2Kuart> auto b\r\x1b[2Kuart> auto ba\r\x1b[2Kuart> auto bau\r\x1b[2Kuart> auto baud\r\x1b[2Kuart> auto baud \r\x1b[2Kuart> auto baud 1\r\x1b[2Kuart> auto baud 13'
2026-08-31 05:54:38,074 DEBUG   device: b'@BAUD READY old_index=11 old=115200 new_index=13 new=460800'
2026-08-31 05:54:38,090 DEBUG   device: b'@BAUD ACTIVE index=13 baud=460800 mode=13x'
2026-08-31 05:54:38,090 INFO    BAUD_SWITCH status=PASS old_index=11 old=115200 new_index=13 new=460800
2026-08-31 05:54:38,090 INFO    SUITE status=BEGIN cases=58 full_profile=SKIPPED
2026-08-31 05:54:38,090 INFO    SECTION name=smoke status=BEGIN cases=1 payload=256
2026-08-31 05:54:38,105 DEBUG   device: b'uart> \r\x1b[2Kuart> a\r\x1b[2Kuart> au\r\x1b[2Kuart> aut\r\x1b[2Kuart> auto\r\x1b[2Kuart> auto \r\x1b[2Kuart> auto d\r\x1b[2Kuart> auto dm\r\x1b[2Kuart> auto dma\r\x1b[2Kuart> auto dma \r\x1b[2Kuart> auto dma 2\r\x1b[2Kuart> auto dma 25\r\x1b[2Kuart> auto dma 256\r\x1b[2Kuart> auto dma 256 \r\x1b[2Kuart> auto dma 256 0\r\x1b[2Kuart> auto dma 256 0 \r\x1b[2Kuart> auto dma 256 0 3\r\x1b[2Kuart> auto dma 256 0 30\r\x1b[2Kuart> auto dma 256 0 305\r\x1b[2Kuart> auto dma 256 0 3054\r\x1b[2Kuart> auto dma 256 0 30541\r\x1b[2Kuart> auto dma 256 0 305419\r\x1b[2Kuart> auto dma 256 0 3054198\r\x1b[2Kuart> auto dma 256 0 30541989\r\x1b[2Kuart> auto dma 256 0 305419896'
2026-08-31 05:54:38,121 DEBUG   device: b'@READY mode=dma sequence=0 frame=280 payload=256'
2026-08-31 05:54:38,121 DEBUG   READY accepted; delaying 0.050s before frame TX
2026-08-31 05:54:38,178 DEBUG   frame TX submitted bytes=280/280 write_and_flush=0.007097s crc=0xEA60
2026-08-31 05:54:38,185 DEBUG   echo chunk=280 total=280/280 after=0.006936s
2026-08-31 05:54:38,201 DEBUG   device: b'@RESULT mode=dma sequence=0 rx=280 tx=280 crc=PASS data=PASS status=PASS'
2026-08-31 05:54:38,201 INFO    section=smoke cycle=1/1 PASS frame_payload=256 elapsed=0.014s roundtrip=35.2 KiB/s
2026-08-31 05:54:38,201 INFO    SECTION name=smoke status=PASS passed=1 failed=0 elapsed=0.014s
2026-08-31 05:54:38,201 INFO    SECTION name=large-6144 status=BEGIN cases=1 payload=6144
2026-08-31 05:54:38,222 DEBUG   device: b'uart> \r\x1b[2Kuart> a\r\x1b[2Kuart> au\r\x1b[2Kuart> aut\r\x1b[2Kuart> auto\r\x1b[2Kuart> auto \r\x1b[2Kuart> auto d\r\x1b[2Kuart> auto dm\r\x1b[2Kuart> auto dma\r\x1b[2Kuart> auto dma \r\x1b[2Kuart> auto dma 6\r\x1b[2Kuart> auto dma 61\r\x1b[2Kuart> auto dma 614\r\x1b[2Kuart> auto dma 6144\r\x1b[2Kuart> auto dma 6144 \r\x1b[2Kuart> auto dma 6144 1\r\x1b[2Kuart> auto dma 6144 1 \r\x1b[2Kuart> auto dma 6144 1 2\r\x1b[2Kuart> auto dma 6144 1 29\r\x1b[2Kuart> auto dma 6144 1 295\r\x1b[2Kuart> auto dma 6144 1 2959\r\x1b[2Kuart> auto dma 6144 1 29598\r\x1b[2Kuart> auto dma 6144 1 295985\r\x1b[2Kuart> auto dma 6144 1 2959855\r\x1b[2Kuart> auto dma 6144 1 29598556\r\x1b[2Kuart> auto dma 6144 1 295985566\r\x1b[2Kuart> auto dma 6144 1 2959855665'
2026-08-31 05:54:38,237 DEBUG   device: b'@READY mode=dma sequence=1 frame=6168 payload=6144'
2026-08-31 05:54:38,237 DEBUG   READY accepted; delaying 0.050s before frame TX
2026-08-31 05:54:38,422 DEBUG   frame TX submitted bytes=6168/6168 write_and_flush=0.135030s crc=0x6BA3
2026-08-31 05:54:38,472 DEBUG   echo chunk=2185 total=2185/6168 after=0.050066s
2026-08-31 05:54:38,523 DEBUG   echo chunk=2314 total=4499/6168 after=0.100211s
2026-08-31 05:54:38,559 DEBUG   echo chunk=1669 total=6168/6168 after=0.136446s
2026-08-31 05:54:38,576 DEBUG   device: b'@RESULT mode=dma sequence=1 rx=6168 tx=6168 crc=PASS data=PASS status=PASS'
2026-08-31 05:54:38,576 INFO    section=large-6144 cycle=1/1 PASS frame_payload=6144 elapsed=0.272s roundtrip=44.2 KiB/s
2026-08-31 05:54:38,576 INFO    SECTION name=large-6144 status=PASS passed=1 failed=0 elapsed=0.272s
2026-08-31 05:54:38,576 INFO    SECTION name=stress status=BEGIN cases=10 payload=6144
2026-08-31 05:54:38,597 DEBUG   device: b'uart> \r\x1b[2Kuart> a\r\x1b[2Kuart> au\r\x1b[2Kuart> aut\r\x1b[2Kuart> auto\r\x1b[2Kuart> auto \r\x1b[2Kuart> auto d\r\x1b[2Kuart> auto dm\r\x1b[2Kuart> auto dma\r\x1b[2Kuart> auto dma \r\x1b[2Kuart> auto dma 6\r\x1b[2Kuart> auto dma 61\r\x1b[2Kuart> auto dma 614\r\x1b[2Kuart> auto dma 6144\r\x1b[2Kuart> auto dma 6144 \r\x1b[2Kuart> auto dma 6144 2\r\x1b[2Kuart> auto dma 6144 2 \r\x1b[2Kuart> auto dma 6144 2 1\r\x1b[2Kuart> auto dma 6144 2 13\r\x1b[2Kuart> auto dma 6144 2 131\r\x1b[2Kuart> auto dma 6144 2 1319\r\x1b[2Kuart> auto dma 6144 2 13193\r\x1b[2Kuart> auto dma 6144 2 131932\r\x1b[2Kuart> auto dma 6144 2 1319324\r\x1b[2Kuart> auto dma 6144 2 13193241\r\x1b[2Kuart> auto dma 6144 2 131932413\r\x1b[2Kuart> auto dma 6144 2 1319324138'
2026-08-31 05:54:38,613 DEBUG   device: b'@READY mode=dma sequence=2 frame=6168 payload=6144'
2026-08-31 05:54:38,613 DEBUG   READY accepted; delaying 0.050s before frame TX
2026-08-31 05:54:38,799 DEBUG   frame TX submitted bytes=6168/6168 write_and_flush=0.136025s crc=0x331D
2026-08-31 05:54:38,849 DEBUG   echo chunk=2249 total=2249/6168 after=0.050062s
2026-08-31 05:54:38,900 DEBUG   echo chunk=2310 total=4559/6168 after=0.100203s
2026-08-31 05:54:38,935 DEBUG   echo chunk=1609 total=6168/6168 after=0.135182s
2026-08-31 05:54:38,952 DEBUG   device: b'@RESULT mode=dma sequence=2 rx=6168 tx=6168 crc=PASS data=PASS status=PASS'
2026-08-31 05:54:38,952 INFO    section=stress cycle=1/10 PASS frame_payload=6144 elapsed=0.271s roundtrip=44.2 KiB/s
2026-08-31 05:54:38,973 DEBUG   device: b'uart> \r\x1b[2Kuart> a\r\x1b[2Kuart> au\r\x1b[2Kuart> aut\r\x1b[2Kuart> auto\r\x1b[2Kuart> auto \r\x1b[2Kuart> auto d\r\x1b[2Kuart> auto dm\r\x1b[2Kuart> auto dma\r\x1b[2Kuart> auto dma \r\x1b[2Kuart> auto dma 6\r\x1b[2Kuart> auto dma 61\r\x1b[2Kuart> auto dma 614\r\x1b[2Kuart> auto dma 6144\r\x1b[2Kuart> auto dma 6144 \r\x1b[2Kuart> auto dma 6144 3\r\x1b[2Kuart> auto dma 6144 3 \r\x1b[2Kuart> auto dma 6144 3 3\r\x1b[2Kuart> auto dma 6144 3 39\r\x1b[2Kuart> auto dma 6144 3 397\r\x1b[2Kuart> auto dma 6144 3 3973\r\x1b[2Kuart> auto dma 6144 3 39737\r\x1b[2Kuart> auto dma 6144 3 397375\r\x1b[2Kuart> auto dma 6144 3 3973759\r\x1b[2Kuart> auto dma 6144 3 39737599\r\x1b[2Kuart> auto dma 6144 3 397375990\r\x1b[2Kuart> auto dma 6144 3 3973759907'
2026-08-31 05:54:38,988 DEBUG   device: b'@READY mode=dma sequence=3 frame=6168 payload=6144'
2026-08-31 05:54:38,988 DEBUG   READY accepted; delaying 0.050s before frame TX
2026-08-31 05:54:39,173 DEBUG   frame TX submitted bytes=6168/6168 write_and_flush=0.135048s crc=0x105A
2026-08-31 05:54:39,223 DEBUG   echo chunk=2186 total=2186/6168 after=0.050064s
2026-08-31 05:54:39,274 DEBUG   echo chunk=2314 total=4500/6168 after=0.100214s
2026-08-31 05:54:39,310 DEBUG   echo chunk=1668 total=6168/6168 after=0.136451s
2026-08-31 05:54:39,327 DEBUG   device: b'@RESULT mode=dma sequence=3 rx=6168 tx=6168 crc=PASS data=PASS status=PASS'
2026-08-31 05:54:39,327 INFO    section=stress cycle=2/10 PASS frame_payload=6144 elapsed=0.272s roundtrip=44.2 KiB/s
2026-08-31 05:54:39,348 DEBUG   device: b'uart> \r\x1b[2Kuart> a\r\x1b[2Kuart> au\r\x1b[2Kuart> aut\r\x1b[2Kuart> auto\r\x1b[2Kuart> auto \r\x1b[2Kuart> auto d\r\x1b[2Kuart> auto dm\r\x1b[2Kuart> auto dma\r\x1b[2Kuart> auto dma \r\x1b[2Kuart> auto dma 6\r\x1b[2Kuart> auto dma 61\r\x1b[2Kuart> auto dma 614\r\x1b[2Kuart> auto dma 6144\r\x1b[2Kuart> auto dma 6144 \r\x1b[2Kuart> auto dma 6144 4\r\x1b[2Kuart> auto dma 6144 4 \r\x1b[2Kuart> auto dma 6144 4 2\r\x1b[2Kuart> auto dma 6144 4 23\r\x1b[2Kuart> auto dma 6144 4 233\r\x1b[2Kuart> auto dma 6144 4 2333\r\x1b[2Kuart> auto dma 6144 4 23332\r\x1b[2Kuart> auto dma 6144 4 233322\r\x1b[2Kuart> auto dma 6144 4 2333228\r\x1b[2Kuart> auto dma 6144 4 23332283\r\x1b[2Kuart> auto dma 6144 4 233322838\r\x1b[2Kuart> auto dma 6144 4 2333228380'
2026-08-31 05:54:39,363 DEBUG   device: b'@READY mode=dma sequence=4 frame=6168 payload=6144'
2026-08-31 05:54:39,363 DEBUG   READY accepted; delaying 0.050s before frame TX
2026-08-31 05:54:39,549 DEBUG   frame TX submitted bytes=6168/6168 write_and_flush=0.135968s crc=0x306F
2026-08-31 05:54:39,599 DEBUG   echo chunk=2248 total=2248/6168 after=0.050064s
2026-08-31 05:54:39,650 DEBUG   echo chunk=2314 total=4562/6168 after=0.100219s
2026-08-31 05:54:39,685 DEBUG   echo chunk=1606 total=6168/6168 after=0.135287s
2026-08-31 05:54:39,702 DEBUG   device: b'@RESULT mode=dma sequence=4 rx=6168 tx=6168 crc=PASS data=PASS status=PASS'
2026-08-31 05:54:39,702 INFO    section=stress cycle=3/10 PASS frame_payload=6144 elapsed=0.271s roundtrip=44.2 KiB/s
2026-08-31 05:54:39,722 DEBUG   device: b'uart> \r\x1b[2Kuart> a\r\x1b[2Kuart> au\r\x1b[2Kuart> aut\r\x1b[2Kuart> auto\r\x1b[2Kuart> auto \r\x1b[2Kuart> auto d\r\x1b[2Kuart> auto dm\r\x1b[2Kuart> auto dma\r\x1b[2Kuart> auto dma \r\x1b[2Kuart> auto dma 6\r\x1b[2Kuart> auto dma 61\r\x1b[2Kuart> auto dma 614\r\x1b[2Kuart> auto dma 6144\r\x1b[2Kuart> auto dma 6144 \r\x1b[2Kuart> auto dma 6144 5\r\x1b[2Kuart> auto dma 6144 5 \r\x1b[2Kuart> auto dma 6144 5 6\r\x1b[2Kuart> auto dma 6144 5 69\r\x1b[2Kuart> auto dma 6144 5 692\r\x1b[2Kuart> auto dma 6144 5 6926\r\x1b[2Kuart> auto dma 6144 5 69269\r\x1b[2Kuart> auto dma 6144 5 692696\r\x1b[2Kuart> auto dma 6144 5 6926968\r\x1b[2Kuart> auto dma 6144 5 69269685\r\x1b[2Kuart> auto dma 6144 5 692696853'
2026-08-31 05:54:39,738 DEBUG   device: b'@READY mode=dma sequence=5 frame=6168 payload=6144'
2026-08-31 05:54:39,738 DEBUG   READY accepted; delaying 0.050s before frame TX
2026-08-31 05:54:39,923 DEBUG   frame TX submitted bytes=6168/6168 write_and_flush=0.135207s crc=0x1A18
2026-08-31 05:54:39,973 DEBUG   echo chunk=2187 total=2187/6168 after=0.050062s
2026-08-31 05:54:40,024 DEBUG   echo chunk=2313 total=4500/6168 after=0.100202s
2026-08-31 05:54:40,060 DEBUG   echo chunk=1668 total=6168/6168 after=0.136250s
2026-08-31 05:54:40,077 DEBUG   device: b'@RESULT mode=dma sequence=5 rx=6168 tx=6168 crc=PASS data=PASS status=PASS'
2026-08-31 05:54:40,077 INFO    section=stress cycle=4/10 PASS frame_payload=6144 elapsed=0.272s roundtrip=44.2 KiB/s
2026-08-31 05:54:40,098 DEBUG   device: b'uart> \r\x1b[2Kuart> a\r\x1b[2Kuart> au\r\x1b[2Kuart> aut\r\x1b[2Kuart> auto\r\x1b[2Kuart> auto \r\x1b[2Kuart> auto d\r\x1b[2Kuart> auto dm\r\x1b[2Kuart> auto dma\r\x1b[2Kuart> auto dma \r\x1b[2Kuart> auto dma 6\r\x1b[2Kuart> auto dma 61\r\x1b[2Kuart> auto dma 614\r\x1b[2Kuart> auto dma 6144\r\x1b[2Kuart> auto dma 6144 \r\x1b[2Kuart> auto dma 6144 6\r\x1b[2Kuart> auto dma 6144 6 \r\x1b[2Kuart> auto dma 6144 6 3\r\x1b[2Kuart> auto dma 6144 6 33\r\x1b[2Kuart> auto dma 6144 6 334\r\x1b[2Kuart> auto dma 6144 6 3347\r\x1b[2Kuart> auto dma 6144 6 33471\r\x1b[2Kuart> auto dma 6144 6 334713\r\x1b[2Kuart> auto dma 6144 6 3347132\r\x1b[2Kuart> auto dma 6144 6 33471326\r\x1b[2Kuart> auto dma 6144 6 334713262\r\x1b[2Kuart> auto dma 6144 6 3347132622'
2026-08-31 05:54:40,113 DEBUG   device: b'@READY mode=dma sequence=6 frame=6168 payload=6144'
2026-08-31 05:54:40,113 DEBUG   READY accepted; delaying 0.050s before frame TX
2026-08-31 05:54:40,298 DEBUG   frame TX submitted bytes=6168/6168 write_and_flush=0.135049s crc=0x468A
2026-08-31 05:54:40,349 DEBUG   echo chunk=2184 total=2184/6168 after=0.050063s
2026-08-31 05:54:40,399 DEBUG   echo chunk=2311 total=4495/6168 after=0.100204s
2026-08-31 05:54:40,436 DEBUG   echo chunk=1673 total=6168/6168 after=0.137803s
2026-08-31 05:54:40,452 DEBUG   device: b'@RESULT mode=dma sequence=6 rx=6168 tx=6168 crc=PASS data=PASS status=PASS'
2026-08-31 05:54:40,452 INFO    section=stress cycle=5/10 PASS frame_payload=6144 elapsed=0.273s roundtrip=43.9 KiB/s
2026-08-31 05:54:40,473 DEBUG   device: b'uart> \r\x1b[2Kuart> a\r\x1b[2Kuart> au\r\x1b[2Kuart> aut\r\x1b[2Kuart> auto\r\x1b[2Kuart> auto \r\x1b[2Kuart> auto d\r\x1b[2Kuart> auto dm\r\x1b[2Kuart> auto dma\r\x1b[2Kuart> auto dma \r\x1b[2Kuart> auto dma 6\r\x1b[2Kuart> auto dma 61\r\x1b[2Kuart> auto dma 614\r\x1b[2Kuart> auto dma 6144\r\x1b[2Kuart> auto dma 6144 \r\x1b[2Kuart> auto dma 6144 7\r\x1b[2Kuart> auto dma 6144 7 \r\x1b[2Kuart> auto dma 6144 7 1\r\x1b[2Kuart> auto dma 6144 7 17\r\x1b[2Kuart> auto dma 6144 7 170\r\x1b[2Kuart> auto dma 6144 7 1706\r\x1b[2Kuart> auto dma 6144 7 17066\r\x1b[2Kuart> auto dma 6144 7 170660\r\x1b[2Kuart> auto dma 6144 7 1706601\r\x1b[2Kuart> auto dma 6144 7 17066010\r\x1b[2Kuart> auto dma 6144 7 170660109\r\x1b[2Kuart> auto dma 6144 7 1706601095'
2026-08-31 05:54:40,488 DEBUG   device: b'@READY mode=dma sequence=7 frame=6168 payload=6144'
2026-08-31 05:54:40,488 DEBUG   READY accepted; delaying 0.050s before frame TX
2026-08-31 05:54:40,673 DEBUG   frame TX submitted bytes=6168/6168 write_and_flush=0.135085s crc=0x9A23
2026-08-31 05:54:40,723 DEBUG   echo chunk=2186 total=2186/6168 after=0.050063s
2026-08-31 05:54:40,774 DEBUG   echo chunk=2311 total=4497/6168 after=0.100206s
2026-08-31 05:54:40,811 DEBUG   echo chunk=1671 total=6168/6168 after=0.137618s
2026-08-31 05:54:40,827 DEBUG   device: b'@RESULT mode=dma sequence=7 rx=6168 tx=6168 crc=PASS data=PASS status=PASS'
2026-08-31 05:54:40,827 INFO    section=stress cycle=6/10 PASS frame_payload=6144 elapsed=0.273s roundtrip=44.0 KiB/s
2026-08-31 05:54:40,846 DEBUG   device: b'uart> \r\x1b[2Kuart> a\r\x1b[2Kuart> au\r\x1b[2Kuart> aut\r\x1b[2Kuart> auto\r\x1b[2Kuart> auto \r\x1b[2Kuart> auto d\r\x1b[2Kuart> auto dm\r\x1b[2Kuart> auto dma\r\x1b[2Kuart> auto dma \r\x1b[2Kuart> auto dma 6\r\x1b[2Kuart> auto dma 61\r\x1b[2Kuart> auto dma 614\r\x1b[2Kuart> auto dma 6144\r\x1b[2Kuart> auto dma 6144 \r\x1b[2Kuart> auto dma 6144 8\r\x1b[2Kuart> auto dma 6144 8 \r\x1b[2Kuart> auto dma 6144 8 6\r\x1b[2Kuart> auto dma 6144 8 66\r\x1b[2Kuart> auto dma 6144 8 660\r\x1b[2Kuart> auto dma 6144 8 6606\r\x1b[2Kuart> auto dma 6144 8 66069\r\x1b[2Kuart> auto dma 6144 8 660695\r\x1b[2Kuart> auto dma 6144 8 6606956\r\x1b[2Kuart> auto dma 6144 8 66069568'
2026-08-31 05:54:40,862 DEBUG   device: b'@READY mode=dma sequence=8 frame=6168 payload=6144'
2026-08-31 05:54:40,862 DEBUG   READY accepted; delaying 0.050s before frame TX
2026-08-31 05:54:41,047 DEBUG   frame TX submitted bytes=6168/6168 write_and_flush=0.135071s crc=0x4CE4
2026-08-31 05:54:41,097 DEBUG   echo chunk=2184 total=2184/6168 after=0.050063s
2026-08-31 05:54:41,148 DEBUG   echo chunk=2310 total=4494/6168 after=0.100190s
2026-08-31 05:54:41,185 DEBUG   echo chunk=1674 total=6168/6168 after=0.137621s
2026-08-31 05:54:41,201 DEBUG   device: b'@RESULT mode=dma sequence=8 rx=6168 tx=6168 crc=PASS data=PASS status=PASS'
2026-08-31 05:54:41,201 INFO    section=stress cycle=7/10 PASS frame_payload=6144 elapsed=0.273s roundtrip=44.0 KiB/s
2026-08-31 05:54:41,222 DEBUG   device: b'uart> \r\x1b[2Kuart> a\r\x1b[2Kuart> au\r\x1b[2Kuart> aut\r\x1b[2Kuart> auto\r\x1b[2Kuart> auto \r\x1b[2Kuart> auto d\r\x1b[2Kuart> auto dm\r\x1b[2Kuart> auto dma\r\x1b[2Kuart> auto dma \r\x1b[2Kuart> auto dma 6\r\x1b[2Kuart> auto dma 61\r\x1b[2Kuart> auto dma 614\r\x1b[2Kuart> auto dma 6144\r\x1b[2Kuart> auto dma 6144 \r\x1b[2Kuart> auto dma 6144 9\r\x1b[2Kuart> auto dma 6144 9 \r\x1b[2Kuart> auto dma 6144 9 2\r\x1b[2Kuart> auto dma 6144 9 27\r\x1b[2Kuart> auto dma 6144 9 272\r\x1b[2Kuart> auto dma 6144 9 2720\r\x1b[2Kuart> auto dma 6144 9 27205\r\x1b[2Kuart> auto dma 6144 9 272050\r\x1b[2Kuart> auto dma 6144 9 2720505\r\x1b[2Kuart> auto dma 6144 9 27205053\r\x1b[2Kuart> auto dma 6144 9 272050533\r\x1b[2Kuart> auto dma 6144 9 2720505337'
2026-08-31 05:54:41,237 DEBUG   device: b'@READY mode=dma sequence=9 frame=6168 payload=6144'
2026-08-31 05:54:41,237 DEBUG   READY accepted; delaying 0.050s before frame TX
2026-08-31 05:54:41,423 DEBUG   frame TX submitted bytes=6168/6168 write_and_flush=0.136099s crc=0x4EAB
2026-08-31 05:54:41,474 DEBUG   echo chunk=2246 total=2246/6168 after=0.050071s
2026-08-31 05:54:41,524 DEBUG   echo chunk=2311 total=4557/6168 after=0.100250s
2026-08-31 05:54:41,560 DEBUG   echo chunk=1611 total=6168/6168 after=0.136463s
2026-08-31 05:54:41,576 DEBUG   device: b'@RESULT mode=dma sequence=9 rx=6168 tx=6168 crc=PASS data=PASS status=PASS'
2026-08-31 05:54:41,576 INFO    section=stress cycle=8/10 PASS frame_payload=6144 elapsed=0.273s roundtrip=44.0 KiB/s
2026-08-31 05:54:41,598 DEBUG   device: b'uart> \r\x1b[2Kuart> a\r\x1b[2Kuart> au\r\x1b[2Kuart> aut\r\x1b[2Kuart> auto\r\x1b[2Kuart> auto \r\x1b[2Kuart> auto d\r\x1b[2Kuart> auto dm\r\x1b[2Kuart> auto dma\r\x1b[2Kuart> auto dma \r\x1b[2Kuart> auto dma 6\r\x1b[2Kuart> auto dma 61\r\x1b[2Kuart> auto dma 614\r\x1b[2Kuart> auto dma 6144\r\x1b[2Kuart> auto dma 6144 \r\x1b[2Kuart> auto dma 6144 1\r\x1b[2Kuart> auto dma 6144 10\r\x1b[2Kuart> auto dma 6144 10 \r\x1b[2Kuart> auto dma 6144 10 1\r\x1b[2Kuart> auto dma 6144 10 10\r\x1b[2Kuart> auto dma 6144 10 107\r\x1b[2Kuart> auto dma 6144 10 1079\r\x1b[2Kuart> auto dma 6144 10 10799\r\x1b[2Kuart> auto dma 6144 10 107997\r\x1b[2Kuart> auto dma 6144 10 1079973\r\x1b[2Kuart> auto dma 6144 10 10799738\r\x1b[2Kuart> auto dma 6144 10 107997381\r\x1b[2Kuart> auto dma 6144 10 1079973810'
2026-08-31 05:54:41,614 DEBUG   device: b'@READY mode=dma sequence=10 frame=6168 payload=6144'
2026-08-31 05:54:41,614 DEBUG   READY accepted; delaying 0.050s before frame TX
2026-08-31 05:54:41,799 DEBUG   frame TX submitted bytes=6168/6168 write_and_flush=0.135254s crc=0x1E8C
2026-08-31 05:54:41,850 DEBUG   echo chunk=2247 total=2247/6168 after=0.050065s
2026-08-31 05:54:41,900 DEBUG   echo chunk=2247 total=4494/6168 after=0.100250s
2026-08-31 05:54:41,937 DEBUG   echo chunk=1674 total=6168/6168 after=0.137267s
2026-08-31 05:54:41,953 DEBUG   device: b'@RESULT mode=dma sequence=10 rx=6168 tx=6168 crc=PASS data=PASS status=PASS'
2026-08-31 05:54:41,953 INFO    section=stress cycle=9/10 PASS frame_payload=6144 elapsed=0.273s roundtrip=44.0 KiB/s
2026-08-31 05:54:41,975 DEBUG   device: b'uart> \r\x1b[2Kuart> a\r\x1b[2Kuart> au\r\x1b[2Kuart> aut\r\x1b[2Kuart> auto\r\x1b[2Kuart> auto \r\x1b[2Kuart> auto d\r\x1b[2Kuart> auto dm\r\x1b[2Kuart> auto dma\r\x1b[2Kuart> auto dma \r\x1b[2Kuart> auto dma 6\r\x1b[2Kuart> auto dma 61\r\x1b[2Kuart> auto dma 614\r\x1b[2Kuart> auto dma 6144\r\x1b[2Kuart> auto dma 6144 \r\x1b[2Kuart> auto dma 6144 1\r\x1b[2Kuart> auto dma 6144 11\r\x1b[2Kuart> auto dma 6144 11 \r\x1b[2Kuart> auto dma 6144 11 3\r\x1b[2Kuart> auto dma 6144 11 37\r\x1b[2Kuart> auto dma 6144 11 373\r\x1b[2Kuart> auto dma 6144 11 3734\r\x1b[2Kuart> auto dma 6144 11 37344\r\x1b[2Kuart> auto dma 6144 11 373440\r\x1b[2Kuart> auto dma 6144 11 3734409\r\x1b[2Kuart> auto dma 6144 11 37344095\r\x1b[2Kuart> auto dma 6144 11 373440957\r\x1b[2Kuart> auto dma 6144 11 3734409579'
2026-08-31 05:54:41,991 DEBUG   device: b'@READY mode=dma sequence=11 frame=6168 payload=6144'
2026-08-31 05:54:41,991 DEBUG   READY accepted; delaying 0.050s before frame TX
2026-08-31 05:54:42,177 DEBUG   frame TX submitted bytes=6168/6168 write_and_flush=0.136237s crc=0x95F0
2026-08-31 05:54:42,228 DEBUG   echo chunk=2249 total=2249/6168 after=0.050069s
2026-08-31 05:54:42,278 DEBUG   echo chunk=2309 total=4558/6168 after=0.100256s
2026-08-31 05:54:42,314 DEBUG   echo chunk=1610 total=6168/6168 after=0.136449s
2026-08-31 05:54:42,330 DEBUG   device: b'@RESULT mode=dma sequence=11 rx=6168 tx=6168 crc=PASS data=PASS status=PASS'
2026-08-31 05:54:42,330 INFO    section=stress cycle=10/10 PASS frame_payload=6144 elapsed=0.273s roundtrip=44.0 KiB/s
2026-08-31 05:54:42,330 INFO    SECTION name=stress status=PASS passed=10 failed=0 elapsed=2.723s
2026-08-31 05:54:42,330 INFO    SECTION name=tx-tail status=BEGIN cases=23
2026-08-31 05:54:42,344 DEBUG   device: b'uart> \r\x1b[2Kuart> a\r\x1b[2Kuart> au\r\x1b[2Kuart> aut\r\x1b[2Kuart> auto\r\x1b[2Kuart> auto \r\x1b[2Kuart> auto t\r\x1b[2Kuart> auto tx\r\x1b[2Kuart> auto tx \r\x1b[2Kuart> auto tx 2\r\x1b[2Kuart> auto tx 2 \r\x1b[2Kuart> auto tx 2 1\r\x1b[2Kuart> auto tx 2 12\r\x1b[2Kuart> auto tx 2 12 \r\x1b[2Kuart> auto tx 2 12 2\r\x1b[2Kuart> auto tx 2 12 20\r\x1b[2Kuart> auto tx 2 12 209\r\x1b[2Kuart> auto tx 2 12 2093\r\x1b[2Kuart> auto tx 2 12 20938\r\x1b[2Kuart> auto tx 2 12 209387\r\x1b[2Kuart> auto tx 2 12 2093878\r\x1b[2Kuart> auto tx 2 12 20938780\r\x1b[2Kuart> auto tx 2 12 209387805\r\x1b[2Kuart> auto tx 2 12 2093878052'
2026-08-31 05:54:42,346 DEBUG   device: b'@READY mode=tx sequence=12 size=2 dma=0 tail=2'
2026-08-31 05:54:42,346 DEBUG   echo chunk=2 total=2/2 after=0.000008s
2026-08-31 05:54:42,346 DEBUG   device: b'@RESULT mode=tx sequence=12 size=2 tail=2 tx=2 status=PASS'
2026-08-31 05:54:42,347 INFO    section=tx-tail case=1/23 PASS size=2 dma=0 tail=2 elapsed=0.000s
2026-08-31 05:54:42,359 DEBUG   device: b'uart> \r\x1b[2Kuart> a\r\x1b[2Kuart> au\r\x1b[2Kuart> aut\r\x1b[2Kuart> auto\r\x1b[2Kuart> auto \r\x1b[2Kuart> auto t\r\x1b[2Kuart> auto tx\r\x1b[2Kuart> auto tx \r\x1b[2Kuart> auto tx 3\r\x1b[2Kuart> auto tx 3 \r\x1b[2Kuart> auto tx 3 1\r\x1b[2Kuart> auto tx 3 13\r\x1b[2Kuart> auto tx 3 13 \r\x1b[2Kuart> auto tx 3 13 4\r\x1b[2Kuart> auto tx 3 13 45\r\x1b[2Kuart> auto tx 3 13 453\r\x1b[2Kuart> auto tx 3 13 4533\r\x1b[2Kuart> auto tx 3 13 45334\r\x1b[2Kuart> auto tx 3 13 453346\r\x1b[2Kuart> auto tx 3 13 4533465\r\x1b[2Kuart> auto tx 3 13 45334652\r\x1b[2Kuart> auto tx 3 13 453346525'
2026-08-31 05:54:42,361 DEBUG   device: b'@READY mode=tx sequence=13 size=3 dma=0 tail=3'
2026-08-31 05:54:42,361 DEBUG   echo chunk=3 total=3/3 after=0.000007s
2026-08-31 05:54:42,377 DEBUG   device: b'@RESULT mode=tx sequence=13 size=3 tail=3 tx=3 status=PASS'
2026-08-31 05:54:42,377 INFO    section=tx-tail case=2/23 PASS size=3 dma=0 tail=3 elapsed=0.000s
2026-08-31 05:54:42,391 DEBUG   device: b'uart> \r\x1b[2Kuart> a\r\x1b[2Kuart> au\r\x1b[2Kuart> aut\r\x1b[2Kuart> auto\r\x1b[2Kuart> auto \r\x1b[2Kuart> auto t\r\x1b[2Kuart> auto tx\r\x1b[2Kuart> auto tx \r\x1b[2Kuart> auto tx 4\r\x1b[2Kuart> auto tx 4 \r\x1b[2Kuart> auto tx 4 1\r\x1b[2Kuart> auto tx 4 14\r\x1b[2Kuart> auto tx 4 14 \r\x1b[2Kuart> auto tx 4 14 3\r\x1b[2Kuart> auto tx 4 14 31\r\x1b[2Kuart> auto tx 4 14 310\r\x1b[2Kuart> auto tx 4 14 3107\r\x1b[2Kuart> auto tx 4 14 31077\r\x1b[2Kuart> auto tx 4 14 310778\r\x1b[2Kuart> auto tx 4 14 3107782\r\x1b[2Kuart> auto tx 4 14 31077822\r\x1b[2Kuart> auto tx 4 14 310778229\r\x1b[2Kuart> auto tx 4 14 3107782294'
2026-08-31 05:54:42,393 DEBUG   device: b'@READY mode=tx sequence=14 size=4 dma=0 tail=4'
2026-08-31 05:54:42,393 DEBUG   echo chunk=4 total=4/4 after=0.000013s
2026-08-31 05:54:42,409 DEBUG   device: b'@RESULT mode=tx sequence=14 size=4 tail=4 tx=4 status=PASS'
2026-08-31 05:54:42,409 INFO    section=tx-tail case=3/23 PASS size=4 dma=0 tail=4 elapsed=0.000s
2026-08-31 05:54:42,423 DEBUG   device: b'uart> \r\x1b[2Kuart> a\r\x1b[2Kuart> au\r\x1b[2Kuart> aut\r\x1b[2Kuart> auto\r\x1b[2Kuart> auto \r\x1b[2Kuart> auto t\r\x1b[2Kuart> auto tx\r\x1b[2Kuart> auto tx \r\x1b[2Kuart> auto tx 5\r\x1b[2Kuart> auto tx 5 \r\x1b[2Kuart> auto tx 5 1\r\x1b[2Kuart> auto tx 5 15\r\x1b[2Kuart> auto tx 5 15 \r\x1b[2Kuart> auto tx 5 15 1\r\x1b[2Kuart> auto tx 5 15 14\r\x1b[2Kuart> auto tx 5 15 146\r\x1b[2Kuart> auto tx 5 15 1467\r\x1b[2Kuart> auto tx 5 15 14672\r\x1b[2Kuart> auto tx 5 15 146725\r\x1b[2Kuart> auto tx 5 15 1467250\r\x1b[2Kuart> auto tx 5 15 14672507\r\x1b[2Kuart> auto tx 5 15 146725076\r\x1b[2Kuart> auto tx 5 15 1467250767'
2026-08-31 05:54:42,425 DEBUG   device: b'@READY mode=tx sequence=15 size=5 dma=0 tail=5'
2026-08-31 05:54:42,425 DEBUG   echo chunk=5 total=5/5 after=0.000007s
2026-08-31 05:54:42,441 DEBUG   device: b'@RESULT mode=tx sequence=15 size=5 tail=5 tx=5 status=PASS'
2026-08-31 05:54:42,441 INFO    section=tx-tail case=4/23 PASS size=5 dma=0 tail=5 elapsed=0.000s
2026-08-31 05:54:42,455 DEBUG   device: b'uart> \r\x1b[2Kuart> a\r\x1b[2Kuart> au\r\x1b[2Kuart> aut\r\x1b[2Kuart> auto\r\x1b[2Kuart> auto \r\x1b[2Kuart> auto t\r\x1b[2Kuart> auto tx\r\x1b[2Kuart> auto tx \r\x1b[2Kuart> auto tx 6\r\x1b[2Kuart> auto tx 6 \r\x1b[2Kuart> auto tx 6 1\r\x1b[2Kuart> auto tx 6 16\r\x1b[2Kuart> auto tx 6 16 \r\x1b[2Kuart> auto tx 6 16 4\r\x1b[2Kuart> auto tx 6 16 41\r\x1b[2Kuart> auto tx 6 16 412\r\x1b[2Kuart> auto tx 6 16 4121\r\x1b[2Kuart> auto tx 6 16 41216\r\x1b[2Kuart> auto tx 6 16 412168\r\x1b[2Kuart> auto tx 6 16 4121686\r\x1b[2Kuart> auto tx 6 16 41216865\r\x1b[2Kuart> auto tx 6 16 412168653\r\x1b[2Kuart> auto tx 6 16 4121686536'
2026-08-31 05:54:42,456 DEBUG   device: b'@READY mode=tx sequence=16 size=6 dma=0 tail=6'
2026-08-31 05:54:42,457 DEBUG   echo chunk=6 total=6/6 after=0.001445s
2026-08-31 05:54:42,457 DEBUG   device: b'@RESULT mode=tx sequence=16 size=6 tail=6 tx=6 status=PASS'
2026-08-31 05:54:42,457 INFO    section=tx-tail case=5/23 PASS size=6 dma=0 tail=6 elapsed=0.001s
2026-08-31 05:54:42,472 DEBUG   device: b'uart> \r\x1b[2Kuart> a\r\x1b[2Kuart> au\r\x1b[2Kuart> aut\r\x1b[2Kuart> auto\r\x1b[2Kuart> auto \r\x1b[2Kuart> auto t\r\x1b[2Kuart> auto tx\r\x1b[2Kuart> auto tx \r\x1b[2Kuart> auto tx 7\r\x1b[2Kuart> auto tx 7 \r\x1b[2Kuart> auto tx 7 1\r\x1b[2Kuart> auto tx 7 17\r\x1b[2Kuart> auto tx 7 17 \r\x1b[2Kuart> auto tx 7 17 2\r\x1b[2Kuart> auto tx 7 17 24\r\x1b[2Kuart> auto tx 7 17 248\r\x1b[2Kuart> auto tx 7 17 2481\r\x1b[2Kuart> auto tx 7 17 24811\r\x1b[2Kuart> auto tx 7 17 248115\r\x1b[2Kuart> auto tx 7 17 2481155\r\x1b[2Kuart> auto tx 7 17 24811550\r\x1b[2Kuart> auto tx 7 17 248115500\r\x1b[2Kuart> auto tx 7 17 2481155009'
2026-08-31 05:54:42,472 DEBUG   device: b'@READY mode=tx sequence=17 size=7 dma=0 tail=7'
2026-08-31 05:54:42,473 DEBUG   echo chunk=7 total=7/7 after=0.001338s
2026-08-31 05:54:42,489 DEBUG   device: b'@RESULT mode=tx sequence=17 size=7 tail=7 tx=7 status=PASS'
2026-08-31 05:54:42,489 INFO    section=tx-tail case=6/23 PASS size=7 dma=0 tail=7 elapsed=0.001s
2026-08-31 05:54:42,502 DEBUG   device: b'uart> \r\x1b[2Kuart> a\r\x1b[2Kuart> au\r\x1b[2Kuart> aut\r\x1b[2Kuart> auto\r\x1b[2Kuart> auto \r\x1b[2Kuart> auto t\r\x1b[2Kuart> auto tx\r\x1b[2Kuart> auto tx \r\x1b[2Kuart> auto tx 8\r\x1b[2Kuart> auto tx 8 \r\x1b[2Kuart> auto tx 8 1\r\x1b[2Kuart> auto tx 8 18\r\x1b[2Kuart> auto tx 8 18 \r\x1b[2Kuart> auto tx 8 18 8\r\x1b[2Kuart> auto tx 8 18 84\r\x1b[2Kuart> auto tx 8 18 840\r\x1b[2Kuart> auto tx 8 18 8406\r\x1b[2Kuart> auto tx 8 18 84062\r\x1b[2Kuart> auto tx 8 18 840623\r\x1b[2Kuart> auto tx 8 18 8406234\r\x1b[2Kuart> auto tx 8 18 84062348\r\x1b[2Kuart> auto tx 8 18 840623482'
2026-08-31 05:54:42,503 DEBUG   device: b'@READY mode=tx sequence=18 size=8 dma=8 tail=0'
2026-08-31 05:54:42,504 DEBUG   echo chunk=8 total=8/8 after=0.000010s
2026-08-31 05:54:42,519 DEBUG   device: b'@RESULT mode=tx sequence=18 size=8 tail=0 tx=8 status=PASS'
2026-08-31 05:54:42,519 INFO    section=tx-tail case=7/23 PASS size=8 dma=8 tail=0 elapsed=0.000s
2026-08-31 05:54:42,533 DEBUG   device: b'uart> \r\x1b[2Kuart> a\r\x1b[2Kuart> au\r\x1b[2Kuart> aut\r\x1b[2Kuart> auto\r\x1b[2Kuart> auto \r\x1b[2Kuart> auto t\r\x1b[2Kuart> auto tx\r\x1b[2Kuart> auto tx \r\x1b[2Kuart> auto tx 9\r\x1b[2Kuart> auto tx 9 \r\x1b[2Kuart> auto tx 9 1\r\x1b[2Kuart> auto tx 9 19\r\x1b[2Kuart> auto tx 9 19 \r\x1b[2Kuart> auto tx 9 19 3\r\x1b[2Kuart> auto tx 9 19 34\r\x1b[2Kuart> auto tx 9 19 349\r\x1b[2Kuart> auto tx 9 19 3495\r\x1b[2Kuart> auto tx 9 19 34950\r\x1b[2Kuart> auto tx 9 19 349505\r\x1b[2Kuart> auto tx 9 19 3495059\r\x1b[2Kuart> auto tx 9 19 34950592\r\x1b[2Kuart> auto tx 9 19 349505925\r\x1b[2Kuart> auto tx 9 19 3495059251'
2026-08-31 05:54:42,535 DEBUG   device: b'@READY mode=tx sequence=19 size=9 dma=8 tail=1'
2026-08-31 05:54:42,535 DEBUG   echo chunk=9 total=9/9 after=0.000015s
2026-08-31 05:54:42,551 DEBUG   device: b'@RESULT mode=tx sequence=19 size=9 tail=1 tx=9 status=PASS'
2026-08-31 05:54:42,551 INFO    section=tx-tail case=8/23 PASS size=9 dma=8 tail=1 elapsed=0.000s
2026-08-31 05:54:42,565 DEBUG   device: b'uart> \r\x1b[2Kuart> a\r\x1b[2Kuart> au\r\x1b[2Kuart> aut\r\x1b[2Kuart> auto\r\x1b[2Kuart> auto \r\x1b[2Kuart> auto t\r\x1b[2Kuart> auto tx\r\x1b[2Kuart> auto tx \r\x1b[2Kuart> auto tx 1\r\x1b[2Kuart> auto tx 10\r\x1b[2Kuart> auto tx 10 \r\x1b[2Kuart> auto tx 10 2\r\x1b[2Kuart> auto tx 10 20\r\x1b[2Kuart> auto tx 10 20 \r\x1b[2Kuart> auto tx 10 20 1\r\x1b[2Kuart> auto tx 10 20 18\r\x1b[2Kuart> auto tx 10 20 185\r\x1b[2Kuart> auto tx 10 20 1854\r\x1b[2Kuart> auto tx 10 20 18545\r\x1b[2Kuart> auto tx 10 20 185452\r\x1b[2Kuart> auto tx 10 20 1854527\r\x1b[2Kuart> auto tx 10 20 18545277\r\x1b[2Kuart> auto tx 10 20 185452772\r\x1b[2Kuart> auto tx 10 20 1854527724'
2026-08-31 05:54:42,567 DEBUG   device: b'@READY mode=tx sequence=20 size=10 dma=8 tail=2'
2026-08-31 05:54:42,567 DEBUG   echo chunk=10 total=10/10 after=0.000007s
2026-08-31 05:54:42,583 DEBUG   device: b'@RESULT mode=tx sequence=20 size=10 tail=2 tx=10 status=PASS'
2026-08-31 05:54:42,583 INFO    section=tx-tail case=9/23 PASS size=10 dma=8 tail=2 elapsed=0.000s
2026-08-31 05:54:42,597 DEBUG   device: b'uart> \r\x1b[2Kuart> a\r\x1b[2Kuart> au\r\x1b[2Kuart> aut\r\x1b[2Kuart> auto\r\x1b[2Kuart> auto \r\x1b[2Kuart> auto t\r\x1b[2Kuart> auto tx\r\x1b[2Kuart> auto tx \r\x1b[2Kuart> auto tx 1\r\x1b[2Kuart> auto tx 11\r\x1b[2Kuart> auto tx 11 \r\x1b[2Kuart> auto tx 11 2\r\x1b[2Kuart> auto tx 11 21\r\x1b[2Kuart> auto tx 11 21 \r\x1b[2Kuart> auto tx 11 21 2\r\x1b[2Kuart> auto tx 11 21 21\r\x1b[2Kuart> auto tx 11 21 213\r\x1b[2Kuart> auto tx 11 21 2139\r\x1b[2Kuart> auto tx 11 21 21399\r\x1b[2Kuart> auto tx 11 21 213996\r\x1b[2Kuart> auto tx 11 21 2139961\r\x1b[2Kuart> auto tx 11 21 21399619\r\x1b[2Kuart> auto tx 11 21 213996197'
2026-08-31 05:54:42,599 DEBUG   device: b'@READY mode=tx sequence=21 size=11 dma=8 tail=3'
2026-08-31 05:54:42,599 DEBUG   echo chunk=11 total=11/11 after=0.000007s
2026-08-31 05:54:42,615 DEBUG   device: b'@RESULT mode=tx sequence=21 size=11 tail=3 tx=11 status=PASS'
2026-08-31 05:54:42,615 INFO    section=tx-tail case=10/23 PASS size=11 dma=8 tail=3 elapsed=0.000s
2026-08-31 05:54:42,629 DEBUG   device: b'uart> \r\x1b[2Kuart> a\r\x1b[2Kuart> au\r\x1b[2Kuart> aut\r\x1b[2Kuart> auto\r\x1b[2Kuart> auto \r\x1b[2Kuart> auto t\r\x1b[2Kuart> auto tx\r\x1b[2Kuart> auto tx \r\x1b[2Kuart> auto tx 1\r\x1b[2Kuart> auto tx 12\r\x1b[2Kuart> auto tx 12 \r\x1b[2Kuart> auto tx 12 2\r\x1b[2Kuart> auto tx 12 22\r\x1b[2Kuart> auto tx 12 22 \r\x1b[2Kuart> auto tx 12 22 2\r\x1b[2Kuart> auto tx 12 22 28\r\x1b[2Kuart> auto tx 12 22 286\r\x1b[2Kuart> auto tx 12 22 2868\r\x1b[2Kuart> auto tx 12 22 28684\r\x1b[2Kuart> auto tx 12 22 286843\r\x1b[2Kuart> auto tx 12 22 2868431\r\x1b[2Kuart> auto tx 12 22 28684319\r\x1b[2Kuart> auto tx 12 22 286843196\r\x1b[2Kuart> auto tx 12 22 2868431966'
2026-08-31 05:54:42,631 DEBUG   device: b'@READY mode=tx sequence=22 size=12 dma=8 tail=4'
2026-08-31 05:54:42,631 DEBUG   echo chunk=12 total=12/12 after=0.000008s
2026-08-31 05:54:42,647 DEBUG   device: b'@RESULT mode=tx sequence=22 size=12 tail=4 tx=12 status=PASS'
2026-08-31 05:54:42,647 INFO    section=tx-tail case=11/23 PASS size=12 dma=8 tail=4 elapsed=0.000s
2026-08-31 05:54:42,662 DEBUG   device: b'uart> \r\x1b[2Kuart> a\r\x1b[2Kuart> au\r\x1b[2Kuart> aut\r\x1b[2Kuart> auto\r\x1b[2Kuart> auto \r\x1b[2Kuart> auto t\r\x1b[2Kuart> auto tx\r\x1b[2Kuart> auto tx \r\x1b[2Kuart> auto tx 1\r\x1b[2Kuart> auto tx 13\r\x1b[2Kuart> auto tx 13 \r\x1b[2Kuart> auto tx 13 2\r\x1b[2Kuart> auto tx 13 23\r\x1b[2Kuart> auto tx 13 23 \r\x1b[2Kuart> auto tx 13 23 1\r\x1b[2Kuart> auto tx 13 23 12\r\x1b[2Kuart> auto tx 13 23 122\r\x1b[2Kuart> auto tx 13 23 1227\r\x1b[2Kuart> auto tx 13 23 12279\r\x1b[2Kuart> auto tx 13 23 122790\r\x1b[2Kuart> auto tx 13 23 1227900\r\x1b[2Kuart> auto tx 13 23 12279004\r\x1b[2Kuart> auto tx 13 23 122790043\r\x1b[2Kuart> auto tx 13 23 1227900439'
2026-08-31 05:54:42,663 DEBUG   device: b'@READY mode=tx sequence=23 size=13 dma=8 tail=5'
2026-08-31 05:54:42,663 DEBUG   echo chunk=13 total=13/13 after=0.000009s
2026-08-31 05:54:42,679 DEBUG   device: b'@RESULT mode=tx sequence=23 size=13 tail=5 tx=13 status=PASS'
2026-08-31 05:54:42,679 INFO    section=tx-tail case=12/23 PASS size=13 dma=8 tail=5 elapsed=0.000s
2026-08-31 05:54:42,694 DEBUG   device: b'uart> \r\x1b[2Kuart> a\r\x1b[2Kuart> au\r\x1b[2Kuart> aut\r\x1b[2Kuart> auto\r\x1b[2Kuart> auto \r\x1b[2Kuart> auto t\r\x1b[2Kuart> auto tx\r\x1b[2Kuart> auto tx \r\x1b[2Kuart> auto tx 1\r\x1b[2Kuart> auto tx 14\r\x1b[2Kuart> auto tx 14 \r\x1b[2Kuart> auto tx 14 2\r\x1b[2Kuart> auto tx 14 24\r\x1b[2Kuart> auto tx 14 24 \r\x1b[2Kuart> auto tx 14 24 3\r\x1b[2Kuart> auto tx 14 24 38\r\x1b[2Kuart> auto tx 14 24 388\r\x1b[2Kuart> auto tx 14 24 3882\r\x1b[2Kuart> auto tx 14 24 38823\r\x1b[2Kuart> auto tx 14 24 388233\r\x1b[2Kuart> auto tx 14 24 3882336\r\x1b[2Kuart> auto tx 14 24 38823362\r\x1b[2Kuart> auto tx 14 24 388233620\r\x1b[2Kuart> auto tx 14 24 3882336208'
2026-08-31 05:54:42,695 DEBUG   device: b'@READY mode=tx sequence=24 size=14 dma=8 tail=6'
2026-08-31 05:54:42,695 DEBUG   echo chunk=14 total=14/14 after=0.000009s
2026-08-31 05:54:42,711 DEBUG   device: b'@RESULT mode=tx sequence=24 size=14 tail=6 tx=14 status=PASS'
2026-08-31 05:54:42,711 INFO    section=tx-tail case=13/23 PASS size=14 dma=8 tail=6 elapsed=0.000s
2026-08-31 05:54:42,726 DEBUG   device: b'uart> \r\x1b[2Kuart> a\r\x1b[2Kuart> au\r\x1b[2Kuart> aut\r\x1b[2Kuart> auto\r\x1b[2Kuart> auto \r\x1b[2Kuart> auto t\r\x1b[2Kuart> auto tx\r\x1b[2Kuart> auto tx \r\x1b[2Kuart> auto tx 1\r\x1b[2Kuart> auto tx 15\r\x1b[2Kuart> auto tx 15 \r\x1b[2Kuart> auto tx 15 2\r\x1b[2Kuart> auto tx 15 25\r\x1b[2Kuart> auto tx 15 25 \r\x1b[2Kuart> auto tx 15 25 2\r\x1b[2Kuart> auto tx 15 25 22\r\x1b[2Kuart> auto tx 15 25 224\r\x1b[2Kuart> auto tx 15 25 2241\r\x1b[2Kuart> auto tx 15 25 22418\r\x1b[2Kuart> auto tx 15 25 224180\r\x1b[2Kuart> auto tx 15 25 2241804\r\x1b[2Kuart> auto tx 15 25 22418046\r\x1b[2Kuart> auto tx 15 25 224180468\r\x1b[2Kuart> auto tx 15 25 2241804681'
2026-08-31 05:54:42,727 DEBUG   device: b'@READY mode=tx sequence=25 size=15 dma=8 tail=7'
2026-08-31 05:54:42,727 DEBUG   echo chunk=15 total=15/15 after=0.000009s
2026-08-31 05:54:42,743 DEBUG   device: b'@RESULT mode=tx sequence=25 size=15 tail=7 tx=15 status=PASS'
2026-08-31 05:54:42,743 INFO    section=tx-tail case=14/23 PASS size=15 dma=8 tail=7 elapsed=0.000s
2026-08-31 05:54:42,758 DEBUG   device: b'uart> \r\x1b[2Kuart> a\r\x1b[2Kuart> au\r\x1b[2Kuart> aut\r\x1b[2Kuart> auto\r\x1b[2Kuart> auto \r\x1b[2Kuart> auto t\r\x1b[2Kuart> auto tx\r\x1b[2Kuart> auto tx \r\x1b[2Kuart> auto tx 1\r\x1b[2Kuart> auto tx 16\r\x1b[2Kuart> auto tx 16 \r\x1b[2Kuart> auto tx 16 2\r\x1b[2Kuart> auto tx 16 26\r\x1b[2Kuart> auto tx 16 26 \r\x1b[2Kuart> auto tx 16 26 6\r\x1b[2Kuart> auto tx 16 26 60\r\x1b[2Kuart> auto tx 16 26 601\r\x1b[2Kuart> auto tx 16 26 6012\r\x1b[2Kuart> auto tx 16 26 60127\r\x1b[2Kuart> auto tx 16 26 601273\r\x1b[2Kuart> auto tx 16 26 6012731\r\x1b[2Kuart> auto tx 16 26 60127315\r\x1b[2Kuart> auto tx 16 26 601273154'
2026-08-31 05:54:42,759 DEBUG   device: b'@READY mode=tx sequence=26 size=16 dma=16 tail=0'
2026-08-31 05:54:42,759 DEBUG   echo chunk=16 total=16/16 after=0.000007s
2026-08-31 05:54:42,775 DEBUG   device: b'@RESULT mode=tx sequence=26 size=16 tail=0 tx=16 status=PASS'
2026-08-31 05:54:42,775 INFO    section=tx-tail case=15/23 PASS size=16 dma=16 tail=0 elapsed=0.000s
2026-08-31 05:54:42,798 DEBUG   device: b'uart> \r\x1b[2Kuart> a\r\x1b[2Kuart> au\r\x1b[2Kuart> aut\r\x1b[2Kuart> auto\r\x1b[2Kuart> auto \r\x1b[2Kuart> auto t\r\x1b[2Kuart> auto tx\r\x1b[2Kuart> auto tx \r\x1b[2Kuart> auto tx 6\r\x1b[2Kuart> auto tx 61\r\x1b[2Kuart> auto tx 614\r\x1b[2Kuart> auto tx 6144\r\x1b[2Kuart> auto tx 6144 \r\x1b[2Kuart> auto tx 6144 2\r\x1b[2Kuart> auto tx 6144 27\r\x1b[2Kuart> auto tx 6144 27 \r\x1b[2Kuart> auto tx 6144 27 3\r\x1b[2Kuart> auto tx 6144 27 32\r\x1b[2Kuart> auto tx 6144 27 325\r\x1b[2Kuart> auto tx 6144 27 3255\r\x1b[2Kuart> auto tx 6144 27 32557\r\x1b[2Kuart> auto tx 6144 27 325570\r\x1b[2Kuart> auto tx 6144 27 3255708\r\x1b[2Kuart> auto tx 6144 27 32557089\r\x1b[2Kuart> auto tx 6144 27 325570892\r\x1b[2Kuart> auto tx 6144 27 3255708923'
2026-08-31 05:54:42,799 DEBUG   device: b'@READY mode=tx sequence=27 size=6144 dma=6144 tail=0'
2026-08-31 05:54:42,849 DEBUG   echo chunk=2260 total=2260/6144 after=0.050065s
2026-08-31 05:54:42,900 DEBUG   echo chunk=2309 total=4569/6144 after=0.100245s
2026-08-31 05:54:42,934 DEBUG   echo chunk=1575 total=6144/6144 after=0.134531s
2026-08-31 05:54:42,950 DEBUG   device: b'@RESULT mode=tx sequence=27 size=6144 tail=0 tx=6144 status=PASS'
2026-08-31 05:54:42,950 INFO    section=tx-tail case=16/23 PASS size=6144 dma=6144 tail=0 elapsed=0.135s
2026-08-31 05:54:42,973 DEBUG   device: b'uart> \r\x1b[2Kuart> a\r\x1b[2Kuart> au\r\x1b[2Kuart> aut\r\x1b[2Kuart> auto\r\x1b[2Kuart> auto \r\x1b[2Kuart> auto t\r\x1b[2Kuart> auto tx\r\x1b[2Kuart> auto tx \r\x1b[2Kuart> auto tx 6\r\x1b[2Kuart> auto tx 61\r\x1b[2Kuart> auto tx 614\r\x1b[2Kuart> auto tx 6145\r\x1b[2Kuart> auto tx 6145 \r\x1b[2Kuart> auto tx 6145 2\r\x1b[2Kuart> auto tx 6145 28\r\x1b[2Kuart> auto tx 6145 28 \r\x1b[2Kuart> auto tx 6145 28 1\r\x1b[2Kuart> auto tx 6145 28 16\r\x1b[2Kuart> auto tx 6145 28 161\r\x1b[2Kuart> auto tx 6145 28 1615\r\x1b[2Kuart> auto tx 6145 28 16151\r\x1b[2Kuart> auto tx 6145 28 161517\r\x1b[2Kuart> auto tx 6145 28 1615177\r\x1b[2Kuart> auto tx 6145 28 16151773\r\x1b[2Kuart> auto tx 6145 28 161517739\r\x1b[2Kuart> auto tx 6145 28 1615177396'
2026-08-31 05:54:42,975 DEBUG   device: b'@READY mode=tx sequence=28 size=6145 dma=6144 tail=1'
2026-08-31 05:54:43,025 DEBUG   echo chunk=2264 total=2264/6145 after=0.050062s
2026-08-31 05:54:43,075 DEBUG   echo chunk=2312 total=4576/6145 after=0.100169s
2026-08-31 05:54:43,109 DEBUG   echo chunk=1569 total=6145/6145 after=0.134465s
2026-08-31 05:54:43,125 DEBUG   device: b'@RESULT mode=tx sequence=28 size=6145 tail=1 tx=6145 status=PASS'
2026-08-31 05:54:43,125 INFO    section=tx-tail case=17/23 PASS size=6145 dma=6144 tail=1 elapsed=0.135s
2026-08-31 05:54:43,148 DEBUG   device: b'uart> \r\x1b[2Kuart> a\r\x1b[2Kuart> au\r\x1b[2Kuart> aut\r\x1b[2Kuart> auto\r\x1b[2Kuart> auto \r\x1b[2Kuart> auto t\r\x1b[2Kuart> auto tx\r\x1b[2Kuart> auto tx \r\x1b[2Kuart> auto tx 6\r\x1b[2Kuart> auto tx 61\r\x1b[2Kuart> auto tx 614\r\x1b[2Kuart> auto tx 6146\r\x1b[2Kuart> auto tx 6146 \r\x1b[2Kuart> auto tx 6146 2\r\x1b[2Kuart> auto tx 6146 29\r\x1b[2Kuart> auto tx 6146 29 \r\x1b[2Kuart> auto tx 6146 29 4\r\x1b[2Kuart> auto tx 6146 29 42\r\x1b[2Kuart> auto tx 6146 29 426\r\x1b[2Kuart> auto tx 6146 29 4269\r\x1b[2Kuart> auto tx 6146 29 42696\r\x1b[2Kuart> auto tx 6146 29 426961\r\x1b[2Kuart> auto tx 6146 29 4269613\r\x1b[2Kuart> auto tx 6146 29 42696131\r\x1b[2Kuart> auto tx 6146 29 426961316\r\x1b[2Kuart> auto tx 6146 29 4269613165'
2026-08-31 05:54:43,149 DEBUG   device: b'@READY mode=tx sequence=29 size=6146 dma=6144 tail=2'
2026-08-31 05:54:43,199 DEBUG   echo chunk=2259 total=2259/6146 after=0.050061s
2026-08-31 05:54:43,249 DEBUG   echo chunk=2309 total=4568/6146 after=0.100190s
2026-08-31 05:54:43,284 DEBUG   echo chunk=1578 total=6146/6146 after=0.134420s
2026-08-31 05:54:43,299 DEBUG   device: b'@RESULT mode=tx sequence=29 size=6146 tail=2 tx=6146 status=PASS'
2026-08-31 05:54:43,299 INFO    section=tx-tail case=18/23 PASS size=6146 dma=6144 tail=2 elapsed=0.135s
2026-08-31 05:54:43,322 DEBUG   device: b'uart> \r\x1b[2Kuart> a\r\x1b[2Kuart> au\r\x1b[2Kuart> aut\r\x1b[2Kuart> auto\r\x1b[2Kuart> auto \r\x1b[2Kuart> auto t\r\x1b[2Kuart> auto tx\r\x1b[2Kuart> auto tx \r\x1b[2Kuart> auto tx 6\r\x1b[2Kuart> auto tx 61\r\x1b[2Kuart> auto tx 614\r\x1b[2Kuart> auto tx 6147\r\x1b[2Kuart> auto tx 6147 \r\x1b[2Kuart> auto tx 6147 3\r\x1b[2Kuart> auto tx 6147 30\r\x1b[2Kuart> auto tx 6147 30 \r\x1b[2Kuart> auto tx 6147 30 2\r\x1b[2Kuart> auto tx 6147 30 26\r\x1b[2Kuart> auto tx 6147 30 262\r\x1b[2Kuart> auto tx 6147 30 2629\r\x1b[2Kuart> auto tx 6147 30 26290\r\x1b[2Kuart> auto tx 6147 30 262908\r\x1b[2Kuart> auto tx 6147 30 2629081\r\x1b[2Kuart> auto tx 6147 30 26290816\r\x1b[2Kuart> auto tx 6147 30 262908163\r\x1b[2Kuart> auto tx 6147 30 2629081638'
2026-08-31 05:54:43,323 DEBUG   device: b'@READY mode=tx sequence=30 size=6147 dma=6144 tail=3'
2026-08-31 05:54:43,373 DEBUG   echo chunk=2261 total=2261/6147 after=0.050062s
2026-08-31 05:54:43,423 DEBUG   echo chunk=2311 total=4572/6147 after=0.100199s
2026-08-31 05:54:43,458 DEBUG   echo chunk=1575 total=6147/6147 after=0.134491s
2026-08-31 05:54:43,474 DEBUG   device: b'@RESULT mode=tx sequence=30 size=6147 tail=3 tx=6147 status=PASS'
2026-08-31 05:54:43,474 INFO    section=tx-tail case=19/23 PASS size=6147 dma=6144 tail=3 elapsed=0.135s
2026-08-31 05:54:43,496 DEBUG   device: b'uart> \r\x1b[2Kuart> a\r\x1b[2Kuart> au\r\x1b[2Kuart> aut\r\x1b[2Kuart> auto\r\x1b[2Kuart> auto \r\x1b[2Kuart> auto t\r\x1b[2Kuart> auto tx\r\x1b[2Kuart> auto tx \r\x1b[2Kuart> auto tx 6\r\x1b[2Kuart> auto tx 61\r\x1b[2Kuart> auto tx 614\r\x1b[2Kuart> auto tx 6148\r\x1b[2Kuart> auto tx 6148 \r\x1b[2Kuart> auto tx 6148 3\r\x1b[2Kuart> auto tx 6148 31\r\x1b[2Kuart> auto tx 6148 31 \r\x1b[2Kuart> auto tx 6148 31 9\r\x1b[2Kuart> auto tx 6148 31 98\r\x1b[2Kuart> auto tx 6148 31 988\r\x1b[2Kuart> auto tx 6148 31 9885\r\x1b[2Kuart> auto tx 6148 31 98855\r\x1b[2Kuart> auto tx 6148 31 988550\r\x1b[2Kuart> auto tx 6148 31 9885501\r\x1b[2Kuart> auto tx 6148 31 98855011\r\x1b[2Kuart> auto tx 6148 31 988550111'
2026-08-31 05:54:43,498 DEBUG   device: b'@READY mode=tx sequence=31 size=6148 dma=6144 tail=4'
2026-08-31 05:54:43,548 DEBUG   echo chunk=2299 total=2299/6148 after=0.050039s
2026-08-31 05:54:43,598 DEBUG   echo chunk=2311 total=4610/6148 after=0.100181s
2026-08-31 05:54:43,631 DEBUG   echo chunk=1538 total=6148/6148 after=0.133167s
2026-08-31 05:54:43,635 DEBUG   device: b'@RESULT mode=tx sequence=31 size=6148 tail=4 tx=6148 status=PASS'
2026-08-31 05:54:43,635 INFO    section=tx-tail case=20/23 PASS size=6148 dma=6144 tail=4 elapsed=0.133s
2026-08-31 05:54:43,655 DEBUG   device: b'uart> \r\x1b[2Kuart> a\r\x1b[2Kuart> au\r\x1b[2Kuart> aut\r\x1b[2Kuart> auto\r\x1b[2Kuart> auto \r\x1b[2Kuart> auto t\r\x1b[2Kuart> auto tx\r\x1b[2Kuart> auto tx \r\x1b[2Kuart> auto tx 6\r\x1b[2Kuart> auto tx 61\r\x1b[2Kuart> auto tx 614\r\x1b[2Kuart> auto tx 6149\r\x1b[2Kuart> auto tx 6149 \r\x1b[2Kuart> auto tx 6149 3\r\x1b[2Kuart> auto tx 6149 32\r\x1b[2Kuart> auto tx 6149 32 \r\x1b[2Kuart> auto tx 6149 32 3\r\x1b[2Kuart> auto tx 6149 32 36\r\x1b[2Kuart> auto tx 6149 32 364\r\x1b[2Kuart> auto tx 6149 32 3642\r\x1b[2Kuart> auto tx 6149 32 36429\r\x1b[2Kuart> auto tx 6149 32 364298\r\x1b[2Kuart> auto tx 6149 32 3642985\r\x1b[2Kuart> auto tx 6149 32 36429858\r\x1b[2Kuart> auto tx 6149 32 364298588\r\x1b[2Kuart> auto tx 6149 32 3642985880'
2026-08-31 05:54:43,659 DEBUG   device: b'@READY mode=tx sequence=32 size=6149 dma=6144 tail=5'
2026-08-31 05:54:43,709 DEBUG   echo chunk=2320 total=2320/6149 after=0.050070s
2026-08-31 05:54:43,759 DEBUG   echo chunk=2246 total=4566/6149 after=0.100217s
2026-08-31 05:54:43,793 DEBUG   echo chunk=1583 total=6149/6149 after=0.134307s
2026-08-31 05:54:43,809 DEBUG   device: b'@RESULT mode=tx sequence=32 size=6149 tail=5 tx=6149 status=PASS'
2026-08-31 05:54:43,809 INFO    section=tx-tail case=21/23 PASS size=6149 dma=6144 tail=5 elapsed=0.134s
2026-08-31 05:54:43,832 DEBUG   device: b'uart> \r\x1b[2Kuart> a\r\x1b[2Kuart> au\r\x1b[2Kuart> aut\r\x1b[2Kuart> auto\r\x1b[2Kuart> auto \r\x1b[2Kuart> auto t\r\x1b[2Kuart> auto tx\r\x1b[2Kuart> auto tx \r\x1b[2Kuart> auto tx 6\r\x1b[2Kuart> auto tx 61\r\x1b[2Kuart> auto tx 615\r\x1b[2Kuart> auto tx 6150\r\x1b[2Kuart> auto tx 6150 \r\x1b[2Kuart> auto tx 6150 3\r\x1b[2Kuart> auto tx 6150 33\r\x1b[2Kuart> auto tx 6150 33 \r\x1b[2Kuart> auto tx 6150 33 2\r\x1b[2Kuart> auto tx 6150 33 20\r\x1b[2Kuart> auto tx 6150 33 200\r\x1b[2Kuart> auto tx 6150 33 2002\r\x1b[2Kuart> auto tx 6150 33 20024\r\x1b[2Kuart> auto tx 6150 33 200245\r\x1b[2Kuart> auto tx 6150 33 2002454\r\x1b[2Kuart> auto tx 6150 33 20024543\r\x1b[2Kuart> auto tx 6150 33 200245435\r\x1b[2Kuart> auto tx 6150 33 2002454353'
2026-08-31 05:54:43,833 DEBUG   device: b'@READY mode=tx sequence=33 size=6150 dma=6144 tail=6'
2026-08-31 05:54:43,883 DEBUG   echo chunk=2259 total=2259/6150 after=0.050062s
2026-08-31 05:54:43,934 DEBUG   echo chunk=2311 total=4570/6150 after=0.100191s
2026-08-31 05:54:43,968 DEBUG   echo chunk=1580 total=6150/6150 after=0.134378s
2026-08-31 05:54:43,984 DEBUG   device: b'@RESULT mode=tx sequence=33 size=6150 tail=6 tx=6150 status=PASS'
2026-08-31 05:54:43,984 INFO    section=tx-tail case=22/23 PASS size=6150 dma=6144 tail=6 elapsed=0.134s
2026-08-31 05:54:44,007 DEBUG   device: b'uart> \r\x1b[2Kuart> a\r\x1b[2Kuart> au\r\x1b[2Kuart> aut\r\x1b[2Kuart> auto\r\x1b[2Kuart> auto \r\x1b[2Kuart> auto t\r\x1b[2Kuart> auto tx\r\x1b[2Kuart> auto tx \r\x1b[2Kuart> auto tx 6\r\x1b[2Kuart> auto tx 61\r\x1b[2Kuart> auto tx 615\r\x1b[2Kuart> auto tx 6151\r\x1b[2Kuart> auto tx 6151 \r\x1b[2Kuart> auto tx 6151 3\r\x1b[2Kuart> auto tx 6151 34\r\x1b[2Kuart> auto tx 6151 34 \r\x1b[2Kuart> auto tx 6151 34 3\r\x1b[2Kuart> auto tx 6151 34 36\r\x1b[2Kuart> auto tx 6151 34 361\r\x1b[2Kuart> auto tx 6151 34 3619\r\x1b[2Kuart> auto tx 6151 34 36192\r\x1b[2Kuart> auto tx 6151 34 361922\r\x1b[2Kuart> auto tx 6151 34 3619228\r\x1b[2Kuart> auto tx 6151 34 36192282\r\x1b[2Kuart> auto tx 6151 34 361922826'
2026-08-31 05:54:44,008 DEBUG   device: b'@READY mode=tx sequence=34 size=6151 dma=6144 tail=7'
2026-08-31 05:54:44,058 DEBUG   echo chunk=2297 total=2297/6151 after=0.050062s
2026-08-31 05:54:44,108 DEBUG   echo chunk=2310 total=4607/6151 after=0.100216s
2026-08-31 05:54:44,143 DEBUG   echo chunk=1544 total=6151/6151 after=0.134762s
2026-08-31 05:54:44,159 DEBUG   device: b'@RESULT mode=tx sequence=34 size=6151 tail=7 tx=6151 status=PASS'
2026-08-31 05:54:44,159 INFO    section=tx-tail case=23/23 PASS size=6151 dma=6144 tail=7 elapsed=0.135s
2026-08-31 05:54:44,159 INFO    SECTION name=tx-tail status=PASS passed=23 failed=0 elapsed=1.079s
2026-08-31 05:54:44,159 INFO    SECTION name=rx-tail status=BEGIN cases=23
2026-08-31 05:54:44,173 DEBUG   device: b'uart> \r\x1b[2Kuart> a\r\x1b[2Kuart> au\r\x1b[2Kuart> aut\r\x1b[2Kuart> auto\r\x1b[2Kuart> auto \r\x1b[2Kuart> auto r\r\x1b[2Kuart> auto rx\r\x1b[2Kuart> auto rx \r\x1b[2Kuart> auto rx 2\r\x1b[2Kuart> auto rx 2 \r\x1b[2Kuart> auto rx 2 3\r\x1b[2Kuart> auto rx 2 35\r\x1b[2Kuart> auto rx 2 35 \r\x1b[2Kuart> auto rx 2 35 3\r\x1b[2Kuart> auto rx 2 35 30\r\x1b[2Kuart> auto rx 2 35 301\r\x1b[2Kuart> auto rx 2 35 3016\r\x1b[2Kuart> auto rx 2 35 30163\r\x1b[2Kuart> auto rx 2 35 301635\r\x1b[2Kuart> auto rx 2 35 3016358\r\x1b[2Kuart> auto rx 2 35 30163585\r\x1b[2Kuart> auto rx 2 35 301635859\r\x1b[2Kuart> auto rx 2 35 3016358595'
2026-08-31 05:54:44,189 DEBUG   device: b'@READY mode=rx sequence=35 size=2 dma=0 tail=2'
2026-08-31 05:54:44,189 DEBUG   RX READY accepted; delaying 0.050s before packet TX
2026-08-31 05:54:44,239 DEBUG   RX packet submitted bytes=2 write_and_flush=0.000408s crc=0xFFFF
2026-08-31 05:54:44,257 DEBUG   device: b'@RESULT mode=rx sequence=35 size=2 dma=0 tail=2 rx=2 crc=PASS data=PASS status=PASS'
2026-08-31 05:54:44,257 INFO    section=rx-tail case=1/23 PASS size=2 dma=0 tail=2 elapsed=0.018s
2026-08-31 05:54:44,271 DEBUG   device: b'uart> \r\x1b[2Kuart> a\r\x1b[2Kuart> au\r\x1b[2Kuart> aut\r\x1b[2Kuart> auto\r\x1b[2Kuart> auto \r\x1b[2Kuart> auto r\r\x1b[2Kuart> auto rx\r\x1b[2Kuart> auto rx \r\x1b[2Kuart> auto rx 3\r\x1b[2Kuart> auto rx 3 \r\x1b[2Kuart> auto rx 3 3\r\x1b[2Kuart> auto rx 3 36\r\x1b[2Kuart> auto rx 3 36 \r\x1b[2Kuart> auto rx 3 36 1\r\x1b[2Kuart> auto rx 3 36 13\r\x1b[2Kuart> auto rx 3 36 137\r\x1b[2Kuart> auto rx 3 36 1375\r\x1b[2Kuart> auto rx 3 36 13758\r\x1b[2Kuart> auto rx 3 36 137582\r\x1b[2Kuart> auto rx 3 36 1375827\r\x1b[2Kuart> auto rx 3 36 13758270\r\x1b[2Kuart> auto rx 3 36 137582706\r\x1b[2Kuart> auto rx 3 36 1375827068'
2026-08-31 05:54:44,272 DEBUG   device: b'@READY mode=rx sequence=36 size=3 dma=0 tail=3'
2026-08-31 05:54:44,272 DEBUG   RX READY accepted; delaying 0.050s before packet TX
2026-08-31 05:54:44,322 DEBUG   RX packet submitted bytes=3 write_and_flush=0.000382s crc=0x0A6E
2026-08-31 05:54:44,340 DEBUG   device: b'@RESULT mode=rx sequence=36 size=3 dma=0 tail=3 rx=3 crc=PASS data=PASS status=PASS'
2026-08-31 05:54:44,340 INFO    section=rx-tail case=2/23 PASS size=3 dma=0 tail=3 elapsed=0.018s
2026-08-31 05:54:44,368 DEBUG   device: b'uart> \r\x1b[2Kuart> a\r\x1b[2Kuart> au\r\x1b[2Kuart> aut\r\x1b[2Kuart> auto\r\x1b[2Kuart> auto \r\x1b[2Kuart> auto r\r\x1b[2Kuart> auto rx\r\x1b[2Kuart> auto rx \r\x1b[2Kuart> auto rx 4\r\x1b[2Kuart> auto rx 4 \r\x1b[2Kuart> auto rx 4 3\r\x1b[2Kuart> auto rx 4 37\r\x1b[2Kuart> auto rx 4 37 \r\x1b[2Kuart> auto rx 4 37 4\r\x1b[2Kuart> auto rx 4 37 40\r\x1b[2Kuart> auto rx 4 37 403\r\x1b[2Kuart> auto rx 4 37 4030\r\x1b[2Kuart> auto rx 4 37 40302\r\x1b[2Kuart> auto rx 4 37 403026\r\x1b[2Kuart> auto rx 4 37 4030262\r\x1b[2Kuart> auto rx 4 37 40302628\r\x1b[2Kuart> auto rx 4 37 403026283\r\x1b[2Kuart> auto rx 4 37 4030262837'
2026-08-31 05:54:44,368 DEBUG   device: b'@READY mode=rx sequence=37 size=4 dma=0 tail=4'
2026-08-31 05:54:44,368 DEBUG   RX READY accepted; delaying 0.050s before packet TX
2026-08-31 05:54:44,419 DEBUG   RX packet submitted bytes=4 write_and_flush=0.000413s crc=0x4056
2026-08-31 05:54:44,437 DEBUG   device: b'@RESULT mode=rx sequence=37 size=4 dma=0 tail=4 rx=4 crc=PASS data=PASS status=PASS'
2026-08-31 05:54:44,437 INFO    section=rx-tail case=3/23 PASS size=4 dma=0 tail=4 elapsed=0.019s
2026-08-31 05:54:44,451 DEBUG   device: b'uart> \r\x1b[2Kuart> a\r\x1b[2Kuart> au\r\x1b[2Kuart> aut\r\x1b[2Kuart> auto\r\x1b[2Kuart> auto \r\x1b[2Kuart> auto r\r\x1b[2Kuart> auto rx\r\x1b[2Kuart> auto rx \r\x1b[2Kuart> auto rx 5\r\x1b[2Kuart> auto rx 5 \r\x1b[2Kuart> auto rx 5 3\r\x1b[2Kuart> auto rx 5 38\r\x1b[2Kuart> auto rx 5 38 \r\x1b[2Kuart> auto rx 5 38 2\r\x1b[2Kuart> auto rx 5 38 23\r\x1b[2Kuart> auto rx 5 38 238\r\x1b[2Kuart> auto rx 5 38 2389\r\x1b[2Kuart> auto rx 5 38 23897\r\x1b[2Kuart> auto rx 5 38 238973\r\x1b[2Kuart> auto rx 5 38 2389731\r\x1b[2Kuart> auto rx 5 38 23897313\r\x1b[2Kuart> auto rx 5 38 238973131\r\x1b[2Kuart> auto rx 5 38 2389731310'
2026-08-31 05:54:44,452 DEBUG   device: b'@READY mode=rx sequence=38 size=5 dma=0 tail=5'
2026-08-31 05:54:44,452 DEBUG   RX READY accepted; delaying 0.050s before packet TX
2026-08-31 05:54:44,502 DEBUG   RX packet submitted bytes=5 write_and_flush=0.000413s crc=0x9FCC
2026-08-31 05:54:44,520 DEBUG   device: b'@RESULT mode=rx sequence=38 size=5 dma=0 tail=5 rx=5 crc=PASS data=PASS status=PASS'
2026-08-31 05:54:44,520 INFO    section=rx-tail case=4/23 PASS size=5 dma=0 tail=5 elapsed=0.018s
2026-08-31 05:54:44,533 DEBUG   device: b'uart> \r\x1b[2Kuart> a\r\x1b[2Kuart> au\r\x1b[2Kuart> aut\r\x1b[2Kuart> auto\r\x1b[2Kuart> auto \r\x1b[2Kuart> auto r\r\x1b[2Kuart> auto rx\r\x1b[2Kuart> auto rx \r\x1b[2Kuart> auto rx 6\r\x1b[2Kuart> auto rx 6 \r\x1b[2Kuart> auto rx 6 3\r\x1b[2Kuart> auto rx 6 39\r\x1b[2Kuart> auto rx 6 39 \r\x1b[2Kuart> auto rx 6 39 7\r\x1b[2Kuart> auto rx 6 39 74\r\x1b[2Kuart> auto rx 6 39 749\r\x1b[2Kuart> auto rx 6 39 7491\r\x1b[2Kuart> auto rx 6 39 74919\r\x1b[2Kuart> auto rx 6 39 749199\r\x1b[2Kuart> auto rx 6 39 7491997\r\x1b[2Kuart> auto rx 6 39 74919978\r\x1b[2Kuart> auto rx 6 39 749199783'
2026-08-31 05:54:44,549 DEBUG   device: b'@READY mode=rx sequence=39 size=6 dma=0 tail=6'
2026-08-31 05:54:44,549 DEBUG   RX READY accepted; delaying 0.050s before packet TX
2026-08-31 05:54:44,599 DEBUG   RX packet submitted bytes=6 write_and_flush=0.000378s crc=0xA1C9
2026-08-31 05:54:44,617 DEBUG   device: b'@RESULT mode=rx sequence=39 size=6 dma=0 tail=6 rx=6 crc=PASS data=PASS status=PASS'
2026-08-31 05:54:44,617 INFO    section=rx-tail case=5/23 PASS size=6 dma=0 tail=6 elapsed=0.018s
2026-08-31 05:54:44,646 DEBUG   device: b'uart> \r\x1b[2Kuart> a\r\x1b[2Kuart> au\r\x1b[2Kuart> aut\r\x1b[2Kuart> auto\r\x1b[2Kuart> auto \r\x1b[2Kuart> auto r\r\x1b[2Kuart> auto rx\r\x1b[2Kuart> auto rx \r\x1b[2Kuart> auto rx 7\r\x1b[2Kuart> auto rx 7 \r\x1b[2Kuart> auto rx 7 4\r\x1b[2Kuart> auto rx 7 40\r\x1b[2Kuart> auto rx 7 40 \r\x1b[2Kuart> auto rx 7 40 3\r\x1b[2Kuart> auto rx 7 40 34\r\x1b[2Kuart> auto rx 7 40 340\r\x1b[2Kuart> auto rx 7 40 3403\r\x1b[2Kuart> auto rx 7 40 34036\r\x1b[2Kuart> auto rx 7 40 340363\r\x1b[2Kuart> auto rx 7 40 3403635\r\x1b[2Kuart> auto rx 7 40 34036355\r\x1b[2Kuart> auto rx 7 40 340363555\r\x1b[2Kuart> auto rx 7 40 3403635552'
2026-08-31 05:54:44,646 DEBUG   device: b'@READY mode=rx sequence=40 size=7 dma=0 tail=7'
2026-08-31 05:54:44,646 DEBUG   RX READY accepted; delaying 0.050s before packet TX
2026-08-31 05:54:44,697 DEBUG   RX packet submitted bytes=7 write_and_flush=0.000406s crc=0x52BC
2026-08-31 05:54:44,715 DEBUG   device: b'@RESULT mode=rx sequence=40 size=7 dma=0 tail=7 rx=7 crc=PASS data=PASS status=PASS'
2026-08-31 05:54:44,715 INFO    section=rx-tail case=6/23 PASS size=7 dma=0 tail=7 elapsed=0.019s
2026-08-31 05:54:44,729 DEBUG   device: b'uart> \r\x1b[2Kuart> a\r\x1b[2Kuart> au\r\x1b[2Kuart> aut\r\x1b[2Kuart> auto\r\x1b[2Kuart> auto \r\x1b[2Kuart> auto r\r\x1b[2Kuart> auto rx\r\x1b[2Kuart> auto rx \r\x1b[2Kuart> auto rx 8\r\x1b[2Kuart> auto rx 8 \r\x1b[2Kuart> auto rx 8 4\r\x1b[2Kuart> auto rx 8 41\r\x1b[2Kuart> auto rx 8 41 \r\x1b[2Kuart> auto rx 8 41 1\r\x1b[2Kuart> auto rx 8 41 17\r\x1b[2Kuart> auto rx 8 41 176\r\x1b[2Kuart> auto rx 8 41 1763\r\x1b[2Kuart> auto rx 8 41 17631\r\x1b[2Kuart> auto rx 8 41 176310\r\x1b[2Kuart> auto rx 8 41 1763104\r\x1b[2Kuart> auto rx 8 41 17631040\r\x1b[2Kuart> auto rx 8 41 176310402\r\x1b[2Kuart> auto rx 8 41 1763104025'
2026-08-31 05:54:44,745 DEBUG   device: b'@READY mode=rx sequence=41 size=8 dma=8 tail=0'
2026-08-31 05:54:44,745 DEBUG   RX READY accepted; delaying 0.050s before packet TX
2026-08-31 05:54:44,795 DEBUG   RX packet submitted bytes=8 write_and_flush=0.000398s crc=0xD9D1
2026-08-31 05:54:44,813 DEBUG   device: b'@RESULT mode=rx sequence=41 size=8 dma=8 tail=0 rx=8 crc=PASS data=PASS status=PASS'
2026-08-31 05:54:44,813 INFO    section=rx-tail case=7/23 PASS size=8 dma=8 tail=0 elapsed=0.018s
2026-08-31 05:54:44,826 DEBUG   device: b'uart> \r\x1b[2Kuart> a\r\x1b[2Kuart> au\r\x1b[2Kuart> aut\r\x1b[2Kuart> auto\r\x1b[2Kuart> auto \r\x1b[2Kuart> auto r\r\x1b[2Kuart> auto rx\r\x1b[2Kuart> auto rx \r\x1b[2Kuart> auto rx 9\r\x1b[2Kuart> auto rx 9 \r\x1b[2Kuart> auto rx 9 4\r\x1b[2Kuart> auto rx 9 42\r\x1b[2Kuart> auto rx 9 42 \r\x1b[2Kuart> auto rx 9 42 1\r\x1b[2Kuart> auto rx 9 42 12\r\x1b[2Kuart> auto rx 9 42 122\r\x1b[2Kuart> auto rx 9 42 1225\r\x1b[2Kuart> auto rx 9 42 12257\r\x1b[2Kuart> auto rx 9 42 122572\r\x1b[2Kuart> auto rx 9 42 1225724\r\x1b[2Kuart> auto rx 9 42 12257249\r\x1b[2Kuart> auto rx 9 42 122572498'
2026-08-31 05:54:44,842 DEBUG   device: b'@READY mode=rx sequence=42 size=9 dma=8 tail=1'
2026-08-31 05:54:44,842 DEBUG   RX READY accepted; delaying 0.050s before packet TX
2026-08-31 05:54:44,894 DEBUG   RX packet submitted bytes=9 write_and_flush=0.002315s crc=0x2064
2026-08-31 05:54:44,910 DEBUG   device: b'@RESULT mode=rx sequence=42 size=9 dma=8 tail=1 rx=9 crc=PASS data=PASS status=PASS'
2026-08-31 05:54:44,910 INFO    section=rx-tail case=8/23 PASS size=9 dma=8 tail=1 elapsed=0.018s
2026-08-31 05:54:44,925 DEBUG   device: b'uart> \r\x1b[2Kuart> a\r\x1b[2Kuart> au\r\x1b[2Kuart> aut\r\x1b[2Kuart> auto\r\x1b[2Kuart> auto \r\x1b[2Kuart> auto r\r\x1b[2Kuart> auto rx\r\x1b[2Kuart> auto rx \r\x1b[2Kuart> auto rx 1\r\x1b[2Kuart> auto rx 10\r\x1b[2Kuart> auto rx 10 \r\x1b[2Kuart> auto rx 10 4\r\x1b[2Kuart> auto rx 10 43\r\x1b[2Kuart> auto rx 10 43 \r\x1b[2Kuart> auto rx 10 43 2\r\x1b[2Kuart> auto rx 10 43 27\r\x1b[2Kuart> auto rx 10 43 277\r\x1b[2Kuart> auto rx 10 43 2777\r\x1b[2Kuart> auto rx 10 43 27770\r\x1b[2Kuart> auto rx 10 43 277700\r\x1b[2Kuart> auto rx 10 43 2777008\r\x1b[2Kuart> auto rx 10 43 27770082\r\x1b[2Kuart> auto rx 10 43 277700826\r\x1b[2Kuart> auto rx 10 43 2777008267'
2026-08-31 05:54:44,940 DEBUG   device: b'@READY mode=rx sequence=43 size=10 dma=8 tail=2'
2026-08-31 05:54:44,940 DEBUG   RX READY accepted; delaying 0.050s before packet TX
2026-08-31 05:54:44,992 DEBUG   RX packet submitted bytes=10 write_and_flush=0.002183s crc=0x2E18
2026-08-31 05:54:45,008 DEBUG   device: b'@RESULT mode=rx sequence=43 size=10 dma=8 tail=2 rx=10 crc=PASS data=PASS status=PASS'
2026-08-31 05:54:45,008 INFO    section=rx-tail case=9/23 PASS size=10 dma=8 tail=2 elapsed=0.018s
2026-08-31 05:54:45,022 DEBUG   device: b'uart> \r\x1b[2Kuart> a\r\x1b[2Kuart> au\r\x1b[2Kuart> aut\r\x1b[2Kuart> auto\r\x1b[2Kuart> auto \r\x1b[2Kuart> auto r\r\x1b[2Kuart> auto rx\r\x1b[2Kuart> auto rx \r\x1b[2Kuart> auto rx 1\r\x1b[2Kuart> auto rx 11\r\x1b[2Kuart> auto rx 11 \r\x1b[2Kuart> auto rx 11 4\r\x1b[2Kuart> auto rx 11 44\r\x1b[2Kuart> auto rx 11 44 \r\x1b[2Kuart> auto rx 11 44 1\r\x1b[2Kuart> auto rx 11 44 11\r\x1b[2Kuart> auto rx 11 44 113\r\x1b[2Kuart> auto rx 11 44 1136\r\x1b[2Kuart> auto rx 11 44 11364\r\x1b[2Kuart> auto rx 11 44 113647\r\x1b[2Kuart> auto rx 11 44 1136476\r\x1b[2Kuart> auto rx 11 44 11364767\r\x1b[2Kuart> auto rx 11 44 113647674\r\x1b[2Kuart> auto rx 11 44 1136476740'
2026-08-31 05:54:45,038 DEBUG   device: b'@READY mode=rx sequence=44 size=11 dma=8 tail=3'
2026-08-31 05:54:45,038 DEBUG   RX READY accepted; delaying 0.050s before packet TX
2026-08-31 05:54:45,090 DEBUG   RX packet submitted bytes=11 write_and_flush=0.002164s crc=0x0C4D
2026-08-31 05:54:45,106 DEBUG   device: b'@RESULT mode=rx sequence=44 size=11 dma=8 tail=3 rx=11 crc=PASS data=PASS status=PASS'
2026-08-31 05:54:45,106 INFO    section=rx-tail case=10/23 PASS size=11 dma=8 tail=3 elapsed=0.018s
2026-08-31 05:54:45,120 DEBUG   device: b'uart> \r\x1b[2Kuart> a\r\x1b[2Kuart> au\r\x1b[2Kuart> aut\r\x1b[2Kuart> auto\r\x1b[2Kuart> auto \r\x1b[2Kuart> auto r\r\x1b[2Kuart> auto rx\r\x1b[2Kuart> auto rx \r\x1b[2Kuart> auto rx 1\r\x1b[2Kuart> auto rx 12\r\x1b[2Kuart> auto rx 12 \r\x1b[2Kuart> auto rx 12 4\r\x1b[2Kuart> auto rx 12 45\r\x1b[2Kuart> auto rx 12 45 \r\x1b[2Kuart> auto rx 12 45 3\r\x1b[2Kuart> auto rx 12 45 37\r\x1b[2Kuart> auto rx 12 45 379\r\x1b[2Kuart> auto rx 12 45 3790\r\x1b[2Kuart> auto rx 12 45 37909\r\x1b[2Kuart> auto rx 12 45 379091\r\x1b[2Kuart> auto rx 12 45 3790912\r\x1b[2Kuart> auto rx 12 45 37909125\r\x1b[2Kuart> auto rx 12 45 379091250\r\x1b[2Kuart> auto rx 12 45 3790912509'
2026-08-31 05:54:45,136 DEBUG   device: b'@READY mode=rx sequence=45 size=12 dma=8 tail=4'
2026-08-31 05:54:45,136 DEBUG   RX READY accepted; delaying 0.050s before packet TX
2026-08-31 05:54:45,188 DEBUG   RX packet submitted bytes=12 write_and_flush=0.002198s crc=0x774C
2026-08-31 05:54:45,205 DEBUG   device: b'@RESULT mode=rx sequence=45 size=12 dma=8 tail=4 rx=12 crc=PASS data=PASS status=PASS'
2026-08-31 05:54:45,205 INFO    section=rx-tail case=11/23 PASS size=12 dma=8 tail=4 elapsed=0.019s
2026-08-31 05:54:45,219 DEBUG   device: b'uart> \r\x1b[2Kuart> a\r\x1b[2Kuart> au\r\x1b[2Kuart> aut\r\x1b[2Kuart> auto\r\x1b[2Kuart> auto \r\x1b[2Kuart> auto r\r\x1b[2Kuart> auto rx\r\x1b[2Kuart> auto rx \r\x1b[2Kuart> auto rx 1\r\x1b[2Kuart> auto rx 13\r\x1b[2Kuart> auto rx 13 \r\x1b[2Kuart> auto rx 13 4\r\x1b[2Kuart> auto rx 13 46\r\x1b[2Kuart> auto rx 13 46 \r\x1b[2Kuart> auto rx 13 46 2\r\x1b[2Kuart> auto rx 13 46 21\r\x1b[2Kuart> auto rx 13 46 215\r\x1b[2Kuart> auto rx 13 46 2150\r\x1b[2Kuart> auto rx 13 46 21503\r\x1b[2Kuart> auto rx 13 46 215038\r\x1b[2Kuart> auto rx 13 46 2150380\r\x1b[2Kuart> auto rx 13 46 21503809\r\x1b[2Kuart> auto rx 13 46 215038098\r\x1b[2Kuart> auto rx 13 46 2150380982'
2026-08-31 05:54:45,235 DEBUG   device: b'@READY mode=rx sequence=46 size=13 dma=8 tail=5'
2026-08-31 05:54:45,235 DEBUG   RX READY accepted; delaying 0.050s before packet TX
2026-08-31 05:54:45,288 DEBUG   RX packet submitted bytes=13 write_and_flush=0.003124s crc=0xB7F0
2026-08-31 05:54:45,304 DEBUG   device: b'@RESULT mode=rx sequence=46 size=13 dma=8 tail=5 rx=13 crc=PASS data=PASS status=PASS'
2026-08-31 05:54:45,304 INFO    section=rx-tail case=12/23 PASS size=13 dma=8 tail=5 elapsed=0.019s
2026-08-31 05:54:45,318 DEBUG   device: b'uart> \r\x1b[2Kuart> a\r\x1b[2Kuart> au\r\x1b[2Kuart> aut\r\x1b[2Kuart> auto\r\x1b[2Kuart> auto \r\x1b[2Kuart> auto r\r\x1b[2Kuart> auto rx\r\x1b[2Kuart> auto rx \r\x1b[2Kuart> auto rx 1\r\x1b[2Kuart> auto rx 14\r\x1b[2Kuart> auto rx 14 \r\x1b[2Kuart> auto rx 14 4\r\x1b[2Kuart> auto rx 14 47\r\x1b[2Kuart> auto rx 14 47 \r\x1b[2Kuart> auto rx 14 47 5\r\x1b[2Kuart> auto rx 14 47 50\r\x1b[2Kuart> auto rx 14 47 509\r\x1b[2Kuart> auto rx 14 47 5098\r\x1b[2Kuart> auto rx 14 47 50984\r\x1b[2Kuart> auto rx 14 47 509849\r\x1b[2Kuart> auto rx 14 47 5098494\r\x1b[2Kuart> auto rx 14 47 50984945\r\x1b[2Kuart> auto rx 14 47 509849455'
2026-08-31 05:54:45,319 DEBUG   device: b'@READY mode=rx sequence=47 size=14 dma=8 tail=6'
2026-08-31 05:54:45,319 DEBUG   RX READY accepted; delaying 0.050s before packet TX
2026-08-31 05:54:45,371 DEBUG   RX packet submitted bytes=14 write_and_flush=0.002690s crc=0xBE2C
2026-08-31 05:54:45,387 DEBUG   device: b'@RESULT mode=rx sequence=47 size=14 dma=8 tail=6 rx=14 crc=PASS data=PASS status=PASS'
2026-08-31 05:54:45,387 INFO    section=rx-tail case=13/23 PASS size=14 dma=8 tail=6 elapsed=0.018s
2026-08-31 05:54:45,402 DEBUG   device: b'uart> \r\x1b[2Kuart> a\r\x1b[2Kuart> au\r\x1b[2Kuart> aut\r\x1b[2Kuart> auto\r\x1b[2Kuart> auto \r\x1b[2Kuart> auto r\r\x1b[2Kuart> auto rx\r\x1b[2Kuart> auto rx \r\x1b[2Kuart> auto rx 1\r\x1b[2Kuart> auto rx 15\r\x1b[2Kuart> auto rx 15 \r\x1b[2Kuart> auto rx 15 4\r\x1b[2Kuart> auto rx 15 48\r\x1b[2Kuart> auto rx 15 48 \r\x1b[2Kuart> auto rx 15 48 3\r\x1b[2Kuart> auto rx 15 48 31\r\x1b[2Kuart> auto rx 15 48 316\r\x1b[2Kuart> auto rx 15 48 3164\r\x1b[2Kuart> auto rx 15 48 31642\r\x1b[2Kuart> auto rx 15 48 316428\r\x1b[2Kuart> auto rx 15 48 3164285\r\x1b[2Kuart> auto rx 15 48 31642852\r\x1b[2Kuart> auto rx 15 48 316428522\r\x1b[2Kuart> auto rx 15 48 3164285224'
2026-08-31 05:54:45,417 DEBUG   device: b'@READY mode=rx sequence=48 size=15 dma=8 tail=7'
2026-08-31 05:54:45,417 DEBUG   RX READY accepted; delaying 0.050s before packet TX
2026-08-31 05:54:45,469 DEBUG   RX packet submitted bytes=15 write_and_flush=0.002078s crc=0xAAD1
2026-08-31 05:54:45,486 DEBUG   device: b'@RESULT mode=rx sequence=48 size=15 dma=8 tail=7 rx=15 crc=PASS data=PASS status=PASS'
2026-08-31 05:54:45,486 INFO    section=rx-tail case=14/23 PASS size=15 dma=8 tail=7 elapsed=0.019s
2026-08-31 05:54:45,500 DEBUG   device: b'uart> \r\x1b[2Kuart> a\r\x1b[2Kuart> au\r\x1b[2Kuart> aut\r\x1b[2Kuart> auto\r\x1b[2Kuart> auto \r\x1b[2Kuart> auto r\r\x1b[2Kuart> auto rx\r\x1b[2Kuart> auto rx \r\x1b[2Kuart> auto rx 1\r\x1b[2Kuart> auto rx 16\r\x1b[2Kuart> auto rx 16 \r\x1b[2Kuart> auto rx 16 4\r\x1b[2Kuart> auto rx 16 49\r\x1b[2Kuart> auto rx 16 49 \r\x1b[2Kuart> auto rx 16 49 1\r\x1b[2Kuart> auto rx 16 49 15\r\x1b[2Kuart> auto rx 16 49 152\r\x1b[2Kuart> auto rx 16 49 1523\r\x1b[2Kuart> auto rx 16 49 15237\r\x1b[2Kuart> auto rx 16 49 152375\r\x1b[2Kuart> auto rx 16 49 1523753\r\x1b[2Kuart> auto rx 16 49 15237536\r\x1b[2Kuart> auto rx 16 49 152375369\r\x1b[2Kuart> auto rx 16 49 1523753697'
2026-08-31 05:54:45,516 DEBUG   device: b'@READY mode=rx sequence=49 size=16 dma=16 tail=0'
2026-08-31 05:54:45,516 DEBUG   RX READY accepted; delaying 0.050s before packet TX
2026-08-31 05:54:45,568 DEBUG   RX packet submitted bytes=16 write_and_flush=0.002135s crc=0x2F87
2026-08-31 05:54:45,585 DEBUG   device: b'@RESULT mode=rx sequence=49 size=16 dma=16 tail=0 rx=16 crc=PASS data=PASS status=PASS'
2026-08-31 05:54:45,585 INFO    section=rx-tail case=15/23 PASS size=16 dma=16 tail=0 elapsed=0.019s
2026-08-31 05:54:45,606 DEBUG   device: b'uart> \r\x1b[2Kuart> a\r\x1b[2Kuart> au\r\x1b[2Kuart> aut\r\x1b[2Kuart> auto\r\x1b[2Kuart> auto \r\x1b[2Kuart> auto r\r\x1b[2Kuart> auto rx\r\x1b[2Kuart> auto rx \r\x1b[2Kuart> auto rx 6\r\x1b[2Kuart> auto rx 61\r\x1b[2Kuart> auto rx 614\r\x1b[2Kuart> auto rx 6144\r\x1b[2Kuart> auto rx 6144 \r\x1b[2Kuart> auto rx 6144 5\r\x1b[2Kuart> auto rx 6144 50\r\x1b[2Kuart> auto rx 6144 50 \r\x1b[2Kuart> auto rx 6144 50 4\r\x1b[2Kuart> auto rx 6144 50 41\r\x1b[2Kuart> auto rx 6144 50 417\r\x1b[2Kuart> auto rx 6144 50 4178\r\x1b[2Kuart> auto rx 6144 50 41781\r\x1b[2Kuart> auto rx 6144 50 417818\r\x1b[2Kuart> auto rx 6144 50 4178189\r\x1b[2Kuart> auto rx 6144 50 41781894\r\x1b[2Kuart> auto rx 6144 50 417818946\r\x1b[2Kuart> auto rx 6144 50 4178189466'
2026-08-31 05:54:45,621 DEBUG   device: b'@READY mode=rx sequence=50 size=6144 dma=6144 tail=0'
2026-08-31 05:54:45,621 DEBUG   RX READY accepted; delaying 0.050s before packet TX
2026-08-31 05:54:45,805 DEBUG   RX packet submitted bytes=6144 write_and_flush=0.134186s crc=0xEA49
2026-08-31 05:54:45,825 DEBUG   device: b'@RESULT mode=rx sequence=50 size=6144 dma=6144 tail=0 rx=6144 crc=PASS data=PASS status=PASS'
2026-08-31 05:54:45,825 INFO    section=rx-tail case=16/23 PASS size=6144 dma=6144 tail=0 elapsed=0.154s
2026-08-31 05:54:45,846 DEBUG   device: b'uart> \r\x1b[2Kuart> a\r\x1b[2Kuart> au\r\x1b[2Kuart> aut\r\x1b[2Kuart> auto\r\x1b[2Kuart> auto \r\x1b[2Kuart> auto r\r\x1b[2Kuart> auto rx\r\x1b[2Kuart> auto rx \r\x1b[2Kuart> auto rx 6\r\x1b[2Kuart> auto rx 61\r\x1b[2Kuart> auto rx 614\r\x1b[2Kuart> auto rx 6145\r\x1b[2Kuart> auto rx 6145 \r\x1b[2Kuart> auto rx 6145 5\r\x1b[2Kuart> auto rx 6145 51\r\x1b[2Kuart> auto rx 6145 51 \r\x1b[2Kuart> auto rx 6145 51 2\r\x1b[2Kuart> auto rx 6145 51 25\r\x1b[2Kuart> auto rx 6145 51 253\r\x1b[2Kuart> auto rx 6145 51 2537\r\x1b[2Kuart> auto rx 6145 51 25376\r\x1b[2Kuart> auto rx 6145 51 253765\r\x1b[2Kuart> auto rx 6145 51 2537657\r\x1b[2Kuart> auto rx 6145 51 25376579\r\x1b[2Kuart> auto rx 6145 51 253765793\r\x1b[2Kuart> auto rx 6145 51 2537657939'
2026-08-31 05:54:45,861 DEBUG   device: b'@READY mode=rx sequence=51 size=6145 dma=6144 tail=1'
2026-08-31 05:54:45,861 DEBUG   RX READY accepted; delaying 0.050s before packet TX
2026-08-31 05:54:46,046 DEBUG   RX packet submitted bytes=6145 write_and_flush=0.135146s crc=0xB573
2026-08-31 05:54:46,065 DEBUG   device: b'@RESULT mode=rx sequence=51 size=6145 dma=6144 tail=1 rx=6145 crc=PASS data=PASS status=PASS'
2026-08-31 05:54:46,065 INFO    section=rx-tail case=17/23 PASS size=6145 dma=6144 tail=1 elapsed=0.154s
2026-08-31 05:54:46,086 DEBUG   device: b'uart> \r\x1b[2Kuart> a\r\x1b[2Kuart> au\r\x1b[2Kuart> aut\r\x1b[2Kuart> auto\r\x1b[2Kuart> auto \r\x1b[2Kuart> auto r\r\x1b[2Kuart> auto rx\r\x1b[2Kuart> auto rx \r\x1b[2Kuart> auto rx 6\r\x1b[2Kuart> auto rx 61\r\x1b[2Kuart> auto rx 614\r\x1b[2Kuart> auto rx 6146\r\x1b[2Kuart> auto rx 6146 \r\x1b[2Kuart> auto rx 6146 5\r\x1b[2Kuart> auto rx 6146 52\r\x1b[2Kuart> auto rx 6146 52 \r\x1b[2Kuart> auto rx 6146 52 8\r\x1b[2Kuart> auto rx 6146 52 89\r\x1b[2Kuart> auto rx 6146 52 897\r\x1b[2Kuart> auto rx 6146 52 8971\r\x1b[2Kuart> auto rx 6146 52 89712\r\x1b[2Kuart> auto rx 6146 52 897126\r\x1b[2Kuart> auto rx 6146 52 8971264\r\x1b[2Kuart> auto rx 6146 52 89712641\r\x1b[2Kuart> auto rx 6146 52 897126412'
2026-08-31 05:54:46,101 DEBUG   device: b'@READY mode=rx sequence=52 size=6146 dma=6144 tail=2'
2026-08-31 05:54:46,101 DEBUG   RX READY accepted; delaying 0.050s before packet TX
2026-08-31 05:54:46,285 DEBUG   RX packet submitted bytes=6146 write_and_flush=0.134358s crc=0x7A07
2026-08-31 05:54:46,305 DEBUG   device: b'@RESULT mode=rx sequence=52 size=6146 dma=6144 tail=2 rx=6146 crc=PASS data=PASS status=PASS'
2026-08-31 05:54:46,305 INFO    section=rx-tail case=18/23 PASS size=6146 dma=6144 tail=2 elapsed=0.154s
2026-08-31 05:54:46,326 DEBUG   device: b'uart> \r\x1b[2Kuart> a\r\x1b[2Kuart> au\r\x1b[2Kuart> aut\r\x1b[2Kuart> auto\r\x1b[2Kuart> auto \r\x1b[2Kuart> auto r\r\x1b[2Kuart> auto rx\r\x1b[2Kuart> auto rx \r\x1b[2Kuart> auto rx 6\r\x1b[2Kuart> auto rx 61\r\x1b[2Kuart> auto rx 614\r\x1b[2Kuart> auto rx 6147\r\x1b[2Kuart> auto rx 6147 \r\x1b[2Kuart> auto rx 6147 5\r\x1b[2Kuart> auto rx 6147 53\r\x1b[2Kuart> auto rx 6147 53 \r\x1b[2Kuart> auto rx 6147 53 3\r\x1b[2Kuart> auto rx 6147 53 35\r\x1b[2Kuart> auto rx 6147 53 355\r\x1b[2Kuart> auto rx 6147 53 3551\r\x1b[2Kuart> auto rx 6147 53 35515\r\x1b[2Kuart> auto rx 6147 53 355156\r\x1b[2Kuart> auto rx 6147 53 3551562\r\x1b[2Kuart> auto rx 6147 53 35515621\r\x1b[2Kuart> auto rx 6147 53 355156218\r\x1b[2Kuart> auto rx 6147 53 3551562181'
2026-08-31 05:54:46,341 DEBUG   device: b'@READY mode=rx sequence=53 size=6147 dma=6144 tail=3'
2026-08-31 05:54:46,341 DEBUG   RX READY accepted; delaying 0.050s before packet TX
2026-08-31 05:54:46,526 DEBUG   RX packet submitted bytes=6147 write_and_flush=0.135155s crc=0xDB1E
2026-08-31 05:54:46,545 DEBUG   device: b'@RESULT mode=rx sequence=53 size=6147 dma=6144 tail=3 rx=6147 crc=PASS data=PASS status=PASS'
2026-08-31 05:54:46,545 INFO    section=rx-tail case=19/23 PASS size=6147 dma=6144 tail=3 elapsed=0.154s
2026-08-31 05:54:46,566 DEBUG   device: b'uart> \r\x1b[2Kuart> a\r\x1b[2Kuart> au\r\x1b[2Kuart> aut\r\x1b[2Kuart> auto\r\x1b[2Kuart> auto \r\x1b[2Kuart> auto r\r\x1b[2Kuart> auto rx\r\x1b[2Kuart> auto rx \r\x1b[2Kuart> auto rx 6\r\x1b[2Kuart> auto rx 61\r\x1b[2Kuart> auto rx 614\r\x1b[2Kuart> auto rx 6148\r\x1b[2Kuart> auto rx 6148 \r\x1b[2Kuart> auto rx 6148 5\r\x1b[2Kuart> auto rx 6148 54\r\x1b[2Kuart> auto rx 6148 54 \r\x1b[2Kuart> auto rx 6148 54 1\r\x1b[2Kuart> auto rx 6148 54 19\r\x1b[2Kuart> auto rx 6148 54 191\r\x1b[2Kuart> auto rx 6148 54 1911\r\x1b[2Kuart> auto rx 6148 54 19110\r\x1b[2Kuart> auto rx 6148 54 191103\r\x1b[2Kuart> auto rx 6148 54 1911030\r\x1b[2Kuart> auto rx 6148 54 19110306\r\x1b[2Kuart> auto rx 6148 54 191103065\r\x1b[2Kuart> auto rx 6148 54 1911030654'
2026-08-31 05:54:46,581 DEBUG   device: b'@READY mode=rx sequence=54 size=6148 dma=6144 tail=4'
2026-08-31 05:54:46,581 DEBUG   RX READY accepted; delaying 0.050s before packet TX
2026-08-31 05:54:46,765 DEBUG   RX packet submitted bytes=6148 write_and_flush=0.134156s crc=0xFD11
2026-08-31 05:54:46,785 DEBUG   device: b'@RESULT mode=rx sequence=54 size=6148 dma=6144 tail=4 rx=6148 crc=PASS data=PASS status=PASS'
2026-08-31 05:54:46,785 INFO    section=rx-tail case=20/23 PASS size=6148 dma=6144 tail=4 elapsed=0.154s
2026-08-31 05:54:46,805 DEBUG   device: b'uart> \r\x1b[2Kuart> a\r\x1b[2Kuart> au\r\x1b[2Kuart> aut\r\x1b[2Kuart> auto\r\x1b[2Kuart> auto \r\x1b[2Kuart> auto r\r\x1b[2Kuart> auto rx\r\x1b[2Kuart> auto rx \r\x1b[2Kuart> auto rx 6\r\x1b[2Kuart> auto rx 61\r\x1b[2Kuart> auto rx 614\r\x1b[2Kuart> auto rx 6149\r\x1b[2Kuart> auto rx 6149 \r\x1b[2Kuart> auto rx 6149 5\r\x1b[2Kuart> auto rx 6149 55\r\x1b[2Kuart> auto rx 6149 55 \r\x1b[2Kuart> auto rx 6149 55 2\r\x1b[2Kuart> auto rx 6149 55 27\r\x1b[2Kuart> auto rx 6149 55 270\r\x1b[2Kuart> auto rx 6149 55 2704\r\x1b[2Kuart> auto rx 6149 55 27049\r\x1b[2Kuart> auto rx 6149 55 270499\r\x1b[2Kuart> auto rx 6149 55 2704991\r\x1b[2Kuart> auto rx 6149 55 27049912\r\x1b[2Kuart> auto rx 6149 55 270499127'
2026-08-31 05:54:46,821 DEBUG   device: b'@READY mode=rx sequence=55 size=6149 dma=6144 tail=5'
2026-08-31 05:54:46,821 DEBUG   RX READY accepted; delaying 0.050s before packet TX
2026-08-31 05:54:47,005 DEBUG   RX packet submitted bytes=6149 write_and_flush=0.134390s crc=0xA2E7
2026-08-31 05:54:47,025 DEBUG   device: b'@RESULT mode=rx sequence=55 size=6149 dma=6144 tail=5 rx=6149 crc=PASS data=PASS status=PASS'
2026-08-31 05:54:47,025 INFO    section=rx-tail case=21/23 PASS size=6149 dma=6144 tail=5 elapsed=0.154s
2026-08-31 05:54:47,046 DEBUG   device: b'uart> \r\x1b[2Kuart> a\r\x1b[2Kuart> au\r\x1b[2Kuart> aut\r\x1b[2Kuart> auto\r\x1b[2Kuart> auto \r\x1b[2Kuart> auto r\r\x1b[2Kuart> auto rx\r\x1b[2Kuart> auto rx \r\x1b[2Kuart> auto rx 6\r\x1b[2Kuart> auto rx 61\r\x1b[2Kuart> auto rx 615\r\x1b[2Kuart> auto rx 6150\r\x1b[2Kuart> auto rx 6150 \r\x1b[2Kuart> auto rx 6150 5\r\x1b[2Kuart> auto rx 6150 56\r\x1b[2Kuart> auto rx 6150 56 \r\x1b[2Kuart> auto rx 6150 56 2\r\x1b[2Kuart> auto rx 6150 56 29\r\x1b[2Kuart> auto rx 6150 56 292\r\x1b[2Kuart> auto rx 6150 56 2924\r\x1b[2Kuart> auto rx 6150 56 29249\r\x1b[2Kuart> auto rx 6150 56 292493\r\x1b[2Kuart> auto rx 6150 56 2924934\r\x1b[2Kuart> auto rx 6150 56 29249348\r\x1b[2Kuart> auto rx 6150 56 292493489\r\x1b[2Kuart> auto rx 6150 56 2924934896'
2026-08-31 05:54:47,061 DEBUG   device: b'@READY mode=rx sequence=56 size=6150 dma=6144 tail=6'
2026-08-31 05:54:47,061 DEBUG   RX READY accepted; delaying 0.050s before packet TX
2026-08-31 05:54:47,245 DEBUG   RX packet submitted bytes=6150 write_and_flush=0.134235s crc=0x5E93
2026-08-31 05:54:47,265 DEBUG   device: b'@RESULT mode=rx sequence=56 size=6150 dma=6144 tail=6 rx=6150 crc=PASS data=PASS status=PASS'
2026-08-31 05:54:47,265 INFO    section=rx-tail case=22/23 PASS size=6150 dma=6144 tail=6 elapsed=0.154s
2026-08-31 05:54:47,286 DEBUG   device: b'uart> \r\x1b[2Kuart> a\r\x1b[2Kuart> au\r\x1b[2Kuart> aut\r\x1b[2Kuart> auto\r\x1b[2Kuart> auto \r\x1b[2Kuart> auto r\r\x1b[2Kuart> auto rx\r\x1b[2Kuart> auto rx \r\x1b[2Kuart> auto rx 6\r\x1b[2Kuart> auto rx 61\r\x1b[2Kuart> auto rx 615\r\x1b[2Kuart> auto rx 6151\r\x1b[2Kuart> auto rx 6151 \r\x1b[2Kuart> auto rx 6151 5\r\x1b[2Kuart> auto rx 6151 57\r\x1b[2Kuart> auto rx 6151 57 \r\x1b[2Kuart> auto rx 6151 57 1\r\x1b[2Kuart> auto rx 6151 57 12\r\x1b[2Kuart> auto rx 6151 57 128\r\x1b[2Kuart> auto rx 6151 57 1284\r\x1b[2Kuart> auto rx 6151 57 12844\r\x1b[2Kuart> auto rx 6151 57 128440\r\x1b[2Kuart> auto rx 6151 57 1284403\r\x1b[2Kuart> auto rx 6151 57 12844033\r\x1b[2Kuart> auto rx 6151 57 128440336\r\x1b[2Kuart> auto rx 6151 57 1284403369'
2026-08-31 05:54:47,301 DEBUG   device: b'@READY mode=rx sequence=57 size=6151 dma=6144 tail=7'
2026-08-31 05:54:47,301 DEBUG   RX READY accepted; delaying 0.050s before packet TX
2026-08-31 05:54:47,486 DEBUG   RX packet submitted bytes=6151 write_and_flush=0.135084s crc=0x293C
2026-08-31 05:54:47,505 DEBUG   device: b'@RESULT mode=rx sequence=57 size=6151 dma=6144 tail=7 rx=6151 crc=PASS data=PASS status=PASS'
2026-08-31 05:54:47,505 INFO    section=rx-tail case=23/23 PASS size=6151 dma=6144 tail=7 elapsed=0.154s
2026-08-31 05:54:47,505 INFO    SECTION name=rx-tail status=PASS passed=23 failed=0 elapsed=1.505s
2026-08-31 05:54:47,505 INFO    SUITE status=PASS passed=58 failed=0 full_profile=SKIPPED
2026-08-31 05:54:47,505 INFO    BAUD_RATE status=PASS rate=3/6 index=13 baud=460800 passed=58 failed=0 elapsed=5.593s
2026-08-31 05:54:47,512 DEBUG   device: b'uart> \r\x1b[2Kuart> a\r\x1b[2Kuart> au\r\x1b[2Kuart> aut\r\x1b[2Kuart> auto\r\x1b[2Kuart> auto \r\x1b[2Kuart> auto b\r\x1b[2Kuart> auto ba\r\x1b[2Kuart> auto bau\r\x1b[2Kuart> auto baud\r\x1b[2Kuart> auto baud \r\x1b[2Kuart> auto baud 1\r\x1b[2Kuart> auto baud 11'
2026-08-31 05:54:47,528 DEBUG   device: b'@BAUD READY old_index=13 old=460800 new_index=11 new=115200'
2026-08-31 05:54:47,544 DEBUG   device: b'@BAUD ACTIVE index=11 baud=115200 mode=16x'
2026-08-31 05:54:47,544 INFO    BAUD_SWITCH status=PASS old_index=13 old=460800 new_index=11 new=115200
2026-08-31 05:54:47,549 INFO    BAUD_RATE status=BEGIN rate=4/6 index=14 baud=921600 timeout=30.0s
2026-08-31 05:54:47,573 DEBUG   device: b'uart> \r\x1b[2Kuart> a\r\x1b[2Kuart> au\r\x1b[2Kuart> aut\r\x1b[2Kuart> auto\r\x1b[2Kuart> auto \r\x1b[2Kuart> auto b\r\x1b[2Kuart> auto ba\r\x1b[2Kuart> auto bau\r\x1b[2Kuart> auto baud\r\x1b[2Kuart> auto baud \r\x1b[2Kuart> auto baud 1\r\x1b[2Kuart> auto baud 14'
2026-08-31 05:54:47,588 DEBUG   device: b'@BAUD READY old_index=11 old=115200 new_index=14 new=921600'
2026-08-31 05:54:47,604 DEBUG   device: b'@BAUD ACTIVE index=14 baud=921600 mode=13x'
2026-08-31 05:54:47,604 INFO    BAUD_SWITCH status=PASS old_index=11 old=115200 new_index=14 new=921600
2026-08-31 05:54:47,604 INFO    SUITE status=BEGIN cases=58 full_profile=SKIPPED
2026-08-31 05:54:47,604 INFO    SECTION name=smoke status=BEGIN cases=1 payload=256
2026-08-31 05:54:47,613 DEBUG   device: b'uart> \r\x1b[2Kuart> a\r\x1b[2Kuart> au\r\x1b[2Kuart> aut\r\x1b[2Kuart> auto\r\x1b[2Kuart> auto \r\x1b[2Kuart> auto d\r\x1b[2Kuart> auto dm\r\x1b[2Kuart> auto dma\r\x1b[2Kuart> auto dma \r\x1b[2Kuart> auto dma 2\r\x1b[2Kuart> auto dma 25\r\x1b[2Kuart> auto dma 256\r\x1b[2Kuart> auto dma 256 \r\x1b[2Kuart> auto dma 256 0\r\x1b[2Kuart> auto dma 256 0 \r\x1b[2Kuart> auto dma 256 0 3\r\x1b[2Kuart> auto dma 256 0 30\r\x1b[2Kuart> auto dma 256 0 305\r\x1b[2Kuart> auto dma 256 0 3054\r\x1b[2Kuart> auto dma 256 0 30541\r\x1b[2Kuart> auto dma 256 0 305419\r\x1b[2Kuart> auto dma 256 0 3054198\r\x1b[2Kuart> auto dma 256 0 30541989\r\x1b[2Kuart> auto dma 256 0 305419896'
2026-08-31 05:54:47,628 DEBUG   device: b'@READY mode=dma sequence=0 frame=280 payload=256'
2026-08-31 05:54:47,628 DEBUG   READY accepted; delaying 0.050s before frame TX
2026-08-31 05:54:47,682 DEBUG   frame TX submitted bytes=280/280 write_and_flush=0.004326s crc=0xEA60
2026-08-31 05:54:47,686 DEBUG   echo chunk=280 total=280/280 after=0.003231s
2026-08-31 05:54:47,702 DEBUG   device: b'@RESULT mode=dma sequence=0 rx=280 tx=280 crc=PASS data=PASS status=PASS'
2026-08-31 05:54:47,702 INFO    section=smoke cycle=1/1 PASS frame_payload=256 elapsed=0.008s roundtrip=64.7 KiB/s
2026-08-31 05:54:47,702 INFO    SECTION name=smoke status=PASS passed=1 failed=0 elapsed=0.008s
2026-08-31 05:54:47,702 INFO    SECTION name=large-6144 status=BEGIN cases=1 payload=6144
2026-08-31 05:54:47,716 DEBUG   device: b'uart> \r\x1b[2Kuart> a\r\x1b[2Kuart> au\r\x1b[2Kuart> aut\r\x1b[2Kuart> auto\r\x1b[2Kuart> auto \r\x1b[2Kuart> auto d\r\x1b[2Kuart> auto dm\r\x1b[2Kuart> auto dma\r\x1b[2Kuart> auto dma \r\x1b[2Kuart> auto dma 6\r\x1b[2Kuart> auto dma 61\r\x1b[2Kuart> auto dma 614\r\x1b[2Kuart> auto dma 6144\r\x1b[2Kuart> auto dma 6144 \r\x1b[2Kuart> auto dma 6144 1\r\x1b[2Kuart> auto dma 6144 1 \r\x1b[2Kuart> auto dma 6144 1 2\r\x1b[2Kuart> auto dma 6144 1 29\r\x1b[2Kuart> auto dma 6144 1 295\r\x1b[2Kuart> auto dma 6144 1 2959\r\x1b[2Kuart> auto dma 6144 1 29598\r\x1b[2Kuart> auto dma 6144 1 295985\r\x1b[2Kuart> auto dma 6144 1 2959855\r\x1b[2Kuart> auto dma 6144 1 29598556\r\x1b[2Kuart> auto dma 6144 1 295985566\r\x1b[2Kuart> auto dma 6144 1 2959855665'
2026-08-31 05:54:47,732 DEBUG   device: b'@READY mode=dma sequence=1 frame=6168 payload=6144'
2026-08-31 05:54:47,732 DEBUG   READY accepted; delaying 0.050s before frame TX
2026-08-31 05:54:47,851 DEBUG   frame TX submitted bytes=6168/6168 write_and_flush=0.069245s crc=0x6BA3
2026-08-31 05:54:47,902 DEBUG   echo chunk=4553 total=4553/6168 after=0.050073s
2026-08-31 05:54:47,919 DEBUG   echo chunk=1615 total=6168/6168 after=0.067658s
2026-08-31 05:54:47,936 DEBUG   device: b'@RESULT mode=dma sequence=1 rx=6168 tx=6168 crc=PASS data=PASS status=PASS'
2026-08-31 05:54:47,936 INFO    section=large-6144 cycle=1/1 PASS frame_payload=6144 elapsed=0.137s roundtrip=87.4 KiB/s
2026-08-31 05:54:47,936 INFO    SECTION name=large-6144 status=PASS passed=1 failed=0 elapsed=0.137s
2026-08-31 05:54:47,936 INFO    SECTION name=stress status=BEGIN cases=10 payload=6144
2026-08-31 05:54:47,950 DEBUG   device: b'uart> \r\x1b[2Kuart> a\r\x1b[2Kuart> au\r\x1b[2Kuart> aut\r\x1b[2Kuart> auto\r\x1b[2Kuart> auto \r\x1b[2Kuart> auto d\r\x1b[2Kuart> auto dm\r\x1b[2Kuart> auto dma\r\x1b[2Kuart> auto dma \r\x1b[2Kuart> auto dma 6\r\x1b[2Kuart> auto dma 61\r\x1b[2Kuart> auto dma 614\r\x1b[2Kuart> auto dma 6144\r\x1b[2Kuart> auto dma 6144 \r\x1b[2Kuart> auto dma 6144 2\r\x1b[2Kuart> auto dma 6144 2 \r\x1b[2Kuart> auto dma 6144 2 1\r\x1b[2Kuart> auto dma 6144 2 13\r\x1b[2Kuart> auto dma 6144 2 131\r\x1b[2Kuart> auto dma 6144 2 1319\r\x1b[2Kuart> auto dma 6144 2 13193\r\x1b[2Kuart> auto dma 6144 2 131932\r\x1b[2Kuart> auto dma 6144 2 1319324\r\x1b[2Kuart> auto dma 6144 2 13193241\r\x1b[2Kuart> auto dma 6144 2 131932413\r\x1b[2Kuart> auto dma 6144 2 1319324138'
2026-08-31 05:54:47,966 DEBUG   device: b'@READY mode=dma sequence=2 frame=6168 payload=6144'
2026-08-31 05:54:47,966 DEBUG   READY accepted; delaying 0.050s before frame TX
2026-08-31 05:54:48,085 DEBUG   frame TX submitted bytes=6168/6168 write_and_flush=0.069067s crc=0x331D
2026-08-31 05:54:48,135 DEBUG   echo chunk=4549 total=4549/6168 after=0.050066s
2026-08-31 05:54:48,153 DEBUG   echo chunk=1619 total=6168/6168 after=0.067783s
2026-08-31 05:54:48,170 DEBUG   device: b'@RESULT mode=dma sequence=2 rx=6168 tx=6168 crc=PASS data=PASS status=PASS'
2026-08-31 05:54:48,170 INFO    section=stress cycle=1/10 PASS frame_payload=6144 elapsed=0.137s roundtrip=87.6 KiB/s
2026-08-31 05:54:48,184 DEBUG   device: b'uart> \r\x1b[2Kuart> a\r\x1b[2Kuart> au\r\x1b[2Kuart> aut\r\x1b[2Kuart> auto\r\x1b[2Kuart> auto \r\x1b[2Kuart> auto d\r\x1b[2Kuart> auto dm\r\x1b[2Kuart> auto dma\r\x1b[2Kuart> auto dma \r\x1b[2Kuart> auto dma 6\r\x1b[2Kuart> auto dma 61\r\x1b[2Kuart> auto dma 614\r\x1b[2Kuart> auto dma 6144\r\x1b[2Kuart> auto dma 6144 \r\x1b[2Kuart> auto dma 6144 3\r\x1b[2Kuart> auto dma 6144 3 \r\x1b[2Kuart> auto dma 6144 3 3\r\x1b[2Kuart> auto dma 6144 3 39\r\x1b[2Kuart> auto dma 6144 3 397\r\x1b[2Kuart> auto dma 6144 3 3973\r\x1b[2Kuart> auto dma 6144 3 39737\r\x1b[2Kuart> auto dma 6144 3 397375\r\x1b[2Kuart> auto dma 6144 3 3973759\r\x1b[2Kuart> auto dma 6144 3 39737599\r\x1b[2Kuart> auto dma 6144 3 397375990\r\x1b[2Kuart> auto dma 6144 3 3973759907'
2026-08-31 05:54:48,199 DEBUG   device: b'@READY mode=dma sequence=3 frame=6168 payload=6144'
2026-08-31 05:54:48,199 DEBUG   READY accepted; delaying 0.050s before frame TX
2026-08-31 05:54:48,318 DEBUG   frame TX submitted bytes=6168/6168 write_and_flush=0.069210s crc=0x105A
2026-08-31 05:54:48,368 DEBUG   echo chunk=4546 total=4546/6168 after=0.050064s
2026-08-31 05:54:48,386 DEBUG   echo chunk=1622 total=6168/6168 after=0.067654s
2026-08-31 05:54:48,403 DEBUG   device: b'@RESULT mode=dma sequence=3 rx=6168 tx=6168 crc=PASS data=PASS status=PASS'
2026-08-31 05:54:48,403 INFO    section=stress cycle=2/10 PASS frame_payload=6144 elapsed=0.137s roundtrip=87.6 KiB/s
2026-08-31 05:54:48,417 DEBUG   device: b'uart> \r\x1b[2Kuart> a\r\x1b[2Kuart> au\r\x1b[2Kuart> aut\r\x1b[2Kuart> auto\r\x1b[2Kuart> auto \r\x1b[2Kuart> auto d\r\x1b[2Kuart> auto dm\r\x1b[2Kuart> auto dma\r\x1b[2Kuart> auto dma \r\x1b[2Kuart> auto dma 6\r\x1b[2Kuart> auto dma 61\r\x1b[2Kuart> auto dma 614\r\x1b[2Kuart> auto dma 6144\r\x1b[2Kuart> auto dma 6144 \r\x1b[2Kuart> auto dma 6144 4\r\x1b[2Kuart> auto dma 6144 4 \r\x1b[2Kuart> auto dma 6144 4 2\r\x1b[2Kuart> auto dma 6144 4 23\r\x1b[2Kuart> auto dma 6144 4 233\r\x1b[2Kuart> auto dma 6144 4 2333\r\x1b[2Kuart> auto dma 6144 4 23332\r\x1b[2Kuart> auto dma 6144 4 233322\r\x1b[2Kuart> auto dma 6144 4 2333228\r\x1b[2Kuart> auto dma 6144 4 23332283\r\x1b[2Kuart> auto dma 6144 4 233322838\r\x1b[2Kuart> auto dma 6144 4 2333228380'
2026-08-31 05:54:48,432 DEBUG   device: b'@READY mode=dma sequence=4 frame=6168 payload=6144'
2026-08-31 05:54:48,432 DEBUG   READY accepted; delaying 0.050s before frame TX
2026-08-31 05:54:48,552 DEBUG   frame TX submitted bytes=6168/6168 write_and_flush=0.070183s crc=0x306F
2026-08-31 05:54:48,603 DEBUG   echo chunk=4649 total=4649/6168 after=0.050065s
2026-08-31 05:54:48,620 DEBUG   echo chunk=1519 total=6168/6168 after=0.067207s
2026-08-31 05:54:48,636 DEBUG   device: b'@RESULT mode=dma sequence=4 rx=6168 tx=6168 crc=PASS data=PASS status=PASS'
2026-08-31 05:54:48,636 INFO    section=stress cycle=3/10 PASS frame_payload=6144 elapsed=0.138s roundtrip=87.2 KiB/s
2026-08-31 05:54:48,649 DEBUG   device: b'uart> \r\x1b[2Kuart> a\r\x1b[2Kuart> au\r\x1b[2Kuart> aut\r\x1b[2Kuart> auto\r\x1b[2Kuart> auto \r\x1b[2Kuart> auto d\r\x1b[2Kuart> auto dm\r\x1b[2Kuart> auto dma\r\x1b[2Kuart> auto dma \r\x1b[2Kuart> auto dma 6\r\x1b[2Kuart> auto dma 61\r\x1b[2Kuart> auto dma 614\r\x1b[2Kuart> auto dma 6144\r\x1b[2Kuart> auto dma 6144 \r\x1b[2Kuart> auto dma 6144 5\r\x1b[2Kuart> auto dma 6144 5 \r\x1b[2Kuart> auto dma 6144 5 6\r\x1b[2Kuart> auto dma 6144 5 69\r\x1b[2Kuart> auto dma 6144 5 692\r\x1b[2Kuart> auto dma 6144 5 6926\r\x1b[2Kuart> auto dma 6144 5 69269\r\x1b[2Kuart> auto dma 6144 5 692696\r\x1b[2Kuart> auto dma 6144 5 6926968\r\x1b[2Kuart> auto dma 6144 5 69269685\r\x1b[2Kuart> auto dma 6144 5 692696853'
2026-08-31 05:54:48,665 DEBUG   device: b'@READY mode=dma sequence=5 frame=6168 payload=6144'
2026-08-31 05:54:48,665 DEBUG   READY accepted; delaying 0.050s before frame TX
2026-08-31 05:54:48,782 DEBUG   frame TX submitted bytes=6168/6168 write_and_flush=0.067485s crc=0x1A18
2026-08-31 05:54:48,833 DEBUG   echo chunk=4356 total=4356/6168 after=0.050070s
2026-08-31 05:54:48,852 DEBUG   echo chunk=1812 total=6168/6168 after=0.069365s
2026-08-31 05:54:48,869 DEBUG   device: b'@RESULT mode=dma sequence=5 rx=6168 tx=6168 crc=PASS data=PASS status=PASS'
2026-08-31 05:54:48,869 INFO    section=stress cycle=4/10 PASS frame_payload=6144 elapsed=0.137s roundtrip=87.5 KiB/s
2026-08-31 05:54:48,883 DEBUG   device: b'uart> \r\x1b[2Kuart> a\r\x1b[2Kuart> au\r\x1b[2Kuart> aut\r\x1b[2Kuart> auto\r\x1b[2Kuart> auto \r\x1b[2Kuart> auto d\r\x1b[2Kuart> auto dm\r\x1b[2Kuart> auto dma\r\x1b[2Kuart> auto dma \r\x1b[2Kuart> auto dma 6\r\x1b[2Kuart> auto dma 61\r\x1b[2Kuart> auto dma 614\r\x1b[2Kuart> auto dma 6144\r\x1b[2Kuart> auto dma 6144 \r\x1b[2Kuart> auto dma 6144 6\r\x1b[2Kuart> auto dma 6144 6 \r\x1b[2Kuart> auto dma 6144 6 3\r\x1b[2Kuart> auto dma 6144 6 33\r\x1b[2Kuart> auto dma 6144 6 334\r\x1b[2Kuart> auto dma 6144 6 3347\r\x1b[2Kuart> auto dma 6144 6 33471\r\x1b[2Kuart> auto dma 6144 6 334713\r\x1b[2Kuart> auto dma 6144 6 3347132\r\x1b[2Kuart> auto dma 6144 6 33471326\r\x1b[2Kuart> auto dma 6144 6 334713262\r\x1b[2Kuart> auto dma 6144 6 3347132622'
2026-08-31 05:54:48,899 DEBUG   device: b'@READY mode=dma sequence=6 frame=6168 payload=6144'
2026-08-31 05:54:48,899 DEBUG   READY accepted; delaying 0.050s before frame TX
2026-08-31 05:54:49,016 DEBUG   frame TX submitted bytes=6168/6168 write_and_flush=0.067288s crc=0x468A
2026-08-31 05:54:49,067 DEBUG   echo chunk=4346 total=4346/6168 after=0.050071s
2026-08-31 05:54:49,087 DEBUG   echo chunk=1822 total=6168/6168 after=0.070341s
2026-08-31 05:54:49,103 DEBUG   device: b'@RESULT mode=dma sequence=6 rx=6168 tx=6168 crc=PASS data=PASS status=PASS'
2026-08-31 05:54:49,103 INFO    section=stress cycle=5/10 PASS frame_payload=6144 elapsed=0.138s roundtrip=87.1 KiB/s
2026-08-31 05:54:49,117 DEBUG   device: b'uart> \r\x1b[2Kuart> a\r\x1b[2Kuart> au\r\x1b[2Kuart> aut\r\x1b[2Kuart> auto\r\x1b[2Kuart> auto \r\x1b[2Kuart> auto d\r\x1b[2Kuart> auto dm\r\x1b[2Kuart> auto dma\r\x1b[2Kuart> auto dma \r\x1b[2Kuart> auto dma 6\r\x1b[2Kuart> auto dma 61\r\x1b[2Kuart> auto dma 614\r\x1b[2Kuart> auto dma 6144\r\x1b[2Kuart> auto dma 6144 \r\x1b[2Kuart> auto dma 6144 7\r\x1b[2Kuart> auto dma 6144 7 \r\x1b[2Kuart> auto dma 6144 7 1\r\x1b[2Kuart> auto dma 6144 7 17\r\x1b[2Kuart> auto dma 6144 7 170\r\x1b[2Kuart> auto dma 6144 7 1706\r\x1b[2Kuart> auto dma 6144 7 17066\r\x1b[2Kuart> auto dma 6144 7 170660\r\x1b[2Kuart> auto dma 6144 7 1706601\r\x1b[2Kuart> auto dma 6144 7 17066010\r\x1b[2Kuart> auto dma 6144 7 170660109\r\x1b[2Kuart> auto dma 6144 7 1706601095'
2026-08-31 05:54:49,132 DEBUG   device: b'@READY mode=dma sequence=7 frame=6168 payload=6144'
2026-08-31 05:54:49,132 DEBUG   READY accepted; delaying 0.050s before frame TX
2026-08-31 05:54:49,251 DEBUG   frame TX submitted bytes=6168/6168 write_and_flush=0.069212s crc=0x9A23
2026-08-31 05:54:49,301 DEBUG   echo chunk=4553 total=4553/6168 after=0.050063s
2026-08-31 05:54:49,319 DEBUG   echo chunk=1615 total=6168/6168 after=0.067695s
2026-08-31 05:54:49,336 DEBUG   device: b'@RESULT mode=dma sequence=7 rx=6168 tx=6168 crc=PASS data=PASS status=PASS'
2026-08-31 05:54:49,336 INFO    section=stress cycle=6/10 PASS frame_payload=6144 elapsed=0.137s roundtrip=87.5 KiB/s
2026-08-31 05:54:49,349 DEBUG   device: b'uart> \r\x1b[2Kuart> a\r\x1b[2Kuart> au\r\x1b[2Kuart> aut\r\x1b[2Kuart> auto\r\x1b[2Kuart> auto \r\x1b[2Kuart> auto d\r\x1b[2Kuart> auto dm\r\x1b[2Kuart> auto dma\r\x1b[2Kuart> auto dma \r\x1b[2Kuart> auto dma 6\r\x1b[2Kuart> auto dma 61\r\x1b[2Kuart> auto dma 614\r\x1b[2Kuart> auto dma 6144\r\x1b[2Kuart> auto dma 6144 \r\x1b[2Kuart> auto dma 6144 8\r\x1b[2Kuart> auto dma 6144 8 \r\x1b[2Kuart> auto dma 6144 8 6\r\x1b[2Kuart> auto dma 6144 8 66\r\x1b[2Kuart> auto dma 6144 8 660\r\x1b[2Kuart> auto dma 6144 8 6606\r\x1b[2Kuart> auto dma 6144 8 66069\r\x1b[2Kuart> auto dma 6144 8 660695\r\x1b[2Kuart> auto dma 6144 8 6606956\r\x1b[2Kuart> auto dma 6144 8 66069568'
2026-08-31 05:54:49,365 DEBUG   device: b'@READY mode=dma sequence=8 frame=6168 payload=6144'
2026-08-31 05:54:49,365 DEBUG   READY accepted; delaying 0.050s before frame TX
2026-08-31 05:54:49,483 DEBUG   frame TX submitted bytes=6168/6168 write_and_flush=0.068233s crc=0x4CE4
2026-08-31 05:54:49,533 DEBUG   echo chunk=4481 total=4481/6168 after=0.050064s
2026-08-31 05:54:49,552 DEBUG   echo chunk=1687 total=6168/6168 after=0.068641s
2026-08-31 05:54:49,569 DEBUG   device: b'@RESULT mode=dma sequence=8 rx=6168 tx=6168 crc=PASS data=PASS status=PASS'
2026-08-31 05:54:49,569 INFO    section=stress cycle=7/10 PASS frame_payload=6144 elapsed=0.137s roundtrip=87.6 KiB/s
2026-08-31 05:54:49,583 DEBUG   device: b'uart> \r\x1b[2Kuart> a\r\x1b[2Kuart> au\r\x1b[2Kuart> aut\r\x1b[2Kuart> auto\r\x1b[2Kuart> auto \r\x1b[2Kuart> auto d\r\x1b[2Kuart> auto dm\r\x1b[2Kuart> auto dma\r\x1b[2Kuart> auto dma \r\x1b[2Kuart> auto dma 6\r\x1b[2Kuart> auto dma 61\r\x1b[2Kuart> auto dma 614\r\x1b[2Kuart> auto dma 6144\r\x1b[2Kuart> auto dma 6144 \r\x1b[2Kuart> auto dma 6144 9\r\x1b[2Kuart> auto dma 6144 9 \r\x1b[2Kuart> auto dma 6144 9 2\r\x1b[2Kuart> auto dma 6144 9 27\r\x1b[2Kuart> auto dma 6144 9 272\r\x1b[2Kuart> auto dma 6144 9 2720\r\x1b[2Kuart> auto dma 6144 9 27205\r\x1b[2Kuart> auto dma 6144 9 272050\r\x1b[2Kuart> auto dma 6144 9 2720505\r\x1b[2Kuart> auto dma 6144 9 27205053\r\x1b[2Kuart> auto dma 6144 9 272050533\r\x1b[2Kuart> auto dma 6144 9 2720505337'
2026-08-31 05:54:49,598 DEBUG   device: b'@READY mode=dma sequence=9 frame=6168 payload=6144'
2026-08-31 05:54:49,598 DEBUG   READY accepted; delaying 0.050s before frame TX
2026-08-31 05:54:49,715 DEBUG   frame TX submitted bytes=6168/6168 write_and_flush=0.067309s crc=0x4EAB
2026-08-31 05:54:49,766 DEBUG   echo chunk=4354 total=4354/6168 after=0.050062s
2026-08-31 05:54:49,785 DEBUG   echo chunk=1814 total=6168/6168 after=0.069625s
2026-08-31 05:54:49,802 DEBUG   device: b'@RESULT mode=dma sequence=9 rx=6168 tx=6168 crc=PASS data=PASS status=PASS'
2026-08-31 05:54:49,802 INFO    section=stress cycle=8/10 PASS frame_payload=6144 elapsed=0.137s roundtrip=87.5 KiB/s
2026-08-31 05:54:49,816 DEBUG   device: b'uart> \r\x1b[2Kuart> a\r\x1b[2Kuart> au\r\x1b[2Kuart> aut\r\x1b[2Kuart> auto\r\x1b[2Kuart> auto \r\x1b[2Kuart> auto d\r\x1b[2Kuart> auto dm\r\x1b[2Kuart> auto dma\r\x1b[2Kuart> auto dma \r\x1b[2Kuart> auto dma 6\r\x1b[2Kuart> auto dma 61\r\x1b[2Kuart> auto dma 614\r\x1b[2Kuart> auto dma 6144\r\x1b[2Kuart> auto dma 6144 \r\x1b[2Kuart> auto dma 6144 1\r\x1b[2Kuart> auto dma 6144 10\r\x1b[2Kuart> auto dma 6144 10 \r\x1b[2Kuart> auto dma 6144 10 1\r\x1b[2Kuart> auto dma 6144 10 10\r\x1b[2Kuart> auto dma 6144 10 107\r\x1b[2Kuart> auto dma 6144 10 1079\r\x1b[2Kuart> auto dma 6144 10 10799\r\x1b[2Kuart> auto dma 6144 10 107997\r\x1b[2Kuart> auto dma 6144 10 1079973\r\x1b[2Kuart> auto dma 6144 10 10799738\r\x1b[2Kuart> auto dma 6144 10 107997381\r\x1b[2Kuart> auto dma 6144 10 1079973810'
2026-08-31 05:54:49,832 DEBUG   device: b'@READY mode=dma sequence=10 frame=6168 payload=6144'
2026-08-31 05:54:49,832 DEBUG   READY accepted; delaying 0.050s before frame TX
2026-08-31 05:54:49,950 DEBUG   frame TX submitted bytes=6168/6168 write_and_flush=0.068440s crc=0x1E8C
2026-08-31 05:54:50,001 DEBUG   echo chunk=4472 total=4472/6168 after=0.050064s
2026-08-31 05:54:50,020 DEBUG   echo chunk=1696 total=6168/6168 after=0.069234s
2026-08-31 05:54:50,036 DEBUG   device: b'@RESULT mode=dma sequence=10 rx=6168 tx=6168 crc=PASS data=PASS status=PASS'
2026-08-31 05:54:50,036 INFO    section=stress cycle=9/10 PASS frame_payload=6144 elapsed=0.138s roundtrip=87.0 KiB/s
2026-08-31 05:54:50,050 DEBUG   device: b'uart> \r\x1b[2Kuart> a\r\x1b[2Kuart> au\r\x1b[2Kuart> aut\r\x1b[2Kuart> auto\r\x1b[2Kuart> auto \r\x1b[2Kuart> auto d\r\x1b[2Kuart> auto dm\r\x1b[2Kuart> auto dma\r\x1b[2Kuart> auto dma \r\x1b[2Kuart> auto dma 6\r\x1b[2Kuart> auto dma 61\r\x1b[2Kuart> auto dma 614\r\x1b[2Kuart> auto dma 6144\r\x1b[2Kuart> auto dma 6144 \r\x1b[2Kuart> auto dma 6144 1\r\x1b[2Kuart> auto dma 6144 11\r\x1b[2Kuart> auto dma 6144 11 \r\x1b[2Kuart> auto dma 6144 11 3\r\x1b[2Kuart> auto dma 6144 11 37\r\x1b[2Kuart> auto dma 6144 11 373\r\x1b[2Kuart> auto dma 6144 11 3734\r\x1b[2Kuart> auto dma 6144 11 37344\r\x1b[2Kuart> auto dma 6144 11 373440\r\x1b[2Kuart> auto dma 6144 11 3734409\r\x1b[2Kuart> auto dma 6144 11 37344095\r\x1b[2Kuart> auto dma 6144 11 373440957\r\x1b[2Kuart> auto dma 6144 11 3734409579'
2026-08-31 05:54:50,066 DEBUG   device: b'@READY mode=dma sequence=11 frame=6168 payload=6144'
2026-08-31 05:54:50,066 DEBUG   READY accepted; delaying 0.050s before frame TX
2026-08-31 05:54:50,183 DEBUG   frame TX submitted bytes=6168/6168 write_and_flush=0.067460s crc=0x95F0
2026-08-31 05:54:50,234 DEBUG   echo chunk=4419 total=4419/6168 after=0.050063s
2026-08-31 05:54:50,253 DEBUG   echo chunk=1749 total=6168/6168 after=0.069391s
2026-08-31 05:54:50,270 DEBUG   device: b'@RESULT mode=dma sequence=11 rx=6168 tx=6168 crc=PASS data=PASS status=PASS'
2026-08-31 05:54:50,270 INFO    section=stress cycle=10/10 PASS frame_payload=6144 elapsed=0.137s roundtrip=87.5 KiB/s
2026-08-31 05:54:50,270 INFO    SECTION name=stress status=PASS passed=10 failed=0 elapsed=1.373s
2026-08-31 05:54:50,270 INFO    SECTION name=tx-tail status=BEGIN cases=23
2026-08-31 05:54:50,278 DEBUG   device: b'uart> \r\x1b[2Kuart> a\r\x1b[2Kuart> au\r\x1b[2Kuart> aut\r\x1b[2Kuart> auto\r\x1b[2Kuart> auto \r\x1b[2Kuart> auto t\r\x1b[2Kuart> auto tx\r\x1b[2Kuart> auto tx \r\x1b[2Kuart> auto tx 2\r\x1b[2Kuart> auto tx 2 \r\x1b[2Kuart> auto tx 2 1\r\x1b[2Kuart> auto tx 2 12\r\x1b[2Kuart> auto tx 2 12 \r\x1b[2Kuart> auto tx 2 12 2\r\x1b[2Kuart> auto tx 2 12 20\r\x1b[2Kuart> auto tx 2 12 209\r\x1b[2Kuart> auto tx 2 12 2093\r\x1b[2Kuart> auto tx 2 12 20938\r\x1b[2Kuart> auto tx 2 12 209387\r\x1b[2Kuart> auto tx 2 12 2093878\r\x1b[2Kuart> auto tx 2 12 20938780\r\x1b[2Kuart> auto tx 2 12 209387805\r\x1b[2Kuart> auto tx 2 12 2093878052'
2026-08-31 05:54:50,278 DEBUG   device: b'@READY mode=tx sequence=12 size=2 dma=0 tail=2'
2026-08-31 05:54:50,278 DEBUG   echo chunk=2 total=2/2 after=0.000008s
2026-08-31 05:54:50,279 DEBUG   device: b'@RESULT mode=tx sequence=12 size=2 tail=2 tx=2 status=PASS'
2026-08-31 05:54:50,279 INFO    section=tx-tail case=1/23 PASS size=2 dma=0 tail=2 elapsed=0.000s
2026-08-31 05:54:50,286 DEBUG   device: b'uart> \r\x1b[2Kuart> a\r\x1b[2Kuart> au\r\x1b[2Kuart> aut\r\x1b[2Kuart> auto\r\x1b[2Kuart> auto \r\x1b[2Kuart> auto t\r\x1b[2Kuart> auto tx\r\x1b[2Kuart> auto tx \r\x1b[2Kuart> auto tx 3\r\x1b[2Kuart> auto tx 3 \r\x1b[2Kuart> auto tx 3 1\r\x1b[2Kuart> auto tx 3 13\r\x1b[2Kuart> auto tx 3 13 \r\x1b[2Kuart> auto tx 3 13 4\r\x1b[2Kuart> auto tx 3 13 45\r\x1b[2Kuart> auto tx 3 13 453\r\x1b[2Kuart> auto tx 3 13 4533\r\x1b[2Kuart> auto tx 3 13 45334\r\x1b[2Kuart> auto tx 3 13 453346\r\x1b[2Kuart> auto tx 3 13 4533465\r\x1b[2Kuart> auto tx 3 13 45334652\r\x1b[2Kuart> auto tx 3 13 453346525'
2026-08-31 05:54:50,287 DEBUG   device: b'@READY mode=tx sequence=13 size=3 dma=0 tail=3'
2026-08-31 05:54:50,287 DEBUG   echo chunk=3 total=3/3 after=0.000007s
2026-08-31 05:54:50,303 DEBUG   device: b'@RESULT mode=tx sequence=13 size=3 tail=3 tx=3 status=PASS'
2026-08-31 05:54:50,303 INFO    section=tx-tail case=2/23 PASS size=3 dma=0 tail=3 elapsed=0.000s
2026-08-31 05:54:50,311 DEBUG   device: b'uart> \r\x1b[2Kuart> a\r\x1b[2Kuart> au\r\x1b[2Kuart> aut\r\x1b[2Kuart> auto\r\x1b[2Kuart> auto \r\x1b[2Kuart> auto t\r\x1b[2Kuart> auto tx\r\x1b[2Kuart> auto tx \r\x1b[2Kuart> auto tx 4\r\x1b[2Kuart> auto tx 4 \r\x1b[2Kuart> auto tx 4 1\r\x1b[2Kuart> auto tx 4 14\r\x1b[2Kuart> auto tx 4 14 \r\x1b[2Kuart> auto tx 4 14 3\r\x1b[2Kuart> auto tx 4 14 31\r\x1b[2Kuart> auto tx 4 14 310\r\x1b[2Kuart> auto tx 4 14 3107\r\x1b[2Kuart> auto tx 4 14 31077\r\x1b[2Kuart> auto tx 4 14 310778\r\x1b[2Kuart> auto tx 4 14 3107782\r\x1b[2Kuart> auto tx 4 14 31077822\r\x1b[2Kuart> auto tx 4 14 310778229\r\x1b[2Kuart> auto tx 4 14 3107782294'
2026-08-31 05:54:50,311 DEBUG   device: b'@READY mode=tx sequence=14 size=4 dma=0 tail=4'
2026-08-31 05:54:50,311 DEBUG   echo chunk=4 total=4/4 after=0.000012s
2026-08-31 05:54:50,312 DEBUG   device: b'@RESULT mode=tx sequence=14 size=4 tail=4 tx=4 status=PASS'
2026-08-31 05:54:50,312 INFO    section=tx-tail case=3/23 PASS size=4 dma=0 tail=4 elapsed=0.000s
2026-08-31 05:54:50,320 DEBUG   device: b'uart> \r\x1b[2Kuart> a\r\x1b[2Kuart> au\r\x1b[2Kuart> aut\r\x1b[2Kuart> auto\r\x1b[2Kuart> auto \r\x1b[2Kuart> auto t\r\x1b[2Kuart> auto tx\r\x1b[2Kuart> auto tx \r\x1b[2Kuart> auto tx 5\r\x1b[2Kuart> auto tx 5 \r\x1b[2Kuart> auto tx 5 1\r\x1b[2Kuart> auto tx 5 15\r\x1b[2Kuart> auto tx 5 15 \r\x1b[2Kuart> auto tx 5 15 1\r\x1b[2Kuart> auto tx 5 15 14\r\x1b[2Kuart> auto tx 5 15 146\r\x1b[2Kuart> auto tx 5 15 1467\r\x1b[2Kuart> auto tx 5 15 14672\r\x1b[2Kuart> auto tx 5 15 146725\r\x1b[2Kuart> auto tx 5 15 1467250\r\x1b[2Kuart> auto tx 5 15 14672507\r\x1b[2Kuart> auto tx 5 15 146725076\r\x1b[2Kuart> auto tx 5 15 1467250767'
2026-08-31 05:54:50,320 DEBUG   device: b'@READY mode=tx sequence=15 size=5 dma=0 tail=5'
2026-08-31 05:54:50,321 DEBUG   echo chunk=5 total=5/5 after=0.000722s
2026-08-31 05:54:50,321 DEBUG   device: b'@RESULT mode=tx sequence=15 size=5 tail=5 tx=5 status=PASS'
2026-08-31 05:54:50,321 INFO    section=tx-tail case=4/23 PASS size=5 dma=0 tail=5 elapsed=0.001s
2026-08-31 05:54:50,330 DEBUG   device: b'uart> \r\x1b[2Kuart> a\r\x1b[2Kuart> au\r\x1b[2Kuart> aut\r\x1b[2Kuart> auto\r\x1b[2Kuart> auto \r\x1b[2Kuart> auto t\r\x1b[2Kuart> auto tx\r\x1b[2Kuart> auto tx \r\x1b[2Kuart> auto tx 6\r\x1b[2Kuart> auto tx 6 \r\x1b[2Kuart> auto tx 6 1\r\x1b[2Kuart> auto tx 6 16\r\x1b[2Kuart> auto tx 6 16 \r\x1b[2Kuart> auto tx 6 16 4\r\x1b[2Kuart> auto tx 6 16 41\r\x1b[2Kuart> auto tx 6 16 412\r\x1b[2Kuart> auto tx 6 16 4121\r\x1b[2Kuart> auto tx 6 16 41216\r\x1b[2Kuart> auto tx 6 16 412168\r\x1b[2Kuart> auto tx 6 16 4121686\r\x1b[2Kuart> auto tx 6 16 41216865\r\x1b[2Kuart> auto tx 6 16 412168653\r\x1b[2Kuart> auto tx 6 16 4121686536'
2026-08-31 05:54:50,330 DEBUG   device: b'@READY mode=tx sequence=16 size=6 dma=0 tail=6'
2026-08-31 05:54:50,330 DEBUG   echo chunk=6 total=6/6 after=0.000012s
2026-08-31 05:54:50,331 DEBUG   device: b'@RESULT mode=tx sequence=16 size=6 tail=6 tx=6 status=PASS'
2026-08-31 05:54:50,331 INFO    section=tx-tail case=5/23 PASS size=6 dma=0 tail=6 elapsed=0.000s
2026-08-31 05:54:50,339 DEBUG   device: b'uart> \r\x1b[2Kuart> a\r\x1b[2Kuart> au\r\x1b[2Kuart> aut\r\x1b[2Kuart> auto\r\x1b[2Kuart> auto \r\x1b[2Kuart> auto t\r\x1b[2Kuart> auto tx\r\x1b[2Kuart> auto tx \r\x1b[2Kuart> auto tx 7\r\x1b[2Kuart> auto tx 7 \r\x1b[2Kuart> auto tx 7 1\r\x1b[2Kuart> auto tx 7 17\r\x1b[2Kuart> auto tx 7 17 \r\x1b[2Kuart> auto tx 7 17 2\r\x1b[2Kuart> auto tx 7 17 24\r\x1b[2Kuart> auto tx 7 17 248\r\x1b[2Kuart> auto tx 7 17 2481\r\x1b[2Kuart> auto tx 7 17 24811\r\x1b[2Kuart> auto tx 7 17 248115\r\x1b[2Kuart> auto tx 7 17 2481155\r\x1b[2Kuart> auto tx 7 17 24811550\r\x1b[2Kuart> auto tx 7 17 248115500\r\x1b[2Kuart> auto tx 7 17 2481155009'
2026-08-31 05:54:50,339 DEBUG   device: b'@READY mode=tx sequence=17 size=7 dma=0 tail=7'
2026-08-31 05:54:50,340 DEBUG   echo chunk=7 total=7/7 after=0.000669s
2026-08-31 05:54:50,340 DEBUG   device: b'@RESULT mode=tx sequence=17 size=7 tail=7 tx=7 status=PASS'
2026-08-31 05:54:50,340 INFO    section=tx-tail case=6/23 PASS size=7 dma=0 tail=7 elapsed=0.001s
2026-08-31 05:54:50,347 DEBUG   device: b'uart> \r\x1b[2Kuart> a\r\x1b[2Kuart> au\r\x1b[2Kuart> aut\r\x1b[2Kuart> auto\r\x1b[2Kuart> auto \r\x1b[2Kuart> auto t\r\x1b[2Kuart> auto tx\r\x1b[2Kuart> auto tx \r\x1b[2Kuart> auto tx 8\r\x1b[2Kuart> auto tx 8 \r\x1b[2Kuart> auto tx 8 1\r\x1b[2Kuart> auto tx 8 18\r\x1b[2Kuart> auto tx 8 18 \r\x1b[2Kuart> auto tx 8 18 8\r\x1b[2Kuart> auto tx 8 18 84\r\x1b[2Kuart> auto tx 8 18 840\r\x1b[2Kuart> auto tx 8 18 8406\r\x1b[2Kuart> auto tx 8 18 84062\r\x1b[2Kuart> auto tx 8 18 840623\r\x1b[2Kuart> auto tx 8 18 8406234\r\x1b[2Kuart> auto tx 8 18 84062348\r\x1b[2Kuart> auto tx 8 18 840623482'
2026-08-31 05:54:50,348 DEBUG   device: b'@READY mode=tx sequence=18 size=8 dma=8 tail=0'
2026-08-31 05:54:50,348 DEBUG   echo chunk=8 total=8/8 after=0.000007s
2026-08-31 05:54:50,364 DEBUG   device: b'@RESULT mode=tx sequence=18 size=8 tail=0 tx=8 status=PASS'
2026-08-31 05:54:50,364 INFO    section=tx-tail case=7/23 PASS size=8 dma=8 tail=0 elapsed=0.000s
2026-08-31 05:54:50,372 DEBUG   device: b'uart> \r\x1b[2Kuart> a\r\x1b[2Kuart> au\r\x1b[2Kuart> aut\r\x1b[2Kuart> auto\r\x1b[2Kuart> auto \r\x1b[2Kuart> auto t\r\x1b[2Kuart> auto tx\r\x1b[2Kuart> auto tx \r\x1b[2Kuart> auto tx 9\r\x1b[2Kuart> auto tx 9 \r\x1b[2Kuart> auto tx 9 1\r\x1b[2Kuart> auto tx 9 19\r\x1b[2Kuart> auto tx 9 19 \r\x1b[2Kuart> auto tx 9 19 3\r\x1b[2Kuart> auto tx 9 19 34\r\x1b[2Kuart> auto tx 9 19 349\r\x1b[2Kuart> auto tx 9 19 3495\r\x1b[2Kuart> auto tx 9 19 34950\r\x1b[2Kuart> auto tx 9 19 349505\r\x1b[2Kuart> auto tx 9 19 3495059\r\x1b[2Kuart> auto tx 9 19 34950592\r\x1b[2Kuart> auto tx 9 19 349505925\r\x1b[2Kuart> auto tx 9 19 3495059251'
2026-08-31 05:54:50,372 DEBUG   device: b'@READY mode=tx sequence=19 size=9 dma=8 tail=1'
2026-08-31 05:54:50,373 DEBUG   echo chunk=9 total=9/9 after=0.000616s
2026-08-31 05:54:50,389 DEBUG   device: b'@RESULT mode=tx sequence=19 size=9 tail=1 tx=9 status=PASS'
2026-08-31 05:54:50,389 INFO    section=tx-tail case=8/23 PASS size=9 dma=8 tail=1 elapsed=0.001s
2026-08-31 05:54:50,397 DEBUG   device: b'uart> \r\x1b[2Kuart> a\r\x1b[2Kuart> au\r\x1b[2Kuart> aut\r\x1b[2Kuart> auto\r\x1b[2Kuart> auto \r\x1b[2Kuart> auto t\r\x1b[2Kuart> auto tx\r\x1b[2Kuart> auto tx \r\x1b[2Kuart> auto tx 1\r\x1b[2Kuart> auto tx 10\r\x1b[2Kuart> auto tx 10 \r\x1b[2Kuart> auto tx 10 2\r\x1b[2Kuart> auto tx 10 20\r\x1b[2Kuart> auto tx 10 20 \r\x1b[2Kuart> auto tx 10 20 1\r\x1b[2Kuart> auto tx 10 20 18\r\x1b[2Kuart> auto tx 10 20 185\r\x1b[2Kuart> auto tx 10 20 1854\r\x1b[2Kuart> auto tx 10 20 18545\r\x1b[2Kuart> auto tx 10 20 185452\r\x1b[2Kuart> auto tx 10 20 1854527\r\x1b[2Kuart> auto tx 10 20 18545277\r\x1b[2Kuart> auto tx 10 20 185452772\r\x1b[2Kuart> auto tx 10 20 1854527724'
2026-08-31 05:54:50,398 DEBUG   device: b'@READY mode=tx sequence=20 size=10 dma=8 tail=2'
2026-08-31 05:54:50,398 DEBUG   echo chunk=10 total=10/10 after=0.000007s
2026-08-31 05:54:50,414 DEBUG   device: b'@RESULT mode=tx sequence=20 size=10 tail=2 tx=10 status=PASS'
2026-08-31 05:54:50,414 INFO    section=tx-tail case=9/23 PASS size=10 dma=8 tail=2 elapsed=0.000s
2026-08-31 05:54:50,422 DEBUG   device: b'uart> \r\x1b[2Kuart> a\r\x1b[2Kuart> au\r\x1b[2Kuart> aut\r\x1b[2Kuart> auto\r\x1b[2Kuart> auto \r\x1b[2Kuart> auto t\r\x1b[2Kuart> auto tx\r\x1b[2Kuart> auto tx \r\x1b[2Kuart> auto tx 1\r\x1b[2Kuart> auto tx 11\r\x1b[2Kuart> auto tx 11 \r\x1b[2Kuart> auto tx 11 2\r\x1b[2Kuart> auto tx 11 21\r\x1b[2Kuart> auto tx 11 21 \r\x1b[2Kuart> auto tx 11 21 2\r\x1b[2Kuart> auto tx 11 21 21\r\x1b[2Kuart> auto tx 11 21 213\r\x1b[2Kuart> auto tx 11 21 2139\r\x1b[2Kuart> auto tx 11 21 21399\r\x1b[2Kuart> auto tx 11 21 213996\r\x1b[2Kuart> auto tx 11 21 2139961\r\x1b[2Kuart> auto tx 11 21 21399619\r\x1b[2Kuart> auto tx 11 21 213996197'
2026-08-31 05:54:50,422 DEBUG   device: b'@READY mode=tx sequence=21 size=11 dma=8 tail=3'
2026-08-31 05:54:50,423 DEBUG   echo chunk=11 total=11/11 after=0.000684s
2026-08-31 05:54:50,439 DEBUG   device: b'@RESULT mode=tx sequence=21 size=11 tail=3 tx=11 status=PASS'
2026-08-31 05:54:50,439 INFO    section=tx-tail case=10/23 PASS size=11 dma=8 tail=3 elapsed=0.001s
2026-08-31 05:54:50,447 DEBUG   device: b'uart> \r\x1b[2Kuart> a\r\x1b[2Kuart> au\r\x1b[2Kuart> aut\r\x1b[2Kuart> auto\r\x1b[2Kuart> auto \r\x1b[2Kuart> auto t\r\x1b[2Kuart> auto tx\r\x1b[2Kuart> auto tx \r\x1b[2Kuart> auto tx 1\r\x1b[2Kuart> auto tx 12\r\x1b[2Kuart> auto tx 12 \r\x1b[2Kuart> auto tx 12 2\r\x1b[2Kuart> auto tx 12 22\r\x1b[2Kuart> auto tx 12 22 \r\x1b[2Kuart> auto tx 12 22 2\r\x1b[2Kuart> auto tx 12 22 28\r\x1b[2Kuart> auto tx 12 22 286\r\x1b[2Kuart> auto tx 12 22 2868\r\x1b[2Kuart> auto tx 12 22 28684\r\x1b[2Kuart> auto tx 12 22 286843\r\x1b[2Kuart> auto tx 12 22 2868431\r\x1b[2Kuart> auto tx 12 22 28684319\r\x1b[2Kuart> auto tx 12 22 286843196\r\x1b[2Kuart> auto tx 12 22 2868431966'
2026-08-31 05:54:50,448 DEBUG   device: b'@READY mode=tx sequence=22 size=12 dma=8 tail=4'
2026-08-31 05:54:50,448 DEBUG   echo chunk=12 total=12/12 after=0.000007s
2026-08-31 05:54:50,464 DEBUG   device: b'@RESULT mode=tx sequence=22 size=12 tail=4 tx=12 status=PASS'
2026-08-31 05:54:50,464 INFO    section=tx-tail case=11/23 PASS size=12 dma=8 tail=4 elapsed=0.000s
2026-08-31 05:54:50,472 DEBUG   device: b'uart> \r\x1b[2Kuart> a\r\x1b[2Kuart> au\r\x1b[2Kuart> aut\r\x1b[2Kuart> auto\r\x1b[2Kuart> auto \r\x1b[2Kuart> auto t\r\x1b[2Kuart> auto tx\r\x1b[2Kuart> auto tx \r\x1b[2Kuart> auto tx 1\r\x1b[2Kuart> auto tx 13\r\x1b[2Kuart> auto tx 13 \r\x1b[2Kuart> auto tx 13 2\r\x1b[2Kuart> auto tx 13 23\r\x1b[2Kuart> auto tx 13 23 \r\x1b[2Kuart> auto tx 13 23 1\r\x1b[2Kuart> auto tx 13 23 12\r\x1b[2Kuart> auto tx 13 23 122\r\x1b[2Kuart> auto tx 13 23 1227\r\x1b[2Kuart> auto tx 13 23 12279\r\x1b[2Kuart> auto tx 13 23 122790\r\x1b[2Kuart> auto tx 13 23 1227900\r\x1b[2Kuart> auto tx 13 23 12279004\r\x1b[2Kuart> auto tx 13 23 122790043\r\x1b[2Kuart> auto tx 13 23 1227900439'
2026-08-31 05:54:50,473 DEBUG   device: b'@READY mode=tx sequence=23 size=13 dma=8 tail=5'
2026-08-31 05:54:50,473 DEBUG   echo chunk=13 total=13/13 after=0.000007s
2026-08-31 05:54:50,489 DEBUG   device: b'@RESULT mode=tx sequence=23 size=13 tail=5 tx=13 status=PASS'
2026-08-31 05:54:50,489 INFO    section=tx-tail case=12/23 PASS size=13 dma=8 tail=5 elapsed=0.000s
2026-08-31 05:54:50,497 DEBUG   device: b'uart> \r\x1b[2Kuart> a\r\x1b[2Kuart> au\r\x1b[2Kuart> aut\r\x1b[2Kuart> auto\r\x1b[2Kuart> auto \r\x1b[2Kuart> auto t\r\x1b[2Kuart> auto tx\r\x1b[2Kuart> auto tx \r\x1b[2Kuart> auto tx 1\r\x1b[2Kuart> auto tx 14\r\x1b[2Kuart> auto tx 14 \r\x1b[2Kuart> auto tx 14 2\r\x1b[2Kuart> auto tx 14 24\r\x1b[2Kuart> auto tx 14 24 \r\x1b[2Kuart> auto tx 14 24 3\r\x1b[2Kuart> auto tx 14 24 38\r\x1b[2Kuart> auto tx 14 24 388\r\x1b[2Kuart> auto tx 14 24 3882\r\x1b[2Kuart> auto tx 14 24 38823\r\x1b[2Kuart> auto tx 14 24 388233\r\x1b[2Kuart> auto tx 14 24 3882336\r\x1b[2Kuart> auto tx 14 24 38823362\r\x1b[2Kuart> auto tx 14 24 388233620\r\x1b[2Kuart> auto tx 14 24 3882336208'
2026-08-31 05:54:50,498 DEBUG   device: b'@READY mode=tx sequence=24 size=14 dma=8 tail=6'
2026-08-31 05:54:50,498 DEBUG   echo chunk=14 total=14/14 after=0.000007s
2026-08-31 05:54:50,514 DEBUG   device: b'@RESULT mode=tx sequence=24 size=14 tail=6 tx=14 status=PASS'
2026-08-31 05:54:50,514 INFO    section=tx-tail case=13/23 PASS size=14 dma=8 tail=6 elapsed=0.000s
2026-08-31 05:54:50,522 DEBUG   device: b'uart> \r\x1b[2Kuart> a\r\x1b[2Kuart> au\r\x1b[2Kuart> aut\r\x1b[2Kuart> auto\r\x1b[2Kuart> auto \r\x1b[2Kuart> auto t\r\x1b[2Kuart> auto tx\r\x1b[2Kuart> auto tx \r\x1b[2Kuart> auto tx 1\r\x1b[2Kuart> auto tx 15\r\x1b[2Kuart> auto tx 15 \r\x1b[2Kuart> auto tx 15 2\r\x1b[2Kuart> auto tx 15 25\r\x1b[2Kuart> auto tx 15 25 \r\x1b[2Kuart> auto tx 15 25 2\r\x1b[2Kuart> auto tx 15 25 22\r\x1b[2Kuart> auto tx 15 25 224\r\x1b[2Kuart> auto tx 15 25 2241\r\x1b[2Kuart> auto tx 15 25 22418\r\x1b[2Kuart> auto tx 15 25 224180\r\x1b[2Kuart> auto tx 15 25 2241804\r\x1b[2Kuart> auto tx 15 25 22418046\r\x1b[2Kuart> auto tx 15 25 224180468\r\x1b[2Kuart> auto tx 15 25 2241804681'
2026-08-31 05:54:50,523 DEBUG   device: b'@READY mode=tx sequence=25 size=15 dma=8 tail=7'
2026-08-31 05:54:50,523 DEBUG   echo chunk=15 total=15/15 after=0.000008s
2026-08-31 05:54:50,539 DEBUG   device: b'@RESULT mode=tx sequence=25 size=15 tail=7 tx=15 status=PASS'
2026-08-31 05:54:50,539 INFO    section=tx-tail case=14/23 PASS size=15 dma=8 tail=7 elapsed=0.000s
2026-08-31 05:54:50,547 DEBUG   device: b'uart> \r\x1b[2Kuart> a\r\x1b[2Kuart> au\r\x1b[2Kuart> aut\r\x1b[2Kuart> auto\r\x1b[2Kuart> auto \r\x1b[2Kuart> auto t\r\x1b[2Kuart> auto tx\r\x1b[2Kuart> auto tx \r\x1b[2Kuart> auto tx 1\r\x1b[2Kuart> auto tx 16\r\x1b[2Kuart> auto tx 16 \r\x1b[2Kuart> auto tx 16 2\r\x1b[2Kuart> auto tx 16 26\r\x1b[2Kuart> auto tx 16 26 \r\x1b[2Kuart> auto tx 16 26 6\r\x1b[2Kuart> auto tx 16 26 60\r\x1b[2Kuart> auto tx 16 26 601\r\x1b[2Kuart> auto tx 16 26 6012\r\x1b[2Kuart> auto tx 16 26 60127\r\x1b[2Kuart> auto tx 16 26 601273\r\x1b[2Kuart> auto tx 16 26 6012731\r\x1b[2Kuart> auto tx 16 26 60127315\r\x1b[2Kuart> auto tx 16 26 601273154'
2026-08-31 05:54:50,547 DEBUG   device: b'@READY mode=tx sequence=26 size=16 dma=16 tail=0'
2026-08-31 05:54:50,548 DEBUG   echo chunk=16 total=16/16 after=0.000640s
2026-08-31 05:54:50,564 DEBUG   device: b'@RESULT mode=tx sequence=26 size=16 tail=0 tx=16 status=PASS'
2026-08-31 05:54:50,564 INFO    section=tx-tail case=15/23 PASS size=16 dma=16 tail=0 elapsed=0.001s
2026-08-31 05:54:50,579 DEBUG   device: b'uart> \r\x1b[2Kuart> a\r\x1b[2Kuart> au\r\x1b[2Kuart> aut\r\x1b[2Kuart> auto\r\x1b[2Kuart> auto \r\x1b[2Kuart> auto t\r\x1b[2Kuart> auto tx\r\x1b[2Kuart> auto tx \r\x1b[2Kuart> auto tx 6\r\x1b[2Kuart> auto tx 61\r\x1b[2Kuart> auto tx 614\r\x1b[2Kuart> auto tx 6144\r\x1b[2Kuart> auto tx 6144 \r\x1b[2Kuart> auto tx 6144 2\r\x1b[2Kuart> auto tx 6144 27\r\x1b[2Kuart> auto tx 6144 27 \r\x1b[2Kuart> auto tx 6144 27 3\r\x1b[2Kuart> auto tx 6144 27 32\r\x1b[2Kuart> auto tx 6144 27 325\r\x1b[2Kuart> auto tx 6144 27 3255\r\x1b[2Kuart> auto tx 6144 27 32557\r\x1b[2Kuart> auto tx 6144 27 325570\r\x1b[2Kuart> auto tx 6144 27 3255708\r\x1b[2Kuart> auto tx 6144 27 32557089\r\x1b[2Kuart> auto tx 6144 27 325570892\r\x1b[2Kuart> auto tx 6144 27 3255708923'
2026-08-31 05:54:50,580 DEBUG   device: b'@READY mode=tx sequence=27 size=6144 dma=6144 tail=0'
2026-08-31 05:54:50,630 DEBUG   echo chunk=4566 total=4566/6144 after=0.050074s
2026-08-31 05:54:50,647 DEBUG   echo chunk=1578 total=6144/6144 after=0.067360s
2026-08-31 05:54:50,663 DEBUG   device: b'@RESULT mode=tx sequence=27 size=6144 tail=0 tx=6144 status=PASS'
2026-08-31 05:54:50,663 INFO    section=tx-tail case=16/23 PASS size=6144 dma=6144 tail=0 elapsed=0.067s
2026-08-31 05:54:50,678 DEBUG   device: b'uart> \r\x1b[2Kuart> a\r\x1b[2Kuart> au\r\x1b[2Kuart> aut\r\x1b[2Kuart> auto\r\x1b[2Kuart> auto \r\x1b[2Kuart> auto t\r\x1b[2Kuart> auto tx\r\x1b[2Kuart> auto tx \r\x1b[2Kuart> auto tx 6\r\x1b[2Kuart> auto tx 61\r\x1b[2Kuart> auto tx 614\r\x1b[2Kuart> auto tx 6145\r\x1b[2Kuart> auto tx 6145 \r\x1b[2Kuart> auto tx 6145 2\r\x1b[2Kuart> auto tx 6145 28\r\x1b[2Kuart> auto tx 6145 28 \r\x1b[2Kuart> auto tx 6145 28 1\r\x1b[2Kuart> auto tx 6145 28 16\r\x1b[2Kuart> auto tx 6145 28 161\r\x1b[2Kuart> auto tx 6145 28 1615\r\x1b[2Kuart> auto tx 6145 28 16151\r\x1b[2Kuart> auto tx 6145 28 161517\r\x1b[2Kuart> auto tx 6145 28 1615177\r\x1b[2Kuart> auto tx 6145 28 16151773\r\x1b[2Kuart> auto tx 6145 28 161517739\r\x1b[2Kuart> auto tx 6145 28 1615177396'
2026-08-31 05:54:50,679 DEBUG   device: b'@READY mode=tx sequence=28 size=6145 dma=6144 tail=1'
2026-08-31 05:54:50,729 DEBUG   echo chunk=4563 total=4563/6145 after=0.050061s
2026-08-31 05:54:50,747 DEBUG   echo chunk=1582 total=6145/6145 after=0.067338s
2026-08-31 05:54:50,763 DEBUG   device: b'@RESULT mode=tx sequence=28 size=6145 tail=1 tx=6145 status=PASS'
2026-08-31 05:54:50,763 INFO    section=tx-tail case=17/23 PASS size=6145 dma=6144 tail=1 elapsed=0.067s
2026-08-31 05:54:50,778 DEBUG   device: b'uart> \r\x1b[2Kuart> a\r\x1b[2Kuart> au\r\x1b[2Kuart> aut\r\x1b[2Kuart> auto\r\x1b[2Kuart> auto \r\x1b[2Kuart> auto t\r\x1b[2Kuart> auto tx\r\x1b[2Kuart> auto tx \r\x1b[2Kuart> auto tx 6\r\x1b[2Kuart> auto tx 61\r\x1b[2Kuart> auto tx 614\r\x1b[2Kuart> auto tx 6146\r\x1b[2Kuart> auto tx 6146 \r\x1b[2Kuart> auto tx 6146 2\r\x1b[2Kuart> auto tx 6146 29\r\x1b[2Kuart> auto tx 6146 29 \r\x1b[2Kuart> auto tx 6146 29 4\r\x1b[2Kuart> auto tx 6146 29 42\r\x1b[2Kuart> auto tx 6146 29 426\r\x1b[2Kuart> auto tx 6146 29 4269\r\x1b[2Kuart> auto tx 6146 29 42696\r\x1b[2Kuart> auto tx 6146 29 426961\r\x1b[2Kuart> auto tx 6146 29 4269613\r\x1b[2Kuart> auto tx 6146 29 42696131\r\x1b[2Kuart> auto tx 6146 29 426961316\r\x1b[2Kuart> auto tx 6146 29 4269613165'
2026-08-31 05:54:50,779 DEBUG   device: b'@READY mode=tx sequence=29 size=6146 dma=6144 tail=2'
2026-08-31 05:54:50,829 DEBUG   echo chunk=4563 total=4563/6146 after=0.050062s
2026-08-31 05:54:50,847 DEBUG   echo chunk=1583 total=6146/6146 after=0.067329s
2026-08-31 05:54:50,863 DEBUG   device: b'@RESULT mode=tx sequence=29 size=6146 tail=2 tx=6146 status=PASS'
2026-08-31 05:54:50,863 INFO    section=tx-tail case=18/23 PASS size=6146 dma=6144 tail=2 elapsed=0.067s
2026-08-31 05:54:50,878 DEBUG   device: b'uart> \r\x1b[2Kuart> a\r\x1b[2Kuart> au\r\x1b[2Kuart> aut\r\x1b[2Kuart> auto\r\x1b[2Kuart> auto \r\x1b[2Kuart> auto t\r\x1b[2Kuart> auto tx\r\x1b[2Kuart> auto tx \r\x1b[2Kuart> auto tx 6\r\x1b[2Kuart> auto tx 61\r\x1b[2Kuart> auto tx 614\r\x1b[2Kuart> auto tx 6147\r\x1b[2Kuart> auto tx 6147 \r\x1b[2Kuart> auto tx 6147 3\r\x1b[2Kuart> auto tx 6147 30\r\x1b[2Kuart> auto tx 6147 30 \r\x1b[2Kuart> auto tx 6147 30 2\r\x1b[2Kuart> auto tx 6147 30 26\r\x1b[2Kuart> auto tx 6147 30 262\r\x1b[2Kuart> auto tx 6147 30 2629\r\x1b[2Kuart> auto tx 6147 30 26290\r\x1b[2Kuart> auto tx 6147 30 262908\r\x1b[2Kuart> auto tx 6147 30 2629081\r\x1b[2Kuart> auto tx 6147 30 26290816\r\x1b[2Kuart> auto tx 6147 30 262908163\r\x1b[2Kuart> auto tx 6147 30 2629081638'
2026-08-31 05:54:50,879 DEBUG   device: b'@READY mode=tx sequence=30 size=6147 dma=6144 tail=3'
2026-08-31 05:54:50,929 DEBUG   echo chunk=4562 total=4562/6147 after=0.050061s
2026-08-31 05:54:50,947 DEBUG   echo chunk=1585 total=6147/6147 after=0.067397s
2026-08-31 05:54:50,963 DEBUG   device: b'@RESULT mode=tx sequence=30 size=6147 tail=3 tx=6147 status=PASS'
2026-08-31 05:54:50,963 INFO    section=tx-tail case=19/23 PASS size=6147 dma=6144 tail=3 elapsed=0.067s
2026-08-31 05:54:50,978 DEBUG   device: b'uart> \r\x1b[2Kuart> a\r\x1b[2Kuart> au\r\x1b[2Kuart> aut\r\x1b[2Kuart> auto\r\x1b[2Kuart> auto \r\x1b[2Kuart> auto t\r\x1b[2Kuart> auto tx\r\x1b[2Kuart> auto tx \r\x1b[2Kuart> auto tx 6\r\x1b[2Kuart> auto tx 61\r\x1b[2Kuart> auto tx 614\r\x1b[2Kuart> auto tx 6148\r\x1b[2Kuart> auto tx 6148 \r\x1b[2Kuart> auto tx 6148 3\r\x1b[2Kuart> auto tx 6148 31\r\x1b[2Kuart> auto tx 6148 31 \r\x1b[2Kuart> auto tx 6148 31 9\r\x1b[2Kuart> auto tx 6148 31 98\r\x1b[2Kuart> auto tx 6148 31 988\r\x1b[2Kuart> auto tx 6148 31 9885\r\x1b[2Kuart> auto tx 6148 31 98855\r\x1b[2Kuart> auto tx 6148 31 988550\r\x1b[2Kuart> auto tx 6148 31 9885501\r\x1b[2Kuart> auto tx 6148 31 98855011\r\x1b[2Kuart> auto tx 6148 31 988550111'
2026-08-31 05:54:50,978 DEBUG   device: b'@READY mode=tx sequence=31 size=6148 dma=6144 tail=4'
2026-08-31 05:54:51,029 DEBUG   echo chunk=4615 total=4615/6148 after=0.050063s
2026-08-31 05:54:51,046 DEBUG   echo chunk=1533 total=6148/6148 after=0.067060s
2026-08-31 05:54:51,062 DEBUG   device: b'@RESULT mode=tx sequence=31 size=6148 tail=4 tx=6148 status=PASS'
2026-08-31 05:54:51,062 INFO    section=tx-tail case=20/23 PASS size=6148 dma=6144 tail=4 elapsed=0.067s
2026-08-31 05:54:51,077 DEBUG   device: b'uart> \r\x1b[2Kuart> a\r\x1b[2Kuart> au\r\x1b[2Kuart> aut\r\x1b[2Kuart> auto\r\x1b[2Kuart> auto \r\x1b[2Kuart> auto t\r\x1b[2Kuart> auto tx\r\x1b[2Kuart> auto tx \r\x1b[2Kuart> auto tx 6\r\x1b[2Kuart> auto tx 61\r\x1b[2Kuart> auto tx 614\r\x1b[2Kuart> auto tx 6149\r\x1b[2Kuart> auto tx 6149 \r\x1b[2Kuart> auto tx 6149 3\r\x1b[2Kuart> auto tx 6149 32\r\x1b[2Kuart> auto tx 6149 32 \r\x1b[2Kuart> auto tx 6149 32 3\r\x1b[2Kuart> auto tx 6149 32 36\r\x1b[2Kuart> auto tx 6149 32 364\r\x1b[2Kuart> auto tx 6149 32 3642\r\x1b[2Kuart> auto tx 6149 32 36429\r\x1b[2Kuart> auto tx 6149 32 364298\r\x1b[2Kuart> auto tx 6149 32 3642985\r\x1b[2Kuart> auto tx 6149 32 36429858\r\x1b[2Kuart> auto tx 6149 32 364298588\r\x1b[2Kuart> auto tx 6149 32 3642985880'
2026-08-31 05:54:51,078 DEBUG   device: b'@READY mode=tx sequence=32 size=6149 dma=6144 tail=5'
2026-08-31 05:54:51,128 DEBUG   echo chunk=4573 total=4573/6149 after=0.050066s
2026-08-31 05:54:51,146 DEBUG   echo chunk=1576 total=6149/6149 after=0.067486s
2026-08-31 05:54:51,162 DEBUG   device: b'@RESULT mode=tx sequence=32 size=6149 tail=5 tx=6149 status=PASS'
2026-08-31 05:54:51,162 INFO    section=tx-tail case=21/23 PASS size=6149 dma=6144 tail=5 elapsed=0.068s
2026-08-31 05:54:51,177 DEBUG   device: b'uart> \r\x1b[2Kuart> a\r\x1b[2Kuart> au\r\x1b[2Kuart> aut\r\x1b[2Kuart> auto\r\x1b[2Kuart> auto \r\x1b[2Kuart> auto t\r\x1b[2Kuart> auto tx\r\x1b[2Kuart> auto tx \r\x1b[2Kuart> auto tx 6\r\x1b[2Kuart> auto tx 61\r\x1b[2Kuart> auto tx 615\r\x1b[2Kuart> auto tx 6150\r\x1b[2Kuart> auto tx 6150 \r\x1b[2Kuart> auto tx 6150 3\r\x1b[2Kuart> auto tx 6150 33\r\x1b[2Kuart> auto tx 6150 33 \r\x1b[2Kuart> auto tx 6150 33 2\r\x1b[2Kuart> auto tx 6150 33 20\r\x1b[2Kuart> auto tx 6150 33 200\r\x1b[2Kuart> auto tx 6150 33 2002\r\x1b[2Kuart> auto tx 6150 33 20024\r\x1b[2Kuart> auto tx 6150 33 200245\r\x1b[2Kuart> auto tx 6150 33 2002454\r\x1b[2Kuart> auto tx 6150 33 20024543\r\x1b[2Kuart> auto tx 6150 33 200245435\r\x1b[2Kuart> auto tx 6150 33 2002454353'
2026-08-31 05:54:51,178 DEBUG   device: b'@READY mode=tx sequence=33 size=6150 dma=6144 tail=6'
2026-08-31 05:54:51,228 DEBUG   echo chunk=4563 total=4563/6150 after=0.050062s
2026-08-31 05:54:51,245 DEBUG   echo chunk=1587 total=6150/6150 after=0.067324s
2026-08-31 05:54:51,261 DEBUG   device: b'@RESULT mode=tx sequence=33 size=6150 tail=6 tx=6150 status=PASS'
2026-08-31 05:54:51,261 INFO    section=tx-tail case=22/23 PASS size=6150 dma=6144 tail=6 elapsed=0.067s
2026-08-31 05:54:51,277 DEBUG   device: b'uart> \r\x1b[2Kuart> a\r\x1b[2Kuart> au\r\x1b[2Kuart> aut\r\x1b[2Kuart> auto\r\x1b[2Kuart> auto \r\x1b[2Kuart> auto t\r\x1b[2Kuart> auto tx\r\x1b[2Kuart> auto tx \r\x1b[2Kuart> auto tx 6\r\x1b[2Kuart> auto tx 61\r\x1b[2Kuart> auto tx 615\r\x1b[2Kuart> auto tx 6151\r\x1b[2Kuart> auto tx 6151 \r\x1b[2Kuart> auto tx 6151 3\r\x1b[2Kuart> auto tx 6151 34\r\x1b[2Kuart> auto tx 6151 34 \r\x1b[2Kuart> auto tx 6151 34 3\r\x1b[2Kuart> auto tx 6151 34 36\r\x1b[2Kuart> auto tx 6151 34 361\r\x1b[2Kuart> auto tx 6151 34 3619\r\x1b[2Kuart> auto tx 6151 34 36192\r\x1b[2Kuart> auto tx 6151 34 361922\r\x1b[2Kuart> auto tx 6151 34 3619228\r\x1b[2Kuart> auto tx 6151 34 36192282\r\x1b[2Kuart> auto tx 6151 34 361922826'
2026-08-31 05:54:51,277 DEBUG   device: b'@READY mode=tx sequence=34 size=6151 dma=6144 tail=7'
2026-08-31 05:54:51,328 DEBUG   echo chunk=4606 total=4606/6151 after=0.050073s
2026-08-31 05:54:51,344 DEBUG   echo chunk=1545 total=6151/6151 after=0.066682s
2026-08-31 05:54:51,360 DEBUG   device: b'@RESULT mode=tx sequence=34 size=6151 tail=7 tx=6151 status=PASS'
2026-08-31 05:54:51,360 INFO    section=tx-tail case=23/23 PASS size=6151 dma=6144 tail=7 elapsed=0.067s
2026-08-31 05:54:51,360 INFO    SECTION name=tx-tail status=PASS passed=23 failed=0 elapsed=0.542s
2026-08-31 05:54:51,360 INFO    SECTION name=rx-tail status=BEGIN cases=23
2026-08-31 05:54:51,383 DEBUG   device: b'uart> \r\x1b[2Kuart> a\r\x1b[2Kuart> au\r\x1b[2Kuart> aut\r\x1b[2Kuart> auto\r\x1b[2Kuart> auto \r\x1b[2Kuart> auto r\r\x1b[2Kuart> auto rx\r\x1b[2Kuart> auto rx \r\x1b[2Kuart> auto rx 2\r\x1b[2Kuart> auto rx 2 \r\x1b[2Kuart> auto rx 2 3\r\x1b[2Kuart> auto rx 2 35\r\x1b[2Kuart> auto rx 2 35 \r\x1b[2Kuart> auto rx 2 35 3\r\x1b[2Kuart> auto rx 2 35 30\r\x1b[2Kuart> auto rx 2 35 301\r\x1b[2Kuart> auto rx 2 35 3016\r\x1b[2Kuart> auto rx 2 35 30163\r\x1b[2Kuart> auto rx 2 35 301635\r\x1b[2Kuart> auto rx 2 35 3016358\r\x1b[2Kuart> auto rx 2 35 30163585\r\x1b[2Kuart> auto rx 2 35 301635859\r\x1b[2Kuart> auto rx 2 35 3016358595'
2026-08-31 05:54:51,383 DEBUG   device: b'@READY mode=rx sequence=35 size=2 dma=0 tail=2'
2026-08-31 05:54:51,383 DEBUG   RX READY accepted; delaying 0.050s before packet TX
2026-08-31 05:54:51,434 DEBUG   RX packet submitted bytes=2 write_and_flush=0.000390s crc=0xFFFF
2026-08-31 05:54:51,451 DEBUG   device: b'@RESULT mode=rx sequence=35 size=2 dma=0 tail=2 rx=2 crc=PASS data=PASS status=PASS'
2026-08-31 05:54:51,451 INFO    section=rx-tail case=1/23 PASS size=2 dma=0 tail=2 elapsed=0.018s
2026-08-31 05:54:51,474 DEBUG   device: b'uart> \r\x1b[2Kuart> a\r\x1b[2Kuart> au\r\x1b[2Kuart> aut\r\x1b[2Kuart> auto\r\x1b[2Kuart> auto \r\x1b[2Kuart> auto r\r\x1b[2Kuart> auto rx\r\x1b[2Kuart> auto rx \r\x1b[2Kuart> auto rx 3\r\x1b[2Kuart> auto rx 3 \r\x1b[2Kuart> auto rx 3 3\r\x1b[2Kuart> auto rx 3 36\r\x1b[2Kuart> auto rx 3 36 \r\x1b[2Kuart> auto rx 3 36 1\r\x1b[2Kuart> auto rx 3 36 13\r\x1b[2Kuart> auto rx 3 36 137\r\x1b[2Kuart> auto rx 3 36 1375\r\x1b[2Kuart> auto rx 3 36 13758\r\x1b[2Kuart> auto rx 3 36 137582\r\x1b[2Kuart> auto rx 3 36 1375827\r\x1b[2Kuart> auto rx 3 36 13758270\r\x1b[2Kuart> auto rx 3 36 137582706\r\x1b[2Kuart> auto rx 3 36 1375827068'
2026-08-31 05:54:51,474 DEBUG   device: b'@READY mode=rx sequence=36 size=3 dma=0 tail=3'
2026-08-31 05:54:51,474 DEBUG   RX READY accepted; delaying 0.050s before packet TX
2026-08-31 05:54:51,525 DEBUG   RX packet submitted bytes=3 write_and_flush=0.000461s crc=0x0A6E
2026-08-31 05:54:51,542 DEBUG   device: b'@RESULT mode=rx sequence=36 size=3 dma=0 tail=3 rx=3 crc=PASS data=PASS status=PASS'
2026-08-31 05:54:51,542 INFO    section=rx-tail case=2/23 PASS size=3 dma=0 tail=3 elapsed=0.017s
2026-08-31 05:54:51,565 DEBUG   device: b'uart> \r\x1b[2Kuart> a\r\x1b[2Kuart> au\r\x1b[2Kuart> aut\r\x1b[2Kuart> auto\r\x1b[2Kuart> auto \r\x1b[2Kuart> auto r\r\x1b[2Kuart> auto rx\r\x1b[2Kuart> auto rx \r\x1b[2Kuart> auto rx 4\r\x1b[2Kuart> auto rx 4 \r\x1b[2Kuart> auto rx 4 3\r\x1b[2Kuart> auto rx 4 37\r\x1b[2Kuart> auto rx 4 37 \r\x1b[2Kuart> auto rx 4 37 4\r\x1b[2Kuart> auto rx 4 37 40\r\x1b[2Kuart> auto rx 4 37 403\r\x1b[2Kuart> auto rx 4 37 4030\r\x1b[2Kuart> auto rx 4 37 40302\r\x1b[2Kuart> auto rx 4 37 403026\r\x1b[2Kuart> auto rx 4 37 4030262\r\x1b[2Kuart> auto rx 4 37 40302628\r\x1b[2Kuart> auto rx 4 37 403026283\r\x1b[2Kuart> auto rx 4 37 4030262837'
2026-08-31 05:54:51,565 DEBUG   device: b'@READY mode=rx sequence=37 size=4 dma=0 tail=4'
2026-08-31 05:54:51,565 DEBUG   RX READY accepted; delaying 0.050s before packet TX
2026-08-31 05:54:51,616 DEBUG   RX packet submitted bytes=4 write_and_flush=0.000396s crc=0x4056
2026-08-31 05:54:51,633 DEBUG   device: b'@RESULT mode=rx sequence=37 size=4 dma=0 tail=4 rx=4 crc=PASS data=PASS status=PASS'
2026-08-31 05:54:51,633 INFO    section=rx-tail case=3/23 PASS size=4 dma=0 tail=4 elapsed=0.018s
2026-08-31 05:54:51,656 DEBUG   device: b'uart> \r\x1b[2Kuart> a\r\x1b[2Kuart> au\r\x1b[2Kuart> aut\r\x1b[2Kuart> auto\r\x1b[2Kuart> auto \r\x1b[2Kuart> auto r\r\x1b[2Kuart> auto rx\r\x1b[2Kuart> auto rx \r\x1b[2Kuart> auto rx 5\r\x1b[2Kuart> auto rx 5 \r\x1b[2Kuart> auto rx 5 3\r\x1b[2Kuart> auto rx 5 38\r\x1b[2Kuart> auto rx 5 38 \r\x1b[2Kuart> auto rx 5 38 2\r\x1b[2Kuart> auto rx 5 38 23\r\x1b[2Kuart> auto rx 5 38 238\r\x1b[2Kuart> auto rx 5 38 2389\r\x1b[2Kuart> auto rx 5 38 23897\r\x1b[2Kuart> auto rx 5 38 238973\r\x1b[2Kuart> auto rx 5 38 2389731\r\x1b[2Kuart> auto rx 5 38 23897313\r\x1b[2Kuart> auto rx 5 38 238973131\r\x1b[2Kuart> auto rx 5 38 2389731310'
2026-08-31 05:54:51,656 DEBUG   device: b'@READY mode=rx sequence=38 size=5 dma=0 tail=5'
2026-08-31 05:54:51,656 DEBUG   RX READY accepted; delaying 0.050s before packet TX
2026-08-31 05:54:51,707 DEBUG   RX packet submitted bytes=5 write_and_flush=0.000449s crc=0x9FCC
2026-08-31 05:54:51,724 DEBUG   device: b'@RESULT mode=rx sequence=38 size=5 dma=0 tail=5 rx=5 crc=PASS data=PASS status=PASS'
2026-08-31 05:54:51,724 INFO    section=rx-tail case=4/23 PASS size=5 dma=0 tail=5 elapsed=0.018s
2026-08-31 05:54:51,731 DEBUG   device: b'uart> \r\x1b[2Kuart> a\r\x1b[2Kuart> au\r\x1b[2Kuart> aut\r\x1b[2Kuart> auto\r\x1b[2Kuart> auto \r\x1b[2Kuart> auto r\r\x1b[2Kuart> auto rx\r\x1b[2Kuart> auto rx \r\x1b[2Kuart> auto rx 6\r\x1b[2Kuart> auto rx 6 \r\x1b[2Kuart> auto rx 6 3\r\x1b[2Kuart> auto rx 6 39\r\x1b[2Kuart> auto rx 6 39 \r\x1b[2Kuart> auto rx 6 39 7\r\x1b[2Kuart> auto rx 6 39 74\r\x1b[2Kuart> auto rx 6 39 749\r\x1b[2Kuart> auto rx 6 39 7491\r\x1b[2Kuart> auto rx 6 39 74919\r\x1b[2Kuart> auto rx 6 39 749199\r\x1b[2Kuart> auto rx 6 39 7491997\r\x1b[2Kuart> auto rx 6 39 74919978\r\x1b[2Kuart> auto rx 6 39 749199783'
2026-08-31 05:54:51,747 DEBUG   device: b'@READY mode=rx sequence=39 size=6 dma=0 tail=6'
2026-08-31 05:54:51,747 DEBUG   RX READY accepted; delaying 0.050s before packet TX
2026-08-31 05:54:51,797 DEBUG   RX packet submitted bytes=6 write_and_flush=0.000390s crc=0xA1C9
2026-08-31 05:54:51,814 DEBUG   device: b'@RESULT mode=rx sequence=39 size=6 dma=0 tail=6 rx=6 crc=PASS data=PASS status=PASS'
2026-08-31 05:54:51,814 INFO    section=rx-tail case=5/23 PASS size=6 dma=0 tail=6 elapsed=0.017s
2026-08-31 05:54:51,837 DEBUG   device: b'uart> \r\x1b[2Kuart> a\r\x1b[2Kuart> au\r\x1b[2Kuart> aut\r\x1b[2Kuart> auto\r\x1b[2Kuart> auto \r\x1b[2Kuart> auto r\r\x1b[2Kuart> auto rx\r\x1b[2Kuart> auto rx \r\x1b[2Kuart> auto rx 7\r\x1b[2Kuart> auto rx 7 \r\x1b[2Kuart> auto rx 7 4\r\x1b[2Kuart> auto rx 7 40\r\x1b[2Kuart> auto rx 7 40 \r\x1b[2Kuart> auto rx 7 40 3\r\x1b[2Kuart> auto rx 7 40 34\r\x1b[2Kuart> auto rx 7 40 340\r\x1b[2Kuart> auto rx 7 40 3403\r\x1b[2Kuart> auto rx 7 40 34036\r\x1b[2Kuart> auto rx 7 40 340363\r\x1b[2Kuart> auto rx 7 40 3403635\r\x1b[2Kuart> auto rx 7 40 34036355\r\x1b[2Kuart> auto rx 7 40 340363555\r\x1b[2Kuart> auto rx 7 40 3403635552'
2026-08-31 05:54:51,837 DEBUG   device: b'@READY mode=rx sequence=40 size=7 dma=0 tail=7'
2026-08-31 05:54:51,837 DEBUG   RX READY accepted; delaying 0.050s before packet TX
2026-08-31 05:54:51,888 DEBUG   RX packet submitted bytes=7 write_and_flush=0.000384s crc=0x52BC
2026-08-31 05:54:51,905 DEBUG   device: b'@RESULT mode=rx sequence=40 size=7 dma=0 tail=7 rx=7 crc=PASS data=PASS status=PASS'
2026-08-31 05:54:51,905 INFO    section=rx-tail case=6/23 PASS size=7 dma=0 tail=7 elapsed=0.018s
2026-08-31 05:54:51,928 DEBUG   device: b'uart> \r\x1b[2Kuart> a\r\x1b[2Kuart> au\r\x1b[2Kuart> aut\r\x1b[2Kuart> auto\r\x1b[2Kuart> auto \r\x1b[2Kuart> auto r\r\x1b[2Kuart> auto rx\r\x1b[2Kuart> auto rx \r\x1b[2Kuart> auto rx 8\r\x1b[2Kuart> auto rx 8 \r\x1b[2Kuart> auto rx 8 4\r\x1b[2Kuart> auto rx 8 41\r\x1b[2Kuart> auto rx 8 41 \r\x1b[2Kuart> auto rx 8 41 1\r\x1b[2Kuart> auto rx 8 41 17\r\x1b[2Kuart> auto rx 8 41 176\r\x1b[2Kuart> auto rx 8 41 1763\r\x1b[2Kuart> auto rx 8 41 17631\r\x1b[2Kuart> auto rx 8 41 176310\r\x1b[2Kuart> auto rx 8 41 1763104\r\x1b[2Kuart> auto rx 8 41 17631040\r\x1b[2Kuart> auto rx 8 41 176310402\r\x1b[2Kuart> auto rx 8 41 1763104025'
2026-08-31 05:54:51,928 DEBUG   device: b'@READY mode=rx sequence=41 size=8 dma=8 tail=0'
2026-08-31 05:54:51,928 DEBUG   RX READY accepted; delaying 0.050s before packet TX
2026-08-31 05:54:51,979 DEBUG   RX packet submitted bytes=8 write_and_flush=0.000393s crc=0xD9D1
2026-08-31 05:54:51,996 DEBUG   device: b'@RESULT mode=rx sequence=41 size=8 dma=8 tail=0 rx=8 crc=PASS data=PASS status=PASS'
2026-08-31 05:54:51,996 INFO    section=rx-tail case=7/23 PASS size=8 dma=8 tail=0 elapsed=0.018s
2026-08-31 05:54:52,003 DEBUG   device: b'uart> \r\x1b[2Kuart> a\r\x1b[2Kuart> au\r\x1b[2Kuart> aut\r\x1b[2Kuart> auto\r\x1b[2Kuart> auto \r\x1b[2Kuart> auto r\r\x1b[2Kuart> auto rx\r\x1b[2Kuart> auto rx \r\x1b[2Kuart> auto rx 9\r\x1b[2Kuart> auto rx 9 \r\x1b[2Kuart> auto rx 9 4\r\x1b[2Kuart> auto rx 9 42\r\x1b[2Kuart> auto rx 9 42 \r\x1b[2Kuart> auto rx 9 42 1\r\x1b[2Kuart> auto rx 9 42 12\r\x1b[2Kuart> auto rx 9 42 122\r\x1b[2Kuart> auto rx 9 42 1225\r\x1b[2Kuart> auto rx 9 42 12257\r\x1b[2Kuart> auto rx 9 42 122572\r\x1b[2Kuart> auto rx 9 42 1225724\r\x1b[2Kuart> auto rx 9 42 12257249\r\x1b[2Kuart> auto rx 9 42 122572498'
2026-08-31 05:54:52,019 DEBUG   device: b'@READY mode=rx sequence=42 size=9 dma=8 tail=1'
2026-08-31 05:54:52,019 DEBUG   RX READY accepted; delaying 0.050s before packet TX
2026-08-31 05:54:52,069 DEBUG   RX packet submitted bytes=9 write_and_flush=0.000383s crc=0x2064
2026-08-31 05:54:52,087 DEBUG   device: b'@RESULT mode=rx sequence=42 size=9 dma=8 tail=1 rx=9 crc=PASS data=PASS status=PASS'
2026-08-31 05:54:52,087 INFO    section=rx-tail case=8/23 PASS size=9 dma=8 tail=1 elapsed=0.018s
2026-08-31 05:54:52,095 DEBUG   device: b'uart> \r\x1b[2Kuart> a\r\x1b[2Kuart> au\r\x1b[2Kuart> aut\r\x1b[2Kuart> auto\r\x1b[2Kuart> auto \r\x1b[2Kuart> auto r\r\x1b[2Kuart> auto rx\r\x1b[2Kuart> auto rx \r\x1b[2Kuart> auto rx 1\r\x1b[2Kuart> auto rx 10\r\x1b[2Kuart> auto rx 10 \r\x1b[2Kuart> auto rx 10 4\r\x1b[2Kuart> auto rx 10 43\r\x1b[2Kuart> auto rx 10 43 \r\x1b[2Kuart> auto rx 10 43 2\r\x1b[2Kuart> auto rx 10 43 27\r\x1b[2Kuart> auto rx 10 43 277\r\x1b[2Kuart> auto rx 10 43 2777\r\x1b[2Kuart> auto rx 10 43 27770\r\x1b[2Kuart> auto rx 10 43 277700\r\x1b[2Kuart> auto rx 10 43 2777008\r\x1b[2Kuart> auto rx 10 43 27770082\r\x1b[2Kuart> auto rx 10 43 277700826\r\x1b[2Kuart> auto rx 10 43 2777008267'
2026-08-31 05:54:52,111 DEBUG   device: b'@READY mode=rx sequence=43 size=10 dma=8 tail=2'
2026-08-31 05:54:52,111 DEBUG   RX READY accepted; delaying 0.050s before packet TX
2026-08-31 05:54:52,161 DEBUG   RX packet submitted bytes=10 write_and_flush=0.000481s crc=0x2E18
2026-08-31 05:54:52,179 DEBUG   device: b'@RESULT mode=rx sequence=43 size=10 dma=8 tail=2 rx=10 crc=PASS data=PASS status=PASS'
2026-08-31 05:54:52,179 INFO    section=rx-tail case=9/23 PASS size=10 dma=8 tail=2 elapsed=0.018s
2026-08-31 05:54:52,187 DEBUG   device: b'uart> \r\x1b[2Kuart> a\r\x1b[2Kuart> au\r\x1b[2Kuart> aut\r\x1b[2Kuart> auto\r\x1b[2Kuart> auto \r\x1b[2Kuart> auto r\r\x1b[2Kuart> auto rx\r\x1b[2Kuart> auto rx \r\x1b[2Kuart> auto rx 1\r\x1b[2Kuart> auto rx 11\r\x1b[2Kuart> auto rx 11 \r\x1b[2Kuart> auto rx 11 4\r\x1b[2Kuart> auto rx 11 44\r\x1b[2Kuart> auto rx 11 44 \r\x1b[2Kuart> auto rx 11 44 1\r\x1b[2Kuart> auto rx 11 44 11\r\x1b[2Kuart> auto rx 11 44 113\r\x1b[2Kuart> auto rx 11 44 1136\r\x1b[2Kuart> auto rx 11 44 11364\r\x1b[2Kuart> auto rx 11 44 113647\r\x1b[2Kuart> auto rx 11 44 1136476\r\x1b[2Kuart> auto rx 11 44 11364767\r\x1b[2Kuart> auto rx 11 44 113647674\r\x1b[2Kuart> auto rx 11 44 1136476740'
2026-08-31 05:54:52,203 DEBUG   device: b'@READY mode=rx sequence=44 size=11 dma=8 tail=3'
2026-08-31 05:54:52,203 DEBUG   RX READY accepted; delaying 0.050s before packet TX
2026-08-31 05:54:52,253 DEBUG   RX packet submitted bytes=11 write_and_flush=0.000415s crc=0x0C4D
2026-08-31 05:54:52,271 DEBUG   device: b'@RESULT mode=rx sequence=44 size=11 dma=8 tail=3 rx=11 crc=PASS data=PASS status=PASS'
2026-08-31 05:54:52,271 INFO    section=rx-tail case=10/23 PASS size=11 dma=8 tail=3 elapsed=0.018s
2026-08-31 05:54:52,279 DEBUG   device: b'uart> \r\x1b[2Kuart> a\r\x1b[2Kuart> au\r\x1b[2Kuart> aut\r\x1b[2Kuart> auto\r\x1b[2Kuart> auto \r\x1b[2Kuart> auto r\r\x1b[2Kuart> auto rx\r\x1b[2Kuart> auto rx \r\x1b[2Kuart> auto rx 1\r\x1b[2Kuart> auto rx 12\r\x1b[2Kuart> auto rx 12 \r\x1b[2Kuart> auto rx 12 4\r\x1b[2Kuart> auto rx 12 45\r\x1b[2Kuart> auto rx 12 45 \r\x1b[2Kuart> auto rx 12 45 3\r\x1b[2Kuart> auto rx 12 45 37\r\x1b[2Kuart> auto rx 12 45 379\r\x1b[2Kuart> auto rx 12 45 3790\r\x1b[2Kuart> auto rx 12 45 37909\r\x1b[2Kuart> auto rx 12 45 379091\r\x1b[2Kuart> auto rx 12 45 3790912\r\x1b[2Kuart> auto rx 12 45 37909125\r\x1b[2Kuart> auto rx 12 45 379091250\r\x1b[2Kuart> auto rx 12 45 3790912509'
2026-08-31 05:54:52,295 DEBUG   device: b'@READY mode=rx sequence=45 size=12 dma=8 tail=4'
2026-08-31 05:54:52,295 DEBUG   RX READY accepted; delaying 0.050s before packet TX
2026-08-31 05:54:52,345 DEBUG   RX packet submitted bytes=12 write_and_flush=0.000395s crc=0x774C
2026-08-31 05:54:52,363 DEBUG   device: b'@RESULT mode=rx sequence=45 size=12 dma=8 tail=4 rx=12 crc=PASS data=PASS status=PASS'
2026-08-31 05:54:52,363 INFO    section=rx-tail case=11/23 PASS size=12 dma=8 tail=4 elapsed=0.018s
2026-08-31 05:54:52,371 DEBUG   device: b'uart> \r\x1b[2Kuart> a\r\x1b[2Kuart> au\r\x1b[2Kuart> aut\r\x1b[2Kuart> auto\r\x1b[2Kuart> auto \r\x1b[2Kuart> auto r\r\x1b[2Kuart> auto rx\r\x1b[2Kuart> auto rx \r\x1b[2Kuart> auto rx 1\r\x1b[2Kuart> auto rx 13\r\x1b[2Kuart> auto rx 13 \r\x1b[2Kuart> auto rx 13 4\r\x1b[2Kuart> auto rx 13 46\r\x1b[2Kuart> auto rx 13 46 \r\x1b[2Kuart> auto rx 13 46 2\r\x1b[2Kuart> auto rx 13 46 21\r\x1b[2Kuart> auto rx 13 46 215\r\x1b[2Kuart> auto rx 13 46 2150\r\x1b[2Kuart> auto rx 13 46 21503\r\x1b[2Kuart> auto rx 13 46 215038\r\x1b[2Kuart> auto rx 13 46 2150380\r\x1b[2Kuart> auto rx 13 46 21503809\r\x1b[2Kuart> auto rx 13 46 215038098\r\x1b[2Kuart> auto rx 13 46 2150380982'
2026-08-31 05:54:52,387 DEBUG   device: b'@READY mode=rx sequence=46 size=13 dma=8 tail=5'
2026-08-31 05:54:52,387 DEBUG   RX READY accepted; delaying 0.050s before packet TX
2026-08-31 05:54:52,437 DEBUG   RX packet submitted bytes=13 write_and_flush=0.000422s crc=0xB7F0
2026-08-31 05:54:52,455 DEBUG   device: b'@RESULT mode=rx sequence=46 size=13 dma=8 tail=5 rx=13 crc=PASS data=PASS status=PASS'
2026-08-31 05:54:52,455 INFO    section=rx-tail case=12/23 PASS size=13 dma=8 tail=5 elapsed=0.018s
2026-08-31 05:54:52,478 DEBUG   device: b'uart> \r\x1b[2Kuart> a\r\x1b[2Kuart> au\r\x1b[2Kuart> aut\r\x1b[2Kuart> auto\r\x1b[2Kuart> auto \r\x1b[2Kuart> auto r\r\x1b[2Kuart> auto rx\r\x1b[2Kuart> auto rx \r\x1b[2Kuart> auto rx 1\r\x1b[2Kuart> auto rx 14\r\x1b[2Kuart> auto rx 14 \r\x1b[2Kuart> auto rx 14 4\r\x1b[2Kuart> auto rx 14 47\r\x1b[2Kuart> auto rx 14 47 \r\x1b[2Kuart> auto rx 14 47 5\r\x1b[2Kuart> auto rx 14 47 50\r\x1b[2Kuart> auto rx 14 47 509\r\x1b[2Kuart> auto rx 14 47 5098\r\x1b[2Kuart> auto rx 14 47 50984\r\x1b[2Kuart> auto rx 14 47 509849\r\x1b[2Kuart> auto rx 14 47 5098494\r\x1b[2Kuart> auto rx 14 47 50984945\r\x1b[2Kuart> auto rx 14 47 509849455'
2026-08-31 05:54:52,478 DEBUG   device: b'@READY mode=rx sequence=47 size=14 dma=8 tail=6'
2026-08-31 05:54:52,478 DEBUG   RX READY accepted; delaying 0.050s before packet TX
2026-08-31 05:54:52,529 DEBUG   RX packet submitted bytes=14 write_and_flush=0.000450s crc=0xBE2C
2026-08-31 05:54:52,546 DEBUG   device: b'@RESULT mode=rx sequence=47 size=14 dma=8 tail=6 rx=14 crc=PASS data=PASS status=PASS'
2026-08-31 05:54:52,546 INFO    section=rx-tail case=13/23 PASS size=14 dma=8 tail=6 elapsed=0.017s
2026-08-31 05:54:52,554 DEBUG   device: b'uart> \r\x1b[2Kuart> a\r\x1b[2Kuart> au\r\x1b[2Kuart> aut\r\x1b[2Kuart> auto\r\x1b[2Kuart> auto \r\x1b[2Kuart> auto r\r\x1b[2Kuart> auto rx\r\x1b[2Kuart> auto rx \r\x1b[2Kuart> auto rx 1\r\x1b[2Kuart> auto rx 15\r\x1b[2Kuart> auto rx 15 \r\x1b[2Kuart> auto rx 15 4\r\x1b[2Kuart> auto rx 15 48\r\x1b[2Kuart> auto rx 15 48 \r\x1b[2Kuart> auto rx 15 48 3\r\x1b[2Kuart> auto rx 15 48 31\r\x1b[2Kuart> auto rx 15 48 316\r\x1b[2Kuart> auto rx 15 48 3164\r\x1b[2Kuart> auto rx 15 48 31642\r\x1b[2Kuart> auto rx 15 48 316428\r\x1b[2Kuart> auto rx 15 48 3164285\r\x1b[2Kuart> auto rx 15 48 31642852\r\x1b[2Kuart> auto rx 15 48 316428522\r\x1b[2Kuart> auto rx 15 48 3164285224'
2026-08-31 05:54:52,570 DEBUG   device: b'@READY mode=rx sequence=48 size=15 dma=8 tail=7'
2026-08-31 05:54:52,570 DEBUG   RX READY accepted; delaying 0.050s before packet TX
2026-08-31 05:54:52,622 DEBUG   RX packet submitted bytes=15 write_and_flush=0.002312s crc=0xAAD1
2026-08-31 05:54:52,638 DEBUG   device: b'@RESULT mode=rx sequence=48 size=15 dma=8 tail=7 rx=15 crc=PASS data=PASS status=PASS'
2026-08-31 05:54:52,638 INFO    section=rx-tail case=14/23 PASS size=15 dma=8 tail=7 elapsed=0.018s
2026-08-31 05:54:52,646 DEBUG   device: b'uart> \r\x1b[2Kuart> a\r\x1b[2Kuart> au\r\x1b[2Kuart> aut\r\x1b[2Kuart> auto\r\x1b[2Kuart> auto \r\x1b[2Kuart> auto r\r\x1b[2Kuart> auto rx\r\x1b[2Kuart> auto rx \r\x1b[2Kuart> auto rx 1\r\x1b[2Kuart> auto rx 16\r\x1b[2Kuart> auto rx 16 \r\x1b[2Kuart> auto rx 16 4\r\x1b[2Kuart> auto rx 16 49\r\x1b[2Kuart> auto rx 16 49 \r\x1b[2Kuart> auto rx 16 49 1\r\x1b[2Kuart> auto rx 16 49 15\r\x1b[2Kuart> auto rx 16 49 152\r\x1b[2Kuart> auto rx 16 49 1523\r\x1b[2Kuart> auto rx 16 49 15237\r\x1b[2Kuart> auto rx 16 49 152375\r\x1b[2Kuart> auto rx 16 49 1523753\r\x1b[2Kuart> auto rx 16 49 15237536\r\x1b[2Kuart> auto rx 16 49 152375369\r\x1b[2Kuart> auto rx 16 49 1523753697'
2026-08-31 05:54:52,662 DEBUG   device: b'@READY mode=rx sequence=49 size=16 dma=16 tail=0'
2026-08-31 05:54:52,662 DEBUG   RX READY accepted; delaying 0.050s before packet TX
2026-08-31 05:54:52,714 DEBUG   RX packet submitted bytes=16 write_and_flush=0.002366s crc=0x2F87
2026-08-31 05:54:52,730 DEBUG   device: b'@RESULT mode=rx sequence=49 size=16 dma=16 tail=0 rx=16 crc=PASS data=PASS status=PASS'
2026-08-31 05:54:52,730 INFO    section=rx-tail case=15/23 PASS size=16 dma=16 tail=0 elapsed=0.018s
2026-08-31 05:54:52,744 DEBUG   device: b'uart> \r\x1b[2Kuart> a\r\x1b[2Kuart> au\r\x1b[2Kuart> aut\r\x1b[2Kuart> auto\r\x1b[2Kuart> auto \r\x1b[2Kuart> auto r\r\x1b[2Kuart> auto rx\r\x1b[2Kuart> auto rx \r\x1b[2Kuart> auto rx 6\r\x1b[2Kuart> auto rx 61\r\x1b[2Kuart> auto rx 614\r\x1b[2Kuart> auto rx 6144\r\x1b[2Kuart> auto rx 6144 \r\x1b[2Kuart> auto rx 6144 5\r\x1b[2Kuart> auto rx 6144 50\r\x1b[2Kuart> auto rx 6144 50 \r\x1b[2Kuart> auto rx 6144 50 4\r\x1b[2Kuart> auto rx 6144 50 41\r\x1b[2Kuart> auto rx 6144 50 417\r\x1b[2Kuart> auto rx 6144 50 4178\r\x1b[2Kuart> auto rx 6144 50 41781\r\x1b[2Kuart> auto rx 6144 50 417818\r\x1b[2Kuart> auto rx 6144 50 4178189\r\x1b[2Kuart> auto rx 6144 50 41781894\r\x1b[2Kuart> auto rx 6144 50 417818946\r\x1b[2Kuart> auto rx 6144 50 4178189466'
2026-08-31 05:54:52,760 DEBUG   device: b'@READY mode=rx sequence=50 size=6144 dma=6144 tail=0'
2026-08-31 05:54:52,760 DEBUG   RX READY accepted; delaying 0.050s before packet TX
2026-08-31 05:54:52,877 DEBUG   RX packet submitted bytes=6144 write_and_flush=0.067347s crc=0xEA49
2026-08-31 05:54:52,896 DEBUG   device: b'@RESULT mode=rx sequence=50 size=6144 dma=6144 tail=0 rx=6144 crc=PASS data=PASS status=PASS'
2026-08-31 05:54:52,896 INFO    section=rx-tail case=16/23 PASS size=6144 dma=6144 tail=0 elapsed=0.086s
2026-08-31 05:54:52,910 DEBUG   device: b'uart> \r\x1b[2Kuart> a\r\x1b[2Kuart> au\r\x1b[2Kuart> aut\r\x1b[2Kuart> auto\r\x1b[2Kuart> auto \r\x1b[2Kuart> auto r\r\x1b[2Kuart> auto rx\r\x1b[2Kuart> auto rx \r\x1b[2Kuart> auto rx 6\r\x1b[2Kuart> auto rx 61\r\x1b[2Kuart> auto rx 614\r\x1b[2Kuart> auto rx 6145\r\x1b[2Kuart> auto rx 6145 \r\x1b[2Kuart> auto rx 6145 5\r\x1b[2Kuart> auto rx 6145 51\r\x1b[2Kuart> auto rx 6145 51 \r\x1b[2Kuart> auto rx 6145 51 2\r\x1b[2Kuart> auto rx 6145 51 25\r\x1b[2Kuart> auto rx 6145 51 253\r\x1b[2Kuart> auto rx 6145 51 2537\r\x1b[2Kuart> auto rx 6145 51 25376\r\x1b[2Kuart> auto rx 6145 51 253765\r\x1b[2Kuart> auto rx 6145 51 2537657\r\x1b[2Kuart> auto rx 6145 51 25376579\r\x1b[2Kuart> auto rx 6145 51 253765793\r\x1b[2Kuart> auto rx 6145 51 2537657939'
2026-08-31 05:54:52,925 DEBUG   device: b'@READY mode=rx sequence=51 size=6145 dma=6144 tail=1'
2026-08-31 05:54:52,925 DEBUG   RX READY accepted; delaying 0.050s before packet TX
2026-08-31 05:54:53,042 DEBUG   RX packet submitted bytes=6145 write_and_flush=0.067334s crc=0xB573
2026-08-31 05:54:53,061 DEBUG   device: b'@RESULT mode=rx sequence=51 size=6145 dma=6144 tail=1 rx=6145 crc=PASS data=PASS status=PASS'
2026-08-31 05:54:53,061 INFO    section=rx-tail case=17/23 PASS size=6145 dma=6144 tail=1 elapsed=0.086s
2026-08-31 05:54:53,075 DEBUG   device: b'uart> \r\x1b[2Kuart> a\r\x1b[2Kuart> au\r\x1b[2Kuart> aut\r\x1b[2Kuart> auto\r\x1b[2Kuart> auto \r\x1b[2Kuart> auto r\r\x1b[2Kuart> auto rx\r\x1b[2Kuart> auto rx \r\x1b[2Kuart> auto rx 6\r\x1b[2Kuart> auto rx 61\r\x1b[2Kuart> auto rx 614\r\x1b[2Kuart> auto rx 6146\r\x1b[2Kuart> auto rx 6146 \r\x1b[2Kuart> auto rx 6146 5\r\x1b[2Kuart> auto rx 6146 52\r\x1b[2Kuart> auto rx 6146 52 \r\x1b[2Kuart> auto rx 6146 52 8\r\x1b[2Kuart> auto rx 6146 52 89\r\x1b[2Kuart> auto rx 6146 52 897\r\x1b[2Kuart> auto rx 6146 52 8971\r\x1b[2Kuart> auto rx 6146 52 89712\r\x1b[2Kuart> auto rx 6146 52 897126\r\x1b[2Kuart> auto rx 6146 52 8971264\r\x1b[2Kuart> auto rx 6146 52 89712641\r\x1b[2Kuart> auto rx 6146 52 897126412'
2026-08-31 05:54:53,091 DEBUG   device: b'@READY mode=rx sequence=52 size=6146 dma=6144 tail=2'
2026-08-31 05:54:53,091 DEBUG   RX READY accepted; delaying 0.050s before packet TX
2026-08-31 05:54:53,209 DEBUG   RX packet submitted bytes=6146 write_and_flush=0.068528s crc=0x7A07
2026-08-31 05:54:53,227 DEBUG   device: b'@RESULT mode=rx sequence=52 size=6146 dma=6144 tail=2 rx=6146 crc=PASS data=PASS status=PASS'
2026-08-31 05:54:53,227 INFO    section=rx-tail case=18/23 PASS size=6146 dma=6144 tail=2 elapsed=0.086s
2026-08-31 05:54:53,241 DEBUG   device: b'uart> \r\x1b[2Kuart> a\r\x1b[2Kuart> au\r\x1b[2Kuart> aut\r\x1b[2Kuart> auto\r\x1b[2Kuart> auto \r\x1b[2Kuart> auto r\r\x1b[2Kuart> auto rx\r\x1b[2Kuart> auto rx \r\x1b[2Kuart> auto rx 6\r\x1b[2Kuart> auto rx 61\r\x1b[2Kuart> auto rx 614\r\x1b[2Kuart> auto rx 6147\r\x1b[2Kuart> auto rx 6147 \r\x1b[2Kuart> auto rx 6147 5\r\x1b[2Kuart> auto rx 6147 53\r\x1b[2Kuart> auto rx 6147 53 \r\x1b[2Kuart> auto rx 6147 53 3\r\x1b[2Kuart> auto rx 6147 53 35\r\x1b[2Kuart> auto rx 6147 53 355\r\x1b[2Kuart> auto rx 6147 53 3551\r\x1b[2Kuart> auto rx 6147 53 35515\r\x1b[2Kuart> auto rx 6147 53 355156\r\x1b[2Kuart> auto rx 6147 53 3551562\r\x1b[2Kuart> auto rx 6147 53 35515621\r\x1b[2Kuart> auto rx 6147 53 355156218\r\x1b[2Kuart> auto rx 6147 53 3551562181'
2026-08-31 05:54:53,257 DEBUG   device: b'@READY mode=rx sequence=53 size=6147 dma=6144 tail=3'
2026-08-31 05:54:53,257 DEBUG   RX READY accepted; delaying 0.050s before packet TX
2026-08-31 05:54:53,374 DEBUG   RX packet submitted bytes=6147 write_and_flush=0.067282s crc=0xDB1E
2026-08-31 05:54:53,393 DEBUG   device: b'@RESULT mode=rx sequence=53 size=6147 dma=6144 tail=3 rx=6147 crc=PASS data=PASS status=PASS'
2026-08-31 05:54:53,393 INFO    section=rx-tail case=19/23 PASS size=6147 dma=6144 tail=3 elapsed=0.086s
2026-08-31 05:54:53,406 DEBUG   device: b'uart> \r\x1b[2Kuart> a\r\x1b[2Kuart> au\r\x1b[2Kuart> aut\r\x1b[2Kuart> auto\r\x1b[2Kuart> auto \r\x1b[2Kuart> auto r\r\x1b[2Kuart> auto rx\r\x1b[2Kuart> auto rx \r\x1b[2Kuart> auto rx 6\r\x1b[2Kuart> auto rx 61\r\x1b[2Kuart> auto rx 614\r\x1b[2Kuart> auto rx 6148\r\x1b[2Kuart> auto rx 6148 \r\x1b[2Kuart> auto rx 6148 5\r\x1b[2Kuart> auto rx 6148 54\r\x1b[2Kuart> auto rx 6148 54 \r\x1b[2Kuart> auto rx 6148 54 1\r\x1b[2Kuart> auto rx 6148 54 19\r\x1b[2Kuart> auto rx 6148 54 191\r\x1b[2Kuart> auto rx 6148 54 1911\r\x1b[2Kuart> auto rx 6148 54 19110\r\x1b[2Kuart> auto rx 6148 54 191103\r\x1b[2Kuart> auto rx 6148 54 1911030\r\x1b[2Kuart> auto rx 6148 54 19110306\r\x1b[2Kuart> auto rx 6148 54 191103065\r\x1b[2Kuart> auto rx 6148 54 1911030654'
2026-08-31 05:54:53,422 DEBUG   device: b'@READY mode=rx sequence=54 size=6148 dma=6144 tail=4'
2026-08-31 05:54:53,422 DEBUG   RX READY accepted; delaying 0.050s before packet TX
2026-08-31 05:54:53,539 DEBUG   RX packet submitted bytes=6148 write_and_flush=0.067340s crc=0xFD11
2026-08-31 05:54:53,558 DEBUG   device: b'@RESULT mode=rx sequence=54 size=6148 dma=6144 tail=4 rx=6148 crc=PASS data=PASS status=PASS'
2026-08-31 05:54:53,558 INFO    section=rx-tail case=20/23 PASS size=6148 dma=6144 tail=4 elapsed=0.086s
2026-08-31 05:54:53,571 DEBUG   device: b'uart> \r\x1b[2Kuart> a\r\x1b[2Kuart> au\r\x1b[2Kuart> aut\r\x1b[2Kuart> auto\r\x1b[2Kuart> auto \r\x1b[2Kuart> auto r\r\x1b[2Kuart> auto rx\r\x1b[2Kuart> auto rx \r\x1b[2Kuart> auto rx 6\r\x1b[2Kuart> auto rx 61\r\x1b[2Kuart> auto rx 614\r\x1b[2Kuart> auto rx 6149\r\x1b[2Kuart> auto rx 6149 \r\x1b[2Kuart> auto rx 6149 5\r\x1b[2Kuart> auto rx 6149 55\r\x1b[2Kuart> auto rx 6149 55 \r\x1b[2Kuart> auto rx 6149 55 2\r\x1b[2Kuart> auto rx 6149 55 27\r\x1b[2Kuart> auto rx 6149 55 270\r\x1b[2Kuart> auto rx 6149 55 2704\r\x1b[2Kuart> auto rx 6149 55 27049\r\x1b[2Kuart> auto rx 6149 55 270499\r\x1b[2Kuart> auto rx 6149 55 2704991\r\x1b[2Kuart> auto rx 6149 55 27049912\r\x1b[2Kuart> auto rx 6149 55 270499127'
2026-08-31 05:54:53,587 DEBUG   device: b'@READY mode=rx sequence=55 size=6149 dma=6144 tail=5'
2026-08-31 05:54:53,587 DEBUG   RX READY accepted; delaying 0.050s before packet TX
2026-08-31 05:54:53,704 DEBUG   RX packet submitted bytes=6149 write_and_flush=0.067561s crc=0xA2E7
2026-08-31 05:54:53,723 DEBUG   device: b'@RESULT mode=rx sequence=55 size=6149 dma=6144 tail=5 rx=6149 crc=PASS data=PASS status=PASS'
2026-08-31 05:54:53,723 INFO    section=rx-tail case=21/23 PASS size=6149 dma=6144 tail=5 elapsed=0.086s
2026-08-31 05:54:53,737 DEBUG   device: b'uart> \r\x1b[2Kuart> a\r\x1b[2Kuart> au\r\x1b[2Kuart> aut\r\x1b[2Kuart> auto\r\x1b[2Kuart> auto \r\x1b[2Kuart> auto r\r\x1b[2Kuart> auto rx\r\x1b[2Kuart> auto rx \r\x1b[2Kuart> auto rx 6\r\x1b[2Kuart> auto rx 61\r\x1b[2Kuart> auto rx 615\r\x1b[2Kuart> auto rx 6150\r\x1b[2Kuart> auto rx 6150 \r\x1b[2Kuart> auto rx 6150 5\r\x1b[2Kuart> auto rx 6150 56\r\x1b[2Kuart> auto rx 6150 56 \r\x1b[2Kuart> auto rx 6150 56 2\r\x1b[2Kuart> auto rx 6150 56 29\r\x1b[2Kuart> auto rx 6150 56 292\r\x1b[2Kuart> auto rx 6150 56 2924\r\x1b[2Kuart> auto rx 6150 56 29249\r\x1b[2Kuart> auto rx 6150 56 292493\r\x1b[2Kuart> auto rx 6150 56 2924934\r\x1b[2Kuart> auto rx 6150 56 29249348\r\x1b[2Kuart> auto rx 6150 56 292493489\r\x1b[2Kuart> auto rx 6150 56 2924934896'
2026-08-31 05:54:53,752 DEBUG   device: b'@READY mode=rx sequence=56 size=6150 dma=6144 tail=6'
2026-08-31 05:54:53,752 DEBUG   RX READY accepted; delaying 0.050s before packet TX
2026-08-31 05:54:53,869 DEBUG   RX packet submitted bytes=6150 write_and_flush=0.067346s crc=0x5E93
2026-08-31 05:54:53,888 DEBUG   device: b'@RESULT mode=rx sequence=56 size=6150 dma=6144 tail=6 rx=6150 crc=PASS data=PASS status=PASS'
2026-08-31 05:54:53,888 INFO    section=rx-tail case=22/23 PASS size=6150 dma=6144 tail=6 elapsed=0.086s
2026-08-31 05:54:53,903 DEBUG   device: b'uart> \r\x1b[2Kuart> a\r\x1b[2Kuart> au\r\x1b[2Kuart> aut\r\x1b[2Kuart> auto\r\x1b[2Kuart> auto \r\x1b[2Kuart> auto r\r\x1b[2Kuart> auto rx\r\x1b[2Kuart> auto rx \r\x1b[2Kuart> auto rx 6\r\x1b[2Kuart> auto rx 61\r\x1b[2Kuart> auto rx 615\r\x1b[2Kuart> auto rx 6151\r\x1b[2Kuart> auto rx 6151 \r\x1b[2Kuart> auto rx 6151 5\r\x1b[2Kuart> auto rx 6151 57\r\x1b[2Kuart> auto rx 6151 57 \r\x1b[2Kuart> auto rx 6151 57 1\r\x1b[2Kuart> auto rx 6151 57 12\r\x1b[2Kuart> auto rx 6151 57 128\r\x1b[2Kuart> auto rx 6151 57 1284\r\x1b[2Kuart> auto rx 6151 57 12844\r\x1b[2Kuart> auto rx 6151 57 128440\r\x1b[2Kuart> auto rx 6151 57 1284403\r\x1b[2Kuart> auto rx 6151 57 12844033\r\x1b[2Kuart> auto rx 6151 57 128440336\r\x1b[2Kuart> auto rx 6151 57 1284403369'
2026-08-31 05:54:53,918 DEBUG   device: b'@READY mode=rx sequence=57 size=6151 dma=6144 tail=7'
2026-08-31 05:54:53,918 DEBUG   RX READY accepted; delaying 0.050s before packet TX
2026-08-31 05:54:54,035 DEBUG   RX packet submitted bytes=6151 write_and_flush=0.067350s crc=0x293C
2026-08-31 05:54:54,054 DEBUG   device: b'@RESULT mode=rx sequence=57 size=6151 dma=6144 tail=7 rx=6151 crc=PASS data=PASS status=PASS'
2026-08-31 05:54:54,054 INFO    section=rx-tail case=23/23 PASS size=6151 dma=6144 tail=7 elapsed=0.086s
2026-08-31 05:54:54,054 INFO    SECTION name=rx-tail status=PASS passed=23 failed=0 elapsed=0.952s
2026-08-31 05:54:54,054 INFO    SUITE status=PASS passed=58 failed=0 full_profile=SKIPPED
2026-08-31 05:54:54,054 INFO    BAUD_RATE status=PASS rate=4/6 index=14 baud=921600 passed=58 failed=0 elapsed=3.012s
2026-08-31 05:54:54,058 DEBUG   device: b'uart> \r\x1b[2Kuart> a\r\x1b[2Kuart> au\r\x1b[2Kuart> aut\r\x1b[2Kuart> auto\r\x1b[2Kuart> auto \r\x1b[2Kuart> auto b\r\x1b[2Kuart> auto ba\r\x1b[2Kuart> auto bau\r\x1b[2Kuart> auto baud\r\x1b[2Kuart> auto baud \r\x1b[2Kuart> auto baud 1\r\x1b[2Kuart> auto baud 11'
2026-08-31 05:54:54,074 DEBUG   device: b'@BAUD READY old_index=14 old=921600 new_index=11 new=115200'
2026-08-31 05:54:54,090 DEBUG   device: b'@BAUD ACTIVE index=11 baud=115200 mode=16x'
2026-08-31 05:54:54,090 INFO    BAUD_SWITCH status=PASS old_index=14 old=921600 new_index=11 new=115200
2026-08-31 05:54:54,095 INFO    BAUD_RATE status=BEGIN rate=5/6 index=15 baud=1843200 timeout=30.0s
2026-08-31 05:54:54,119 DEBUG   device: b'uart> \r\x1b[2Kuart> a\r\x1b[2Kuart> au\r\x1b[2Kuart> aut\r\x1b[2Kuart> auto\r\x1b[2Kuart> auto \r\x1b[2Kuart> auto b\r\x1b[2Kuart> auto ba\r\x1b[2Kuart> auto bau\r\x1b[2Kuart> auto baud\r\x1b[2Kuart> auto baud \r\x1b[2Kuart> auto baud 1\r\x1b[2Kuart> auto baud 15'
2026-08-31 05:54:54,135 DEBUG   device: b'@BAUD READY old_index=11 old=115200 new_index=15 new=1843200'
2026-08-31 05:54:54,207 DEBUG   device: b'\x00\x80\x00\x00\x80\x80\x00\x80\x80\x80\x80\x80\x80\x00\x00\x80\x00\x00\x00\x00\x80\x80\x80\x00\x80\x00\x00\x80\x00\x00\x80\x00\x00\x80\x80\x00\x80\x80\x00\x80\x80\x80\x00\x80\x00\x00\x80\x00\x80\x80\x00\x80\x80\x00\x00\x80\x80\x80\x00\x80\x00\x80\x80\x80\x00\x80\x00\x00\x80\x00\x00\x00\x00\x00\x00\x80\x80\x00\x80\x80\x80\x80\x80\x00\x00\x80\x80\x80\x00\x80\x00\x00\x80\x00\x00\x80\x80\x80\x00\x00\x00\x00\x00\x00\x00\x00\x00\x00\x80\x80\x00\x80\x00\x00\x80\x00\x00\x80\x80\x80\x80\x00\x00\x80\x80\x80\x00\x80\x00\x80\x80\x80\x00\x80\x80\x00\x00\x80\x80\x00\x80\x80\x80\x00\x00\x80\x00\x80\x80\x80\x80\x80\x00\x80\x00\x00\x80\x00\x80\x80\x00\x00\x00\x00'
2026-08-31 05:55:24,154 WARNING BAUD_RATE status=UNSUPPORTED rate=5/6 index=15 baud=1843200 adapter_or_link=timeout waiting for @BAUD ACTIVE
2026-08-31 05:55:25,173 DEBUG   device: b'^C'
2026-08-31 05:55:25,173 DEBUG   device: b'uart>'
2026-08-31 05:55:25,178 INFO    BAUD_RATE status=BEGIN rate=6/6 index=16 baud=3686400 timeout=30.0s
2026-08-31 05:55:25,202 DEBUG   device: b'uart> \r\x1b[2Kuart> a\r\x1b[2Kuart> au\r\x1b[2Kuart> aut\r\x1b[2Kuart> auto\r\x1b[2Kuart> auto \r\x1b[2Kuart> auto b\r\x1b[2Kuart> auto ba\r\x1b[2Kuart> auto bau\r\x1b[2Kuart> auto baud\r\x1b[2Kuart> auto baud \r\x1b[2Kuart> auto baud 1\r\x1b[2Kuart> auto baud 16'
2026-08-31 05:55:25,217 DEBUG   device: b'@BAUD READY old_index=11 old=115200 new_index=16 new=3686400'
2026-08-31 05:55:25,289 DEBUG   device: b'\x00\x80\x00\x00\x80\x80\x00\x80\x80\x80\x80\x80\x80\x00\x00\x80\x00\x00\x00\x00\x80\x80\x80\x00\x80\x00\x00\x80\x00\x00\x80\x00\x00\x80\x80\x00\x80\x80\x00\x80\x80\x80\x00\x80\x00\x00\x80\x00\x80\x80\x00\x80\x80\x00\x00\x80\x80\x80\x00\x80\x00\x80\x80\x80\x00\x80\x00\x00\x80\x00\x00\x00\x00\x00\x00\x80\x80\x00\x80\x80\x80\x80\x80\x00\x00\x80\x80\x80\x00\x80\x00\x00\x80\x00\x00\x80\x80\x80\x00\x00\x00\x00\x00\x00\x00\x00\x00\x00\x80\x80\x00\x80\x00\x00\x80\x00\x00\x80\x80\x80\x80\x00\x00\x80\x80\x80\x00\x80\x00\x80\x80\x80\x00\x80\x80\x00\x00\x80\x80\x00\x80\x80\x80\x00\x00\x80\x00\x80\x80\x80\x80\x80\x00\x80\x00\x00\x80\x00\x80\x80\x00\x00\x00\x00'
2026-08-31 05:55:55,233 WARNING BAUD_RATE status=UNSUPPORTED rate=6/6 index=16 baud=3686400 adapter_or_link=timeout waiting for @BAUD ACTIVE
2026-08-31 05:55:56,252 DEBUG   device: b'^C'
2026-08-31 05:55:56,253 DEBUG   device: b'uart>'
2026-08-31 05:55:56,253 INFO    BAUD_MATRIX status=PASS rates_passed=4 rates_unsupported=2 rates_failed=0 hardware_cases_passed=232
2026-08-31 05:55:56,255 INFO    SUMMARY status=PASS passed=232 failed=0 elapsed=40.392s wall_elapsed=121.243s
