T12F2D6C0 006:850.026   SEGGER J-Link V7.96h Log File
T12F2D6C0 006:850.154   DLL Compiled: May 15 2024 15:39:51
T12F2D6C0 006:850.165   Logging started @ 2026-09-12 13:26
T12F2D6C0 006:850.173   Process: /opt/SEGGER/Ozone_V334/Ozone
T12F2D6C0 006:850.182 - 6850.181ms
T12F2D6C0 006:850.417 JLINK_DEVICE_GetIndex(sDeviceName = AM3359)
T12F2D6C0 006:854.564 - 4.147ms returns 9866
T12F2D6C0 006:854.575 JLINK_DEVICE_GetInfo(DeviceIndex = 9866)
T12F2D6C0 006:854.582 - 0.007ms returns 0
T12F2D6C0 010:081.931 JLINK_EMU_SelectByUSBSN(SerialNo = 941000024)
T12F2D6C0 010:085.377 - 3.446ms returns 0x00
T12F2D6C0 010:085.393 JLINK_EnableLog(...)
T12F2D6C0 010:085.402 - 0.009ms
T12F2D6C0 010:085.410 JLINK_SetErrorOutHandler(...)
T12F2D6C0 010:085.418 - 0.008ms
T12F2D6C0 010:085.425 JLINK_SetWarnOutHandler(...)
T12F2D6C0 010:085.431 - 0.007ms
T12F2D6C0 010:085.443 JLINK_ExecCommand("ScriptFile=../../../tools/AM335x_DDR_Init.jlinkscript", ...). 
T12F2D6C0 010:085.455 - 0.012ms returns 0x00
T12F2D6C0 010:085.468 JLINK_Open()
T12F2D6C0 010:093.852   Firmware: J-Link V11 compiled Apr  1 2025 10:02:30
T12F2D6C0 010:094.727   Firmware: J-Link V11 compiled Apr  1 2025 10:02:30
T12F2D6C0 010:111.495   Hardware: V11.00
T12F2D6C0 010:111.519   S/N: 941000024
T12F2D6C0 010:111.530   OEM: SEGGER
T12F2D6C0 010:111.542   Feature(s): RDI, FlashBP, FlashDL, JFlash, GDB
T12F2D6C0 010:112.607   Bootloader: 2018 Jun 03
T12F2D6C0 010:113.102   USB speed mode: High speed (480 MBit/s)
T12F2D6C0 010:113.430   TELNET listener socket opened on port 19021
T12F2D6C0 010:113.475   WEBSRV WEBSRV_Init(): Starting webserver thread(s)
T12F2D6C0 010:113.541   WEBSRV Webserver running on local port 19080
T12F2D6C0 010:113.565   Looking for J-Link GUI Server exe at: /opt/SEGGER/Ozone_V334/Lib/JLinkGUIServerExe
T12F2D6C0 010:113.575   Looking for J-Link GUI Server exe at: /opt/SEGGER/JLink/JLinkGUIServerExe
T12F2D6C0 010:113.584   Forking J-Link GUI Server: /opt/SEGGER/JLink/JLinkGUIServerExe
T12F2D6C0 010:125.179   J-Link GUI Server info: "J-Link GUI server V7.88n "
T12F2D6C0 010:125.597 - 40.129ms returns "O.K."
T12F2D6C0 010:125.623 JLINK_GetSN()
T12F2D6C0 010:125.632 - 0.010ms returns 941000024
T12F2D6C0 010:125.642 JLINK_GetAvailableLicense()
T12F2D6C0 010:125.976 - 0.333ms returns 0x05
T12F2D6C0 010:125.985 JLINK_GetFirmwareString(...)
T12F2D6C0 010:125.991 - 0.006ms
T12F2D6C0 010:125.999 JLINK_DEVICE_GetInfo(DeviceIndex = -1)
T12F2D6C0 010:126.006 - 0.006ms returns 10955
T12F2D6C0 010:126.025 JLINK_EMU_GetCurrConnectionInfo()
T12F2D6C0 010:126.107 - 0.081ms returns 0
T12F2D6C0 010:126.126 JLINK_ExecCommand("device=AM3359", ...). 
T12F2D6C0 010:128.351   Device "AM3359" selected.
T12F2D6C0 010:130.462 - 4.329ms returns 0x00
T12F2D6C0 010:130.487 JLINK_SetEndian(ARM_ENDIAN_LITTLE)
T12F2D6C0 010:130.494 - 0.007ms returns 0
T12F2D6C0 010:130.503 JLINK_SetCoreIndex(0)
T12F2D6C0 010:130.510 - 0.007ms
T12F2D6C0 010:130.517 JLINK_TIF_Select(JLINKARM_TIF_JTAG)
T12F2D6C0 010:131.356 - 0.839ms returns 0x00
T12F2D6C0 010:131.379 JLINK_SetSpeed(12000)
T12F2D6C0 010:131.504 - 0.124ms
T12F2D6C0 010:131.512 JLINK_Connect()
T12F2D6C0 010:139.047   InitTarget() start
T12F2D6C0 010:139.063    J-Link Script File: Executing InitTarget()
T12F2D6C0 010:139.690   TotalIRLen = 6, IRPrint = 0x01
T12F2D6C0 010:140.957   TotalIRLen = 6, IRPrint = 0x01
T12F2D6C0 010:141.366   JTAG chain detection found 1 devices:
T12F2D6C0 010:141.380    #0 Id: 0x2B94402F, IRLen: 06, TI ICEPick
T12F2D6C0 010:350.006   InitTarget() end - Took 210ms
T12F2D6C0 010:350.568   TotalIRLen = 10, IRPrint = 0x0011
T12F2D6C0 010:350.737   JTAG chain detection found 2 devices:
T12F2D6C0 010:350.753    #0 Id: 0x3BA00477, IRLen: 04, CoreSight JTAG-DP
T12F2D6C0 010:350.766    #1 Id: 0x2B94402F, IRLen: 06, TI ICEPick
T12F2D6C0 010:352.562   DPv0 detected
T12F2D6C0 010:352.574   AP map detection skipped. Manually configured AP map found.
T12F2D6C0 010:352.585   AP[0]: AHB-AP (IDR: Not set)
T12F2D6C0 010:352.595   AP[1]: APB-AP (IDR: Not set)
T12F2D6C0 010:352.610   AP[2]: JTAG-AP (IDR: Not set)
T12F2D6C0 010:352.631   Using preconfigured AP[1] as APB-AP
T12F2D6C0 010:352.643   AP[1]: APB-AP found
T12F2D6C0 010:357.492   Found Cortex-A8 r3p2
T12F2D6C0 010:357.517   6 code breakpoints, 2 data breakpoints
T12F2D6C0 010:357.529   Debug architecture ARMv7.0
T12F2D6C0 010:378.490   Data endian: little
T12F2D6C0 010:382.241   Main ID register: 0x413FC082
T12F2D6C0 010:404.252   I-Cache L1: 32 KB, 128 Sets, 64 Bytes/Line, 4-Way
T12F2D6C0 010:404.282   D-Cache L1: 32 KB, 128 Sets, 64 Bytes/Line, 4-Way
T12F2D6C0 010:411.504   Unified-Cache L2: 256 KB, 512 Sets, 64 Bytes/Line, 8-Way
T12F2D6C0 010:418.744   System control register:
T12F2D6C0 010:418.772     Instruction endian: little
T12F2D6C0 010:418.785     Level-1 instruction cache disabled
T12F2D6C0 010:418.797     Level-1 data cache disabled
T12F2D6C0 010:418.810     MMU disabled
T12F2D6C0 010:418.822     Branch prediction enabled
T12F2D6C0 010:430.724   -- Max. mem block: 0x00005CF8
T12F2D6C0 010:430.862   SetupTarget() start
T12F2D6C0 010:430.877    J-Link Script File: Executing SetupTarget()
T12F2D6C0 010:430.890   SetupTarget(): Initializing DDR...
T12F2D6C0 010:442.627   === AM335x EVM Initialization ===
T12F2D6C0 010:442.647   Subarctic ALL ADPLL Config for OPP == OPP100 is In Progress...
T12F2D6C0 010:442.761   CPU_ReadMem(4 bytes @ 0x44E10040)
T12F2D6C0 010:443.109   Input Clock: 24MHz
T12F2D6C0 010:443.126   CPU_ReadMem(4 bytes @ 0x44E00488)
T12F2D6C0 010:443.357   CPU_ReadMem(4 bytes @ 0x44E0042C)
T12F2D6C0 010:443.606   CPU_ReadMem(4 bytes @ 0x44E004A8)
T12F2D6C0 010:443.852   MPU PLL: Going to Bypass...
T12F2D6C0 010:443.865   CPU_WriteMem(4 bytes @ 0x44E00488)
T12F2D6C0 010:444.627   CPU_ReadMem(4 bytes @ 0x44E00420)
T12F2D6C0 010:444.879   Bypassed, changing values... 
T12F2D6C0 010:444.896   CPU_WriteMem(4 bytes @ 0x44E0042C)
T12F2D6C0 010:445.135   CPU_WriteMem(4 bytes @ 0x44E004A8)
T12F2D6C0 010:445.374   MPU PLL: Locking...
T12F2D6C0 010:445.393   CPU_WriteMem(4 bytes @ 0x44E00488)
T12F2D6C0 010:445.625   CPU_ReadMem(4 bytes @ 0x44E00420)
T12F2D6C0 010:445.855   MPU PLL: Locked
T12F2D6C0 010:445.866   CPU_ReadMem(4 bytes @ 0x44E00490)
T12F2D6C0 010:446.103   CPU_ReadMem(4 bytes @ 0x44E00468)
T12F2D6C0 010:446.352   CPU_ReadMem(4 bytes @ 0x44E00480)
T12F2D6C0 010:446.602   CPU_ReadMem(4 bytes @ 0x44E00484)
T12F2D6C0 010:446.853   CPU_ReadMem(4 bytes @ 0x44E004D8)
T12F2D6C0 010:447.103   CPU_WriteMem(4 bytes @ 0x44E00490)
T12F2D6C0 010:447.373   CPU_ReadMem(4 bytes @ 0x44E0045C)
T12F2D6C0 010:447.602   Core PLL Bypassed... 
T12F2D6C0 010:447.614   CPU_WriteMem(4 bytes @ 0x44E00468)
T12F2D6C0 010:447.873   CPU_WriteMem(4 bytes @ 0x44E00480)
T12F2D6C0 010:448.137   CPU_WriteMem(4 bytes @ 0x44E00484)
T12F2D6C0 010:448.374   CPU_WriteMem(4 bytes @ 0x44E004D8)
T12F2D6C0 010:448.628   Now locking Core PLL. 
T12F2D6C0 010:448.646   CPU_WriteMem(4 bytes @ 0x44E00490)
T12F2D6C0 010:448.873   CPU_ReadMem(4 bytes @ 0x44E0045C)
T12F2D6C0 010:449.100   Core PLL: Locked
T12F2D6C0 010:449.110   CPU_ReadMem(4 bytes @ 0x44E00494)
T12F2D6C0 010:449.351   CPU_ReadMem(4 bytes @ 0x44E00440)
T12F2D6C0 010:449.601   CPU_WriteMem(4 bytes @ 0x44E00494)
T12F2D6C0 010:449.871   CPU_ReadMem(4 bytes @ 0x44E00434)
T12F2D6C0 010:450.103   DDR PLL: Bypassed
T12F2D6C0 010:450.114   CPU_WriteMem(4 bytes @ 0x44E00440)
T12F2D6C0 010:450.373   CPU_ReadMem(4 bytes @ 0x44E004A0)
T12F2D6C0 010:450.600   CPU_WriteMem(4 bytes @ 0x44E004A0)
T12F2D6C0 010:450.871   CPU_WriteMem(4 bytes @ 0x44E00494)
T12F2D6C0 010:451.131   CPU_ReadMem(4 bytes @ 0x44E00434)
T12F2D6C0 010:451.354   DDR PLL: Locked
T12F2D6C0 010:451.368   CPU_ReadMem(4 bytes @ 0x44E0048C)
T12F2D6C0 010:451.601   CPU_ReadMem(4 bytes @ 0x44E0049C)
T12F2D6C0 010:451.851   CPU_ReadMem(4 bytes @ 0x44E004AC)
T12F2D6C0 010:452.101   CPU_WriteMem(4 bytes @ 0x44E0048C)
T12F2D6C0 010:452.370   CPU_ReadMem(4 bytes @ 0x44E00470)
T12F2D6C0 010:452.600   PER PLL: Bypassed
T12F2D6C0 010:452.611   CPU_WriteMem(4 bytes @ 0x44E0049C)
T12F2D6C0 010:452.874   CPU_WriteMem(4 bytes @ 0x44E004AC)
T12F2D6C0 010:453.131   CPU_WriteMem(4 bytes @ 0x44E0048C)
T12F2D6C0 010:453.370   CPU_ReadMem(4 bytes @ 0x44E00470)
T12F2D6C0 010:453.599   PER PLL: Locked
T12F2D6C0 010:453.620   DISP PLL Config in progress...
T12F2D6C0 010:453.630   CPU_ReadMem(4 bytes @ 0x44E00498)
T12F2D6C0 010:453.851   CPU_ReadMem(4 bytes @ 0x44E00454)
T12F2D6C0 010:454.099   CPU_ReadMem(4 bytes @ 0x44E004A4)
T12F2D6C0 010:454.352   CPU_WriteMem(4 bytes @ 0x44E00498)
T12F2D6C0 010:454.620   CPU_ReadMem(4 bytes @ 0x44E00448)
T12F2D6C0 010:454.850   CPU_WriteMem(4 bytes @ 0x44E00454)
T12F2D6C0 010:455.131   CPU_WriteMem(4 bytes @ 0x44E004A4)
T12F2D6C0 010:455.373   CPU_WriteMem(4 bytes @ 0x44E00498)
T12F2D6C0 010:455.620   CPU_ReadMem(4 bytes @ 0x44E00448)
T12F2D6C0 010:455.853   DISP PLL Config done
T12F2D6C0 010:455.864   Subarctic ALL ADPLL Config for OPP == OPP100 is Done
T12F2D6C0 010:455.875   DDR3 EMIF and PHY configuration...
T12F2D6C0 010:455.887   EMIF PRCM is in progress...
T12F2D6C0 010:455.899   CPU_WriteMem(4 bytes @ 0x44E000D0)
T12F2D6C0 010:456.137   CPU_WriteMem(4 bytes @ 0x44E00028)
T12F2D6C0 010:456.370   CPU_ReadMem(4 bytes @ 0x44E00028)
T12F2D6C0 010:456.600   EMIF PRCM done
T12F2D6C0 010:456.610   CPU_ReadMem(4 bytes @ 0x44E00408)
T12F2D6C0 010:456.874   CPU_WriteMem(4 bytes @ 0x44E00408)
T12F2D6C0 010:457.130   CPU_ReadMem(4 bytes @ 0x44E00408)
T12F2D6C0 010:457.351   CPU_ReadMem(4 bytes @ 0x44E00408)
T12F2D6C0 010:457.600   CPU_WriteMem(4 bytes @ 0x44E00408)
T12F2D6C0 010:457.870   CPU_ReadMem(4 bytes @ 0x44E00408)
T12F2D6C0 010:458.100   CPU_ReadMem(4 bytes @ 0x44E00408)
T12F2D6C0 010:458.350   CPU_ReadMem(4 bytes @ 0x44E00400)
T12F2D6C0 010:458.601   GPIO module clock configuration is done
T12F2D6C0 010:458.612   CPU_WriteMem(4 bytes @ 0x44E10964)
T12F2D6C0 010:458.878   CPU_ReadMem(4 bytes @ 0x44E07130)
T12F2D6C0 010:459.102   CPU_WriteMem(4 bytes @ 0x44E07130)
T12F2D6C0 010:459.373   CPU_ReadMem(4 bytes @ 0x44E07010)
T12F2D6C0 010:459.602   CPU_WriteMem(4 bytes @ 0x44E07010)
T12F2D6C0 010:459.870   CPU_ReadMem(4 bytes @ 0x44E07114)
T12F2D6C0 010:460.100   CPU_ReadMem(4 bytes @ 0x44E07134)
T12F2D6C0 010:460.352   CPU_WriteMem(4 bytes @ 0x44E07134)
T12F2D6C0 010:460.620   CPU_WriteMem(4 bytes @ 0x44E07194)
T12F2D6C0 010:460.874   CPU_ReadMem(4 bytes @ 0x44E10E0C)
T12F2D6C0 010:461.103   CPU_WriteMem(4 bytes @ 0x44E10E0C)
T12F2D6C0 010:461.371   CPU_ReadMem(4 bytes @ 0x44E10E0C)
T12F2D6C0 010:461.600   CPU_WriteMem(4 bytes @ 0x44E10E0C)
T12F2D6C0 010:461.869   CPU_ReadMem(4 bytes @ 0x44E10E0C)
T12F2D6C0 010:462.100   CPU_WriteMem(4 bytes @ 0x44E10E0C)
T12F2D6C0 010:462.371   CPU_ReadMem(4 bytes @ 0x44E10E0C)
T12F2D6C0 010:462.600   CPU_WriteMem(4 bytes @ 0x44E10E0C)
T12F2D6C0 010:462.869   CPU_ReadMem(4 bytes @ 0x44E10E0C)
T12F2D6C0 010:463.100   CPU_WriteMem(4 bytes @ 0x44E10E0C)
T12F2D6C0 010:463.373   Waiting for VTP Ready...
T12F2D6C0 010:463.385   CPU_ReadMem(4 bytes @ 0x44E10E0C)
T12F2D6C0 010:463.602   VTP Enable done
T12F2D6C0 010:463.613   DDR PHY CMD Register configuration is in progress
T12F2D6C0 010:463.623   CPU_WriteMem(4 bytes @ 0x44E1201C)
T12F2D6C0 010:463.870   CPU_WriteMem(4 bytes @ 0x44E1202C)
T12F2D6C0 010:464.131   DDR PHY CMD Register configuration is in progress
T12F2D6C0 010:464.141   CPU_WriteMem(4 bytes @ 0x44E12050)
T12F2D6C0 010:464.371   CPU_WriteMem(4 bytes @ 0x44E12060)
T12F2D6C0 010:464.619   DDR PHY CMD Register configuration is in progress
T12F2D6C0 010:464.631   CPU_WriteMem(4 bytes @ 0x44E12084)
T12F2D6C0 010:464.874   CPU_WriteMem(4 bytes @ 0x44E12094)
T12F2D6C0 010:465.134   DDR PHY Data Register configuration is in progress
T12F2D6C0 010:465.145   CPU_WriteMem(4 bytes @ 0x44E120C8)
T12F2D6C0 010:465.373   CPU_WriteMem(4 bytes @ 0x44E120DC)
T12F2D6C0 010:465.622   CPU_WriteMem(4 bytes @ 0x44E12108)
T12F2D6C0 010:465.878   CPU_WriteMem(4 bytes @ 0x44E12120)
T12F2D6C0 010:466.142   DDR PHY Data Register configuration is in progress
T12F2D6C0 010:466.153   CPU_WriteMem(4 bytes @ 0x44E1216C)
T12F2D6C0 010:466.374   CPU_WriteMem(4 bytes @ 0x44E12180)
T12F2D6C0 010:466.625   CPU_WriteMem(4 bytes @ 0x44E121AC)
T12F2D6C0 010:466.873   CPU_WriteMem(4 bytes @ 0x44E121C4)
T12F2D6C0 010:467.132   CPU_WriteMem(4 bytes @ 0x44E11404)
T12F2D6C0 010:467.370   CPU_WriteMem(4 bytes @ 0x44E11408)
T12F2D6C0 010:467.621   CPU_WriteMem(4 bytes @ 0x44E1140C)
T12F2D6C0 010:467.873   CPU_WriteMem(4 bytes @ 0x44E11440)
T12F2D6C0 010:468.134   CPU_WriteMem(4 bytes @ 0x44E11444)
T12F2D6C0 010:468.373   CPU_WriteMem(4 bytes @ 0x44E10E04)
T12F2D6C0 010:468.622   CPU_WriteMem(4 bytes @ 0x44E1131C)
T12F2D6C0 010:468.881   EMIF Timing register configuration is in progress...
T12F2D6C0 010:468.894   CPU_WriteMem(4 bytes @ 0x4C0000E4)
T12F2D6C0 010:469.136   CPU_WriteMem(4 bytes @ 0x4C0000E8)
T12F2D6C0 010:469.375   CPU_WriteMem(4 bytes @ 0x4C0000EC)
T12F2D6C0 010:469.622   CPU_WriteMem(4 bytes @ 0x4C000018)
T12F2D6C0 010:469.870   CPU_WriteMem(4 bytes @ 0x4C00001C)
T12F2D6C0 010:470.133   CPU_WriteMem(4 bytes @ 0x4C000020)
T12F2D6C0 010:470.371   CPU_WriteMem(4 bytes @ 0x4C000024)
T12F2D6C0 010:470.620   CPU_WriteMem(4 bytes @ 0x4C000028)
T12F2D6C0 010:470.871   CPU_WriteMem(4 bytes @ 0x4C00002C)
T12F2D6C0 010:471.133   CPU_WriteMem(4 bytes @ 0x4C000010)
T12F2D6C0 010:471.374   CPU_WriteMem(4 bytes @ 0x4C000014)
T12F2D6C0 010:471.622   CPU_WriteMem(4 bytes @ 0x4C0000C8)
T12F2D6C0 010:471.871   CPU_WriteMem(4 bytes @ 0x4C000008)
T12F2D6C0 010:482.195   EMIF Timing register configuration is done...
T12F2D6C0 010:482.216   CPU_ReadMem(4 bytes @ 0x4C000004)
T12F2D6C0 010:482.414   PHY is READY!
T12F2D6C0 010:482.430   DDR3 EMIF configuration done
T12F2D6C0 010:482.443   === AM335x EVM Initialization done ===
T12F2D6C0 010:582.523   CPU_WriteMem(4 bytes @ 0x80000000)
T12F2D6C0 010:582.755   CPU_ReadMem(4 bytes @ 0x80000000)
T12F2D6C0 010:582.985   DDR test: SUCCESS!
T12F2D6C0 010:583.005   RTT: selecting BGMemAP before connect returns
T12F2D6C0 010:583.023   SetupTarget() end - Took 152ms
T12F2D6C0 010:583.061 - 451.549ms returns 0x00
T12F2D6C0 010:583.075 JLINK_IsConnected()
T12F2D6C0 010:583.084 - 0.009ms returns TRUE
T12F2D6C0 010:583.095 JLINK_GetSpeed()
T12F2D6C0 010:583.104 - 0.010ms returns 12000
T12F2D6C0 010:583.114 JLINK_Api_CanAccMemwhileRunning()
T12F2D6C0 010:583.123 - 0.009ms returns 2
T12F2D6C0 010:583.136 JLINK_RAWTRACE_Control(JLINKARM_RAWTRACE_CMD_GET_CAPS, ...)
T12F2D6C0 010:583.146 - 0.010ms returns 0x00, *pData = 0x00000000
T12F2D6C0 010:583.157 JLINK_POWERTRACE_Control(JLINK_POWERTRACE_CMD_GET_CAPS, ...)
T12F2D6C0 010:583.167 - 0.010ms returns 0x00
T12F2D6C0 010:583.178 JLINK_GetMemZones(...)
T12F2D6C0 010:583.187 - 0.009ms returns 3
T12F2D6C0 010:583.198 JLINK_IsOpen()
T12F2D6C0 010:583.206 - 0.009ms returns 0x01
T12F2D6C0 010:583.216 JLINK_IsConnected()
T12F2D6C0 010:583.225 - 0.009ms returns TRUE
T12F2D6C0 010:583.236 JLINK_EnableSoftBPs(ON)
T12F2D6C0 010:583.244 - 0.009ms
T12F2D6C0 010:583.254 JLINK_SetEndian(ARM_ENDIAN_LITTLE)
T12F2D6C0 010:583.292 - 0.037ms returns 0
T12F2D6C0 010:583.310 JLINK_IsHalted()
T12F2D6C0 010:583.320 - 0.010ms returns TRUE
T12F2D6C0 010:583.354 JLINK_ReadRegs_64(NumRegs = 1, Indexes: 
T12F2D6C0 010:583.363   9)
T12F2D6C0 010:583.380    -- R15 (PC)=0x21280
T12F2D6C0 010:583.394 - 0.040ms returns 0
T12F2D6C0 010:583.406 JLINK_ReadRegs_64(NumRegs = 1, Indexes: 
T12F2D6C0 010:583.414   79)
T12F2D6C0 010:583.671    -- R13=0x4030CDB0
T12F2D6C0 010:583.686 - 0.281ms returns 0
T146D67C0 010:588.359 JLINK_GetDebugInfo(0x01 = Unknown)
T146D67C0 010:588.376 - 0.017ms returns -1
T146D67C0 010:588.386 JLINK_GetDebugInfo(0x10F = JLINKARM_DEBUG_INFO_HAS_CORTEX_M_SECURITY_EXT_INDEX)
T146D67C0 010:588.394 - 0.008ms returns -1
T12F2D6C0 015:585.619 JLINK_IsHalted()
T12F2D6C0 015:585.785 - 0.166ms returns TRUE
T12F2D6C0 015:589.393 JLINK_WriteU32_64(0x44E35048, 0x0000AAAA)
T12F2D6C0 015:589.948   CPU_WriteMem(4 bytes @ 0x44E35048)
T12F2D6C0 015:590.165 - 0.773ms returns 0 (0x00000000)
T12F2D6C0 015:590.211 JLINK_WriteU32_64(0x44E35048, 0x00005555)
T12F2D6C0 015:590.227   CPU_WriteMem(4 bytes @ 0x44E35048)
T12F2D6C0 015:590.437 - 0.226ms returns 0 (0x00000000)
T146D67C0 015:590.483 JLINK_IsHalted()
T146D67C0 015:590.498 - 0.014ms returns TRUE
T146D67C0 015:590.506 JLINK_ReadRegs_64(NumRegs = 1, Indexes: 
T146D67C0 015:590.513   8)
T146D67C0 015:590.527    -- CPSR=0x800001B3
T146D67C0 015:590.537 - 0.031ms returns 0
T12F2D6C0 015:590.628 JLINK_WriteRegs_64(NumRegs = 1, Indexes: 
T12F2D6C0 015:590.642   8)
T12F2D6C0 015:590.654    -- CPSR=0x080000193
T12F2D6C0 015:590.665 - 0.037ms returns 0
T12F2D6C0 015:590.672 JLINK_ReadRegs_64(NumRegs = 1, Indexes: 
T12F2D6C0 015:590.678   8)
T12F2D6C0 015:590.688    -- CPSR=0x80000193
T12F2D6C0 015:590.696 - 0.024ms returns 0
T12F2D6C0 015:590.703 JLINK_ReadRegs_64(NumRegs = 1, Indexes: 
T12F2D6C0 015:590.710   9)
T12F2D6C0 015:590.719    -- R15 (PC)=0x21280
T12F2D6C0 015:590.728 - 0.025ms returns 0
T12F2D6C0 015:590.735 JLINK_ReadRegs_64(NumRegs = 1, Indexes: 
T12F2D6C0 015:590.741   79)
T12F2D6C0 015:590.751    -- R13=0x4030CDB0
T12F2D6C0 015:590.761 - 0.026ms returns 0
T12F2D6C0 015:590.861 JLINK_WriteRegs_64(NumRegs = 1, Indexes: 
T12F2D6C0 015:590.870   9)
T12F2D6C0 015:590.884    -- R15 (PC)=0x080000000
T12F2D6C0 015:590.894 - 0.033ms returns 0
T12F2D6C0 015:590.901 JLINK_ReadRegs_64(NumRegs = 1, Indexes: 
T12F2D6C0 015:590.907   9)
T12F2D6C0 015:590.916    -- R15 (PC)=0x80000000
T12F2D6C0 015:590.925 - 0.025ms returns 0
T12F2D6C0 015:590.931 JLINK_ReadRegs_64(NumRegs = 1, Indexes: 
T12F2D6C0 015:590.937   79)
T12F2D6C0 015:590.946    -- R13=0x4030CDB0
T12F2D6C0 015:590.955 - 0.024ms returns 0
T12F2D6C0 015:591.390 JLINK_ReadRegs_64(NumRegs = 1, Indexes: 
T12F2D6C0 015:591.400   9)
T12F2D6C0 015:591.409    -- R15 (PC)=0x80000000
T12F2D6C0 015:591.418 - 0.028ms returns 0
T12F2D6C0 015:591.424 JLINK_ReadRegs_64(NumRegs = 1, Indexes: 
T12F2D6C0 015:591.430   79)
T12F2D6C0 015:591.439    -- R13=0x4030CDB0
T12F2D6C0 015:591.449 - 0.025ms returns 0
T12F2D6C0 015:591.458 JLINK_POWERTRACE_Control(JLINK_POWERTRACE_CMD_FLUSH, ...)
T12F2D6C0 015:591.475   Debugger requested to flush all items
T12F2D6C0 015:591.485   Flushed 0x0 items
T12F2D6C0 015:591.494 - 0.036ms returns 0x00
T12F2D6C0 015:595.408 JLINK_POWERTRACE_Control(JLINK_POWERTRACE_CMD_FLUSH, ...)
T12F2D6C0 015:595.417   Debugger requested to flush all items
T12F2D6C0 015:595.426   Flushed 0x0 items
T12F2D6C0 015:595.435 - 0.028ms returns 0x00
T146D67C0 015:598.722 JLINK_IsHalted()
T146D67C0 015:598.740 - 0.019ms returns TRUE
T146D67C0 015:598.749 JLINK_ReadRegs_64(NumRegs = 1, Indexes: 
T146D67C0 015:598.758   9)
T146D67C0 015:598.773    -- R15 (PC)=0x80000000
T146D67C0 015:598.788 - 0.039ms returns 0
T146D67C0 015:598.857 JLINK_ReadRegs_64(NumRegs = 1, Indexes: 
T146D67C0 015:598.868   9)
T146D67C0 015:598.883    -- R15 (PC)=0x80000000
T146D67C0 015:598.896 - 0.039ms returns 0
T146D67C0 015:598.906 JLINK_ReadRegs_64(NumRegs = 1, Indexes: 
T146D67C0 015:598.915   79)
T146D67C0 015:598.929    -- R13=0x4030CDB0
T146D67C0 015:598.944 - 0.038ms returns 0
T12F2D6C0 015:599.340 JLINK_BeginDownload(Flags = 0x00000000)
T12F2D6C0 015:599.358 - 0.019ms
T12F2D6C0 015:599.368 JLINK_WriteU32_64(0x80000000, 0xDEADBEEF)
T12F2D6C0 015:599.850   CPU_WriteMem(4 bytes @ 0x80000000)
T12F2D6C0 015:600.067 - 0.698ms returns 0 (0x00000000)
T12F2D6C0 015:600.076 JLINK_EndDownload()
T12F2D6C0 015:600.083 - 0.007ms returns 0 (0x0)
T12F2D6C0 015:600.089 JLINK_IsHalted()
T12F2D6C0 015:600.095 - 0.006ms returns TRUE
T146D67C0 015:600.130 JLINK_ReadMemU32(0x80000000, 0x1 Items)
T146D67C0 015:600.149   CPU_ReadMem(4 bytes @ 0x80000000)
T146D67C0 015:600.344   Data:  EF BE AD DE
T146D67C0 015:600.361 - 0.230ms returns 1 (0x1)
T12F2D6C0 015:600.653 JLINK_WriteMemEx(0x80000000, 0x000204B0 Bytes, Flags = 0x00000000)
T12F2D6C0 015:600.664   Data:  00 00 0F E1 C0 00 80 E3 00 F0 21 E1 00 00 0F E1 ...
T12F2D6C0 015:600.686   CPU_WriteMem(132272 bytes @ 0x80000000)
T12F2D6C0 015:765.242 - 164.589ms returns 0x204B0
T12F2D6C0 015:765.301 JLINK_EndDownload()
T12F2D6C0 015:765.315 - 0.013ms returns 0 (0x0)
T12F2D6C0 015:765.323 JLINK_IsHalted()
T12F2D6C0 015:765.333 - 0.010ms returns TRUE
T146D67C0 015:765.879 JLINK_ReadMemU32(0x80000000, 0x1 Items)
T146D67C0 015:765.901   CPU_ReadMem(4 bytes @ 0x80000000)
T146D67C0 015:766.093   Data:  00 00 0F E1
T146D67C0 015:766.103 - 0.225ms returns 1 (0x1)
T12F2D6C0 015:766.226 JLINK_WriteRegs_64(NumRegs = 1, Indexes: 
T12F2D6C0 015:766.238   9)
T12F2D6C0 015:766.255    -- R15 (PC)=0x080000000
T12F2D6C0 015:766.274 - 0.048ms returns 0
T12F2D6C0 015:766.286 JLINK_ReadRegs_64(NumRegs = 1, Indexes: 
T12F2D6C0 015:766.294   9)
T12F2D6C0 015:766.306    -- R15 (PC)=0x80000000
T12F2D6C0 015:766.317 - 0.031ms returns 0
T12F2D6C0 015:766.325 JLINK_ReadRegs_64(NumRegs = 1, Indexes: 
T12F2D6C0 015:766.333   79)
T12F2D6C0 015:766.345    -- R13=0x4030CDB0
T12F2D6C0 015:766.358 - 0.032ms returns 0
T146D67C0 015:766.388 JLINK_IsHalted()
T146D67C0 015:766.399 - 0.010ms returns TRUE
T146D67C0 015:766.406 JLINK_ReadRegs_64(NumRegs = 1, Indexes: 
T146D67C0 015:766.413   9)
T146D67C0 015:766.427    -- R15 (PC)=0x80000000
T146D67C0 015:766.437 - 0.031ms returns 0
T146D67C0 015:766.501 JLINK_ReadRegs_64(NumRegs = 1, Indexes: 
T146D67C0 015:766.510   9)
T146D67C0 015:766.519    -- R15 (PC)=0x80000000
T146D67C0 015:766.532 - 0.031ms returns 0
T146D67C0 015:766.539 JLINK_ReadRegs_64(NumRegs = 1, Indexes: 
T146D67C0 015:766.547   79)
T146D67C0 015:766.559    -- R13=0x4030CDB0
T146D67C0 015:766.570 - 0.030ms returns 0
T12F2D6C0 015:766.591 JLINK_WriteVectorCatch(0x0000001A)
T12F2D6C0 015:766.698 - 0.107ms returns 0
T146D67C0 015:766.715 JLINK_WriteVectorCatch(0x0000001E)
T146D67C0 015:766.938 - 0.222ms returns 0
T146D67C0 015:767.286 JLINK_IsHalted()
T146D67C0 015:767.299 - 0.013ms returns TRUE
T146D67C0 015:767.305 JLINK_ReadRegs_64(NumRegs = 1, Indexes: 
T146D67C0 015:767.312   8)
T146D67C0 015:767.323    -- CPSR=0x80000193
T146D67C0 015:767.335 - 0.030ms returns 0
T146D67C0 015:767.342 JLINK_ReadRegs_64(NumRegs = 1, Indexes: 
T146D67C0 015:767.348   80)
T146D67C0 015:767.359    -- R14=0x20A85
T146D67C0 015:767.368 - 0.027ms returns 0
T12F2D6C0 015:768.971 JLINK_ReadMemEx(0x00000000, 0x240 Bytes, Flags = 0x00000000)
T12F2D6C0 015:768.986   CPU_ReadMem(576 bytes @ 0x00000000)
T12F2D6C0 015:769.495   failed
T12F2D6C0 015:769.510 - 0.538ms returns 0 (0x0)
T12F2D6C0 015:769.519 JLINK_ReadMemEx(0x00000000, 0x10 Bytes, Flags = 0x00000000)
T12F2D6C0 015:769.530   CPU_ReadMem(16 bytes @ 0x00000000)
T12F2D6C0 015:769.895   failed
T12F2D6C0 015:769.908 - 0.389ms returns 0 (0x0)
T12F2D6C0 015:769.918 JLINK_ReadMemU8(0x00000000, 0x1 Items)
T12F2D6C0 015:769.926   CPU_ReadMem(1 bytes @ 0x00000000)
T12F2D6C0 015:770.265   failed
T12F2D6C0 015:770.280 - 0.362ms returns 0 (0x0)
T12F2D6C0 015:770.288 JLINK_ReadMemU8(0x00000001, 0x1 Items)
T12F2D6C0 015:770.298   CPU_ReadMem(1 bytes @ 0x00000001)
T12F2D6C0 015:770.636   failed
T12F2D6C0 015:770.648 - 0.360ms returns 0 (0x0)
T12F2D6C0 015:770.657 JLINK_ReadMemU8(0x00000002, 0x1 Items)
T12F2D6C0 015:770.666   CPU_ReadMem(1 bytes @ 0x00000002)
T12F2D6C0 015:771.018   failed
T12F2D6C0 015:771.028 - 0.370ms returns 0 (0x0)
T12F2D6C0 015:771.034 JLINK_ReadMemU8(0x00000003, 0x1 Items)
T12F2D6C0 015:771.040   CPU_ReadMem(1 bytes @ 0x00000003)
T12F2D6C0 015:771.385   failed
T12F2D6C0 015:771.397 - 0.364ms returns 0 (0x0)
T12F2D6C0 015:771.403 JLINK_ReadMemU8(0x00000004, 0x1 Items)
T12F2D6C0 015:771.410   CPU_ReadMem(1 bytes @ 0x00000004)
T12F2D6C0 015:771.760   failed
T12F2D6C0 015:771.769 - 0.366ms returns 0 (0x0)
T12F2D6C0 015:771.775 JLINK_ReadMemU8(0x00000005, 0x1 Items)
T12F2D6C0 015:771.782   CPU_ReadMem(1 bytes @ 0x00000005)
T12F2D6C0 015:772.135   failed
T12F2D6C0 015:772.144 - 0.369ms returns 0 (0x0)
T12F2D6C0 015:772.152 JLINK_ReadMemU8(0x00000006, 0x1 Items)
T12F2D6C0 015:772.159   CPU_ReadMem(1 bytes @ 0x00000006)
T12F2D6C0 015:772.510   failed
T12F2D6C0 015:772.520 - 0.368ms returns 0 (0x0)
T12F2D6C0 015:772.532 JLINK_ReadMemU8(0x00000007, 0x1 Items)
T12F2D6C0 015:772.540   CPU_ReadMem(1 bytes @ 0x00000007)
T12F2D6C0 015:772.893   failed
T12F2D6C0 015:772.902 - 0.370ms returns 0 (0x0)
T12F2D6C0 015:772.908 JLINK_ReadMemU8(0x00000008, 0x1 Items)
T12F2D6C0 015:772.914   CPU_ReadMem(1 bytes @ 0x00000008)
T12F2D6C0 015:773.260   failed
T12F2D6C0 015:773.274 - 0.366ms returns 0 (0x0)
T12F2D6C0 015:773.280 JLINK_ReadMemU8(0x00000009, 0x1 Items)
T12F2D6C0 015:773.288   CPU_ReadMem(1 bytes @ 0x00000009)
T12F2D6C0 015:773.635   failed
T12F2D6C0 015:773.644 - 0.364ms returns 0 (0x0)
T12F2D6C0 015:773.650 JLINK_ReadMemU8(0x0000000A, 0x1 Items)
T12F2D6C0 015:773.657   CPU_ReadMem(1 bytes @ 0x0000000A)
T12F2D6C0 015:774.019   failed
T12F2D6C0 015:774.031 - 0.381ms returns 0 (0x0)
T12F2D6C0 015:774.039 JLINK_ReadMemU8(0x0000000B, 0x1 Items)
T12F2D6C0 015:774.048   CPU_ReadMem(1 bytes @ 0x0000000B)
T12F2D6C0 015:774.387   failed
T12F2D6C0 015:774.403 - 0.365ms returns 0 (0x0)
T12F2D6C0 015:774.411 JLINK_ReadMemU8(0x0000000C, 0x1 Items)
T12F2D6C0 015:774.419   CPU_ReadMem(1 bytes @ 0x0000000C)
T12F2D6C0 015:774.762   failed
T12F2D6C0 015:774.774 - 0.363ms returns 0 (0x0)
T12F2D6C0 015:774.782 JLINK_ReadMemU8(0x0000000D, 0x1 Items)
T12F2D6C0 015:774.790   CPU_ReadMem(1 bytes @ 0x0000000D)
T12F2D6C0 015:775.134   failed
T12F2D6C0 015:775.143 - 0.361ms returns 0 (0x0)
T12F2D6C0 015:775.150 JLINK_ReadMemU8(0x0000000E, 0x1 Items)
T12F2D6C0 015:775.157   CPU_ReadMem(1 bytes @ 0x0000000E)
T12F2D6C0 015:775.508   failed
T12F2D6C0 015:775.519 - 0.369ms returns 0 (0x0)
T12F2D6C0 015:775.525 JLINK_ReadMemU8(0x0000000F, 0x1 Items)
T12F2D6C0 015:775.531   CPU_ReadMem(1 bytes @ 0x0000000F)
T12F2D6C0 015:775.899   failed
T12F2D6C0 015:775.908 - 0.383ms returns 0 (0x0)
T12F2D6C0 015:775.915 JLINK_ReadMemEx(0x00000010, 0x10 Bytes, Flags = 0x00000000)
T12F2D6C0 015:775.921   CPU_ReadMem(16 bytes @ 0x00000010)
T12F2D6C0 015:776.260   failed
T12F2D6C0 015:776.274 - 0.360ms returns 0 (0x0)
T12F2D6C0 015:776.280 JLINK_ReadMemU8(0x00000010, 0x1 Items)
T12F2D6C0 015:776.288   CPU_ReadMem(1 bytes @ 0x00000010)
T12F2D6C0 015:776.635   failed
T12F2D6C0 015:776.644 - 0.364ms returns 0 (0x0)
T12F2D6C0 015:776.651 JLINK_ReadMemU8(0x00000011, 0x1 Items)
T12F2D6C0 015:776.657   CPU_ReadMem(1 bytes @ 0x00000011)
T12F2D6C0 015:777.019   failed
T12F2D6C0 015:777.031 - 0.380ms returns 0 (0x0)
T12F2D6C0 015:777.039 JLINK_ReadMemU8(0x00000012, 0x1 Items)
T12F2D6C0 015:777.048   CPU_ReadMem(1 bytes @ 0x00000012)
T12F2D6C0 015:777.386   failed
T12F2D6C0 015:777.402 - 0.362ms returns 0 (0x0)
T12F2D6C0 015:777.410 JLINK_ReadMemU8(0x00000013, 0x1 Items)
T12F2D6C0 015:777.418   CPU_ReadMem(1 bytes @ 0x00000013)
T12F2D6C0 015:777.762   failed
T12F2D6C0 015:777.774 - 0.365ms returns 0 (0x0)
T12F2D6C0 015:777.782 JLINK_ReadMemU8(0x00000014, 0x1 Items)
T12F2D6C0 015:777.791   CPU_ReadMem(1 bytes @ 0x00000014)
T12F2D6C0 015:778.135   failed
T12F2D6C0 015:778.145 - 0.363ms returns 0 (0x0)
T12F2D6C0 015:778.153 JLINK_ReadMemU8(0x00000015, 0x1 Items)
T12F2D6C0 015:778.161   CPU_ReadMem(1 bytes @ 0x00000015)
T12F2D6C0 015:778.510   failed
T12F2D6C0 015:778.522 - 0.369ms returns 0 (0x0)
T12F2D6C0 015:778.528 JLINK_ReadMemU8(0x00000016, 0x1 Items)
T12F2D6C0 015:778.535   CPU_ReadMem(1 bytes @ 0x00000016)
T12F2D6C0 015:778.893   failed
T12F2D6C0 015:778.903 - 0.375ms returns 0 (0x0)
T12F2D6C0 015:778.909 JLINK_ReadMemU8(0x00000017, 0x1 Items)
T12F2D6C0 015:778.915   CPU_ReadMem(1 bytes @ 0x00000017)
T12F2D6C0 015:779.260   failed
T12F2D6C0 015:779.277 - 0.368ms returns 0 (0x0)
T12F2D6C0 015:779.285 JLINK_ReadMemU8(0x00000018, 0x1 Items)
T12F2D6C0 015:779.293   CPU_ReadMem(1 bytes @ 0x00000018)
T12F2D6C0 015:779.638   failed
T12F2D6C0 015:779.647 - 0.363ms returns 0 (0x0)
T12F2D6C0 015:779.654 JLINK_ReadMemU8(0x00000019, 0x1 Items)
T12F2D6C0 015:779.661   CPU_ReadMem(1 bytes @ 0x00000019)
T12F2D6C0 015:780.020   failed
T12F2D6C0 015:780.034 - 0.380ms returns 0 (0x0)
T12F2D6C0 015:780.042 JLINK_ReadMemU8(0x0000001A, 0x1 Items)
T12F2D6C0 015:780.055   CPU_ReadMem(1 bytes @ 0x0000001A)
T12F2D6C0 015:780.387   failed
T12F2D6C0 015:780.403 - 0.360ms returns 0 (0x0)
T12F2D6C0 015:780.411 JLINK_ReadMemU8(0x0000001B, 0x1 Items)
T12F2D6C0 015:780.419   CPU_ReadMem(1 bytes @ 0x0000001B)
T12F2D6C0 015:780.763   failed
T12F2D6C0 015:780.775 - 0.365ms returns 0 (0x0)
T12F2D6C0 015:780.784 JLINK_ReadMemU8(0x0000001C, 0x1 Items)
T12F2D6C0 015:780.793   CPU_ReadMem(1 bytes @ 0x0000001C)
T12F2D6C0 015:781.136   failed
T12F2D6C0 015:781.146 - 0.362ms returns 0 (0x0)
T12F2D6C0 015:781.152 JLINK_ReadMemU8(0x0000001D, 0x1 Items)
T12F2D6C0 015:781.159   CPU_ReadMem(1 bytes @ 0x0000001D)
T12F2D6C0 015:781.509   failed
T12F2D6C0 015:781.519 - 0.367ms returns 0 (0x0)
T12F2D6C0 015:781.527 JLINK_ReadMemU8(0x0000001E, 0x1 Items)
T12F2D6C0 015:781.534   CPU_ReadMem(1 bytes @ 0x0000001E)
T12F2D6C0 015:781.895   failed
T12F2D6C0 015:781.905 - 0.377ms returns 0 (0x0)
T12F2D6C0 015:781.912 JLINK_ReadMemU8(0x0000001F, 0x1 Items)
T12F2D6C0 015:781.918   CPU_ReadMem(1 bytes @ 0x0000001F)
T12F2D6C0 015:782.258   failed
T12F2D6C0 015:782.294 - 0.381ms returns 0 (0x0)
T12F2D6C0 015:782.304 JLINK_ReadMemEx(0x00000020, 0x10 Bytes, Flags = 0x00000000)
T12F2D6C0 015:782.315   CPU_ReadMem(16 bytes @ 0x00000020)
T12F2D6C0 015:782.637   failed
T12F2D6C0 015:782.649 - 0.345ms returns 0 (0x0)
T12F2D6C0 015:782.658 JLINK_ReadMemU8(0x00000020, 0x1 Items)
T12F2D6C0 015:782.668   CPU_ReadMem(1 bytes @ 0x00000020)
T12F2D6C0 015:783.020   failed
T12F2D6C0 015:783.032 - 0.375ms returns 0 (0x0)
T12F2D6C0 015:783.041 JLINK_ReadMemU8(0x00000021, 0x1 Items)
T12F2D6C0 015:783.050   CPU_ReadMem(1 bytes @ 0x00000021)
T12F2D6C0 015:783.384   failed
T12F2D6C0 015:783.399 - 0.358ms returns 0 (0x0)
T12F2D6C0 015:783.406 JLINK_ReadMemU8(0x00000022, 0x1 Items)
T12F2D6C0 015:783.415   CPU_ReadMem(1 bytes @ 0x00000022)
T12F2D6C0 015:783.760   failed
T12F2D6C0 015:783.772 - 0.366ms returns 0 (0x0)
T12F2D6C0 015:783.780 JLINK_ReadMemU8(0x00000023, 0x1 Items)
T12F2D6C0 015:783.788   CPU_ReadMem(1 bytes @ 0x00000023)
T12F2D6C0 015:784.135   failed
T12F2D6C0 015:784.145 - 0.364ms returns 0 (0x0)
T12F2D6C0 015:784.151 JLINK_ReadMemU8(0x00000024, 0x1 Items)
T12F2D6C0 015:784.158   CPU_ReadMem(1 bytes @ 0x00000024)
T12F2D6C0 015:784.508   failed
T12F2D6C0 015:784.519 - 0.368ms returns 0 (0x0)
T12F2D6C0 015:784.526 JLINK_ReadMemU8(0x00000025, 0x1 Items)
T12F2D6C0 015:784.533   CPU_ReadMem(1 bytes @ 0x00000025)
T12F2D6C0 015:784.894   failed
T12F2D6C0 015:784.903 - 0.377ms returns 0 (0x0)
T12F2D6C0 015:784.909 JLINK_ReadMemU8(0x00000026, 0x1 Items)
T12F2D6C0 015:784.916   CPU_ReadMem(1 bytes @ 0x00000026)
T12F2D6C0 015:785.260   failed
T12F2D6C0 015:785.274 - 0.365ms returns 0 (0x0)
T12F2D6C0 015:785.282 JLINK_ReadMemU8(0x00000027, 0x1 Items)
T12F2D6C0 015:785.289   CPU_ReadMem(1 bytes @ 0x00000027)
T12F2D6C0 015:785.636   failed
T12F2D6C0 015:785.645 - 0.363ms returns 0 (0x0)
T12F2D6C0 015:785.652 JLINK_ReadMemU8(0x00000028, 0x1 Items)
T12F2D6C0 015:785.658   CPU_ReadMem(1 bytes @ 0x00000028)
T12F2D6C0 015:786.023   failed
T12F2D6C0 015:786.036 - 0.383ms returns 0 (0x0)
T12F2D6C0 015:786.044 JLINK_ReadMemU8(0x00000029, 0x1 Items)
T12F2D6C0 015:786.054   CPU_ReadMem(1 bytes @ 0x00000029)
T12F2D6C0 015:786.388   failed
T12F2D6C0 015:786.401 - 0.357ms returns 0 (0x0)
T12F2D6C0 015:786.411 JLINK_ReadMemU8(0x0000002A, 0x1 Items)
T12F2D6C0 015:786.420   CPU_ReadMem(1 bytes @ 0x0000002A)
T12F2D6C0 015:786.761   failed
T12F2D6C0 015:786.773 - 0.362ms returns 0 (0x0)
T12F2D6C0 015:786.782 JLINK_ReadMemU8(0x0000002B, 0x1 Items)
T12F2D6C0 015:786.790   CPU_ReadMem(1 bytes @ 0x0000002B)
T12F2D6C0 015:787.134   failed
T12F2D6C0 015:787.145 - 0.363ms returns 0 (0x0)
T12F2D6C0 015:787.152 JLINK_ReadMemU8(0x0000002C, 0x1 Items)
T12F2D6C0 015:787.160   CPU_ReadMem(1 bytes @ 0x0000002C)
T12F2D6C0 015:787.510   failed
T12F2D6C0 015:787.521 - 0.369ms returns 0 (0x0)
T12F2D6C0 015:787.527 JLINK_ReadMemU8(0x0000002D, 0x1 Items)
T12F2D6C0 015:787.535   CPU_ReadMem(1 bytes @ 0x0000002D)
T12F2D6C0 015:787.894   failed
T12F2D6C0 015:787.904 - 0.376ms returns 0 (0x0)
T12F2D6C0 015:787.910 JLINK_ReadMemU8(0x0000002E, 0x1 Items)
T12F2D6C0 015:787.917   CPU_ReadMem(1 bytes @ 0x0000002E)
T12F2D6C0 015:788.260   failed
T12F2D6C0 015:788.276 - 0.366ms returns 0 (0x0)
T12F2D6C0 015:788.283 JLINK_ReadMemU8(0x0000002F, 0x1 Items)
T12F2D6C0 015:788.291   CPU_ReadMem(1 bytes @ 0x0000002F)
T12F2D6C0 015:788.634   failed
T12F2D6C0 015:788.645 - 0.363ms returns 0 (0x0)
T12F2D6C0 015:788.651 JLINK_ReadMemEx(0x00000030, 0x10 Bytes, Flags = 0x00000000)
T12F2D6C0 015:788.658   CPU_ReadMem(16 bytes @ 0x00000030)
T12F2D6C0 015:789.023   failed
T12F2D6C0 015:789.035 - 0.384ms returns 0 (0x0)
T12F2D6C0 015:789.043 JLINK_ReadMemU8(0x00000030, 0x1 Items)
T12F2D6C0 015:789.054   CPU_ReadMem(1 bytes @ 0x00000030)
T12F2D6C0 015:789.386   failed
T12F2D6C0 015:789.400 - 0.357ms returns 0 (0x0)
T12F2D6C0 015:789.409 JLINK_ReadMemU8(0x00000031, 0x1 Items)
T12F2D6C0 015:789.417   CPU_ReadMem(1 bytes @ 0x00000031)
T12F2D6C0 015:789.759   failed
T12F2D6C0 015:789.771 - 0.363ms returns 0 (0x0)
T12F2D6C0 015:789.779 JLINK_ReadMemU8(0x00000032, 0x1 Items)
T12F2D6C0 015:789.787   CPU_ReadMem(1 bytes @ 0x00000032)
T12F2D6C0 015:790.134   failed
T12F2D6C0 015:790.143 - 0.364ms returns 0 (0x0)
T12F2D6C0 015:790.150 JLINK_ReadMemU8(0x00000033, 0x1 Items)
T12F2D6C0 015:790.157   CPU_ReadMem(1 bytes @ 0x00000033)
T12F2D6C0 015:790.512   failed
T12F2D6C0 015:790.522 - 0.372ms returns 0 (0x0)
T12F2D6C0 015:790.530 JLINK_ReadMemU8(0x00000034, 0x1 Items)
T12F2D6C0 015:790.536   CPU_ReadMem(1 bytes @ 0x00000034)
T12F2D6C0 015:790.894   failed
T12F2D6C0 015:790.903 - 0.374ms returns 0 (0x0)
T12F2D6C0 015:790.912 JLINK_ReadMemU8(0x00000035, 0x1 Items)
T12F2D6C0 015:790.919   CPU_ReadMem(1 bytes @ 0x00000035)
T12F2D6C0 015:791.257   failed
T12F2D6C0 015:791.273 - 0.361ms returns 0 (0x0)
T12F2D6C0 015:791.280 JLINK_ReadMemU8(0x00000036, 0x1 Items)
T12F2D6C0 015:791.287   CPU_ReadMem(1 bytes @ 0x00000036)
T12F2D6C0 015:791.634   failed
T12F2D6C0 015:791.643 - 0.363ms returns 0 (0x0)
T12F2D6C0 015:791.650 JLINK_ReadMemU8(0x00000037, 0x1 Items)
T12F2D6C0 015:791.656   CPU_ReadMem(1 bytes @ 0x00000037)
T12F2D6C0 015:792.023   failed
T12F2D6C0 015:792.035 - 0.384ms returns 0 (0x0)
T12F2D6C0 015:792.044 JLINK_ReadMemU8(0x00000038, 0x1 Items)
T12F2D6C0 015:792.052   CPU_ReadMem(1 bytes @ 0x00000038)
T12F2D6C0 015:792.387   failed
T12F2D6C0 015:792.401 - 0.358ms returns 0 (0x0)
T12F2D6C0 015:792.411 JLINK_ReadMemU8(0x00000039, 0x1 Items)
T12F2D6C0 015:792.420   CPU_ReadMem(1 bytes @ 0x00000039)
T12F2D6C0 015:792.759   failed
T12F2D6C0 015:792.771 - 0.360ms returns 0 (0x0)
T12F2D6C0 015:792.780 JLINK_ReadMemU8(0x0000003A, 0x1 Items)
T12F2D6C0 015:792.791   CPU_ReadMem(1 bytes @ 0x0000003A)
T12F2D6C0 015:793.135   failed
T12F2D6C0 015:793.144 - 0.364ms returns 0 (0x0)
T12F2D6C0 015:793.151 JLINK_ReadMemU8(0x0000003B, 0x1 Items)
T12F2D6C0 015:793.158   CPU_ReadMem(1 bytes @ 0x0000003B)
T12F2D6C0 015:793.507   failed
T12F2D6C0 015:793.517 - 0.366ms returns 0 (0x0)
T12F2D6C0 015:793.525 JLINK_ReadMemU8(0x0000003C, 0x1 Items)
T12F2D6C0 015:793.532   CPU_ReadMem(1 bytes @ 0x0000003C)
T12F2D6C0 015:793.891   failed
T12F2D6C0 015:793.903 - 0.378ms returns 0 (0x0)
T12F2D6C0 015:793.912 JLINK_ReadMemU8(0x0000003D, 0x1 Items)
T12F2D6C0 015:793.921   CPU_ReadMem(1 bytes @ 0x0000003D)
T12F2D6C0 015:794.256   failed
T12F2D6C0 015:794.273 - 0.361ms returns 0 (0x0)
T12F2D6C0 015:794.282 JLINK_ReadMemU8(0x0000003E, 0x1 Items)
T12F2D6C0 015:794.291   CPU_ReadMem(1 bytes @ 0x0000003E)
T12F2D6C0 015:794.632   failed
T12F2D6C0 015:794.642 - 0.360ms returns 0 (0x0)
T12F2D6C0 015:794.651 JLINK_ReadMemU8(0x0000003F, 0x1 Items)
T12F2D6C0 015:794.658   CPU_ReadMem(1 bytes @ 0x0000003F)
T12F2D6C0 015:795.021   failed
T12F2D6C0 015:795.032 - 0.381ms returns 0 (0x0)
T12F2D6C0 015:795.040 JLINK_ReadMemEx(0x00000040, 0x10 Bytes, Flags = 0x00000000)
T12F2D6C0 015:795.048   CPU_ReadMem(16 bytes @ 0x00000040)
T12F2D6C0 015:795.386   failed
T12F2D6C0 015:795.396 - 0.356ms returns 0 (0x0)
T12F2D6C0 015:795.403 JLINK_ReadMemU8(0x00000040, 0x1 Items)
T12F2D6C0 015:795.410   CPU_ReadMem(1 bytes @ 0x00000040)
T12F2D6C0 015:795.757   failed
T12F2D6C0 015:795.766 - 0.363ms returns 0 (0x0)
T12F2D6C0 015:795.773 JLINK_ReadMemU8(0x00000041, 0x1 Items)
T12F2D6C0 015:795.779   CPU_ReadMem(1 bytes @ 0x00000041)
T12F2D6C0 015:796.131   failed
T12F2D6C0 015:796.142 - 0.369ms returns 0 (0x0)
T12F2D6C0 015:796.150 JLINK_ReadMemU8(0x00000042, 0x1 Items)
T12F2D6C0 015:796.158   CPU_ReadMem(1 bytes @ 0x00000042)
T12F2D6C0 015:796.509   failed
T12F2D6C0 015:796.520 - 0.371ms returns 0 (0x0)
T12F2D6C0 015:796.526 JLINK_ReadMemU8(0x00000043, 0x1 Items)
T12F2D6C0 015:796.533   CPU_ReadMem(1 bytes @ 0x00000043)
T12F2D6C0 015:796.890   failed
T12F2D6C0 015:796.899 - 0.373ms returns 0 (0x0)
T12F2D6C0 015:796.906 JLINK_ReadMemU8(0x00000044, 0x1 Items)
T12F2D6C0 015:796.913   CPU_ReadMem(1 bytes @ 0x00000044)
T12F2D6C0 015:797.258   failed
T12F2D6C0 015:797.274 - 0.368ms returns 0 (0x0)
T12F2D6C0 015:797.281 JLINK_ReadMemU8(0x00000045, 0x1 Items)
T12F2D6C0 015:797.288   CPU_ReadMem(1 bytes @ 0x00000045)
T12F2D6C0 015:797.634   failed
T12F2D6C0 015:797.643 - 0.362ms returns 0 (0x0)
T12F2D6C0 015:797.651 JLINK_ReadMemU8(0x00000046, 0x1 Items)
T12F2D6C0 015:797.658   CPU_ReadMem(1 bytes @ 0x00000046)
T12F2D6C0 015:798.022   failed
T12F2D6C0 015:798.033 - 0.382ms returns 0 (0x0)
T12F2D6C0 015:798.043 JLINK_ReadMemU8(0x00000047, 0x1 Items)
T12F2D6C0 015:798.052   CPU_ReadMem(1 bytes @ 0x00000047)
T12F2D6C0 015:798.385   failed
T12F2D6C0 015:798.400 - 0.357ms returns 0 (0x0)
T12F2D6C0 015:798.410 JLINK_ReadMemU8(0x00000048, 0x1 Items)
T12F2D6C0 015:798.419   CPU_ReadMem(1 bytes @ 0x00000048)
T12F2D6C0 015:798.760   failed
T12F2D6C0 015:798.771 - 0.362ms returns 0 (0x0)
T12F2D6C0 015:798.780 JLINK_ReadMemU8(0x00000049, 0x1 Items)
T12F2D6C0 015:798.789   CPU_ReadMem(1 bytes @ 0x00000049)
T12F2D6C0 015:799.134   failed
T12F2D6C0 015:799.144 - 0.364ms returns 0 (0x0)
T12F2D6C0 015:799.152 JLINK_ReadMemU8(0x0000004A, 0x1 Items)
T12F2D6C0 015:799.161   CPU_ReadMem(1 bytes @ 0x0000004A)
T12F2D6C0 015:799.509   failed
T12F2D6C0 015:799.521 - 0.369ms returns 0 (0x0)
T12F2D6C0 015:799.527 JLINK_ReadMemU8(0x0000004B, 0x1 Items)
T12F2D6C0 015:799.535   CPU_ReadMem(1 bytes @ 0x0000004B)
T12F2D6C0 015:799.892   failed
T12F2D6C0 015:799.903 - 0.376ms returns 0 (0x0)
T12F2D6C0 015:799.911 JLINK_ReadMemU8(0x0000004C, 0x1 Items)
T12F2D6C0 015:799.919   CPU_ReadMem(1 bytes @ 0x0000004C)
T12F2D6C0 015:800.257   failed
T12F2D6C0 015:800.270 - 0.359ms returns 0 (0x0)
T12F2D6C0 015:800.278 JLINK_ReadMemU8(0x0000004D, 0x1 Items)
T12F2D6C0 015:800.284   CPU_ReadMem(1 bytes @ 0x0000004D)
T12F2D6C0 015:800.636   failed
T12F2D6C0 015:800.647 - 0.370ms returns 0 (0x0)
T12F2D6C0 015:800.655 JLINK_ReadMemU8(0x0000004E, 0x1 Items)
T12F2D6C0 015:800.663   CPU_ReadMem(1 bytes @ 0x0000004E)
T12F2D6C0 015:801.023   failed
T12F2D6C0 015:801.041 - 0.385ms returns 0 (0x0)
T12F2D6C0 015:801.053 JLINK_ReadMemU8(0x0000004F, 0x1 Items)
T12F2D6C0 015:801.067   CPU_ReadMem(1 bytes @ 0x0000004F)
T12F2D6C0 015:801.390   failed
T12F2D6C0 015:801.410 - 0.357ms returns 0 (0x0)
T12F2D6C0 015:801.424 JLINK_ReadMemEx(0x00000050, 0x10 Bytes, Flags = 0x00000000)
T12F2D6C0 015:801.437   CPU_ReadMem(16 bytes @ 0x00000050)
T12F2D6C0 015:801.763   failed
T12F2D6C0 015:801.779 - 0.356ms returns 0 (0x0)
T12F2D6C0 015:801.793 JLINK_ReadMemU8(0x00000050, 0x1 Items)
T12F2D6C0 015:801.805   CPU_ReadMem(1 bytes @ 0x00000050)
T12F2D6C0 015:805.274   failed
T12F2D6C0 015:805.290 - 3.498ms returns 0 (0x0)
T12F2D6C0 015:805.301 JLINK_ReadMemU8(0x00000051, 0x1 Items)
T12F2D6C0 015:805.311   CPU_ReadMem(1 bytes @ 0x00000051)
T12F2D6C0 015:805.619   failed
T12F2D6C0 015:805.633 - 0.332ms returns 0 (0x0)
T12F2D6C0 015:805.644 JLINK_ReadMemU8(0x00000052, 0x1 Items)
T12F2D6C0 015:805.654   CPU_ReadMem(1 bytes @ 0x00000052)
T12F2D6C0 015:806.027   failed
T12F2D6C0 015:806.038 - 0.394ms returns 0 (0x0)
T12F2D6C0 015:806.045 JLINK_ReadMemU8(0x00000053, 0x1 Items)
T12F2D6C0 015:806.053   CPU_ReadMem(1 bytes @ 0x00000053)
T12F2D6C0 015:806.383   failed
T12F2D6C0 015:806.394 - 0.349ms returns 0 (0x0)
T12F2D6C0 015:806.402 JLINK_ReadMemU8(0x00000054, 0x1 Items)
T12F2D6C0 015:806.409   CPU_ReadMem(1 bytes @ 0x00000054)
T12F2D6C0 015:806.759   failed
T12F2D6C0 015:806.769 - 0.368ms returns 0 (0x0)
T12F2D6C0 015:806.776 JLINK_ReadMemU8(0x00000055, 0x1 Items)
T12F2D6C0 015:806.784   CPU_ReadMem(1 bytes @ 0x00000055)
T12F2D6C0 015:807.134   failed
T12F2D6C0 015:807.144 - 0.368ms returns 0 (0x0)
T12F2D6C0 015:807.151 JLINK_ReadMemU8(0x00000056, 0x1 Items)
T12F2D6C0 015:807.158   CPU_ReadMem(1 bytes @ 0x00000056)
T12F2D6C0 015:807.509   failed
T12F2D6C0 015:807.520 - 0.369ms returns 0 (0x0)
T12F2D6C0 015:807.528 JLINK_ReadMemU8(0x00000057, 0x1 Items)
T12F2D6C0 015:807.535   CPU_ReadMem(1 bytes @ 0x00000057)
T12F2D6C0 015:807.898   failed
T12F2D6C0 015:807.907 - 0.379ms returns 0 (0x0)
T12F2D6C0 015:807.915 JLINK_ReadMemU8(0x00000058, 0x1 Items)
T12F2D6C0 015:807.921   CPU_ReadMem(1 bytes @ 0x00000058)
T12F2D6C0 015:808.260   failed
T12F2D6C0 015:808.277 - 0.363ms returns 0 (0x0)
T12F2D6C0 015:808.285 JLINK_ReadMemU8(0x00000059, 0x1 Items)
T12F2D6C0 015:808.293   CPU_ReadMem(1 bytes @ 0x00000059)
T12F2D6C0 015:808.636   failed
T12F2D6C0 015:808.645 - 0.360ms returns 0 (0x0)
T12F2D6C0 015:808.652 JLINK_ReadMemU8(0x0000005A, 0x1 Items)
T12F2D6C0 015:808.658   CPU_ReadMem(1 bytes @ 0x0000005A)
T12F2D6C0 015:809.025   failed
T12F2D6C0 015:809.036 - 0.384ms returns 0 (0x0)
T12F2D6C0 015:809.045 JLINK_ReadMemU8(0x0000005B, 0x1 Items)
T12F2D6C0 015:809.055   CPU_ReadMem(1 bytes @ 0x0000005B)
T12F2D6C0 015:809.385   failed
T12F2D6C0 015:809.399 - 0.354ms returns 0 (0x0)
T12F2D6C0 015:809.408 JLINK_ReadMemU8(0x0000005C, 0x1 Items)
T12F2D6C0 015:809.418   CPU_ReadMem(1 bytes @ 0x0000005C)
T12F2D6C0 015:809.760   failed
T12F2D6C0 015:809.773 - 0.365ms returns 0 (0x0)
T12F2D6C0 015:809.782 JLINK_ReadMemU8(0x0000005D, 0x1 Items)
T12F2D6C0 015:809.791   CPU_ReadMem(1 bytes @ 0x0000005D)
T12F2D6C0 015:810.134   failed
T12F2D6C0 015:810.144 - 0.362ms returns 0 (0x0)
T12F2D6C0 015:810.151 JLINK_ReadMemU8(0x0000005E, 0x1 Items)
T12F2D6C0 015:810.158   CPU_ReadMem(1 bytes @ 0x0000005E)
T12F2D6C0 015:810.507   failed
T12F2D6C0 015:810.519 - 0.367ms returns 0 (0x0)
T12F2D6C0 015:810.525 JLINK_ReadMemU8(0x0000005F, 0x1 Items)
T12F2D6C0 015:810.532   CPU_ReadMem(1 bytes @ 0x0000005F)
T12F2D6C0 015:810.896   failed
T12F2D6C0 015:810.907 - 0.382ms returns 0 (0x0)
T12F2D6C0 015:810.915 JLINK_ReadMemEx(0x00000060, 0x10 Bytes, Flags = 0x00000000)
T12F2D6C0 015:810.924   CPU_ReadMem(16 bytes @ 0x00000060)
T12F2D6C0 015:811.260   failed
T12F2D6C0 015:811.274 - 0.359ms returns 0 (0x0)
T12F2D6C0 015:811.284 JLINK_ReadMemU8(0x00000060, 0x1 Items)
T12F2D6C0 015:811.291   CPU_ReadMem(1 bytes @ 0x00000060)
T12F2D6C0 015:811.635   failed
T12F2D6C0 015:811.644 - 0.361ms returns 0 (0x0)
T12F2D6C0 015:811.651 JLINK_ReadMemU8(0x00000061, 0x1 Items)
T12F2D6C0 015:811.658   CPU_ReadMem(1 bytes @ 0x00000061)
T12F2D6C0 015:812.021   failed
T12F2D6C0 015:812.033 - 0.382ms returns 0 (0x0)
T12F2D6C0 015:812.042 JLINK_ReadMemU8(0x00000062, 0x1 Items)
T12F2D6C0 015:812.050   CPU_ReadMem(1 bytes @ 0x00000062)
T12F2D6C0 015:812.384   failed
T12F2D6C0 015:812.398 - 0.356ms returns 0 (0x0)
T12F2D6C0 015:812.408 JLINK_ReadMemU8(0x00000063, 0x1 Items)
T12F2D6C0 015:812.416   CPU_ReadMem(1 bytes @ 0x00000063)
T12F2D6C0 015:812.760   failed
T12F2D6C0 015:812.772 - 0.365ms returns 0 (0x0)
T12F2D6C0 015:812.782 JLINK_ReadMemU8(0x00000064, 0x1 Items)
T12F2D6C0 015:812.793   CPU_ReadMem(1 bytes @ 0x00000064)
T12F2D6C0 015:813.132   failed
T12F2D6C0 015:813.141 - 0.359ms returns 0 (0x0)
T12F2D6C0 015:813.148 JLINK_ReadMemU8(0x00000065, 0x1 Items)
T12F2D6C0 015:813.154   CPU_ReadMem(1 bytes @ 0x00000065)
T12F2D6C0 015:813.509   failed
T12F2D6C0 015:813.525 - 0.377ms returns 0 (0x0)
T12F2D6C0 015:813.532 JLINK_ReadMemU8(0x00000066, 0x1 Items)
T12F2D6C0 015:813.539   CPU_ReadMem(1 bytes @ 0x00000066)
T12F2D6C0 015:813.895   failed
T12F2D6C0 015:813.904 - 0.372ms returns 0 (0x0)
T12F2D6C0 015:813.911 JLINK_ReadMemU8(0x00000067, 0x1 Items)
T12F2D6C0 015:813.917   CPU_ReadMem(1 bytes @ 0x00000067)
T12F2D6C0 015:814.257   failed
T12F2D6C0 015:814.272 - 0.361ms returns 0 (0x0)
T12F2D6C0 015:814.281 JLINK_ReadMemU8(0x00000068, 0x1 Items)
T12F2D6C0 015:814.287   CPU_ReadMem(1 bytes @ 0x00000068)
T12F2D6C0 015:814.632   failed
T12F2D6C0 015:814.643 - 0.362ms returns 0 (0x0)
T12F2D6C0 015:814.650 JLINK_ReadMemU8(0x00000069, 0x1 Items)
T12F2D6C0 015:814.656   CPU_ReadMem(1 bytes @ 0x00000069)
T12F2D6C0 015:815.023   failed
T12F2D6C0 015:815.035 - 0.385ms returns 0 (0x0)
T12F2D6C0 015:815.044 JLINK_ReadMemU8(0x0000006A, 0x1 Items)
T12F2D6C0 015:815.054   CPU_ReadMem(1 bytes @ 0x0000006A)
T12F2D6C0 015:815.385   failed
T12F2D6C0 015:815.400 - 0.356ms returns 0 (0x0)
T12F2D6C0 015:815.409 JLINK_ReadMemU8(0x0000006B, 0x1 Items)
T12F2D6C0 015:815.419   CPU_ReadMem(1 bytes @ 0x0000006B)
T12F2D6C0 015:815.759   failed
T12F2D6C0 015:815.771 - 0.362ms returns 0 (0x0)
T12F2D6C0 015:815.780 JLINK_ReadMemU8(0x0000006C, 0x1 Items)
T12F2D6C0 015:815.789   CPU_ReadMem(1 bytes @ 0x0000006C)
T12F2D6C0 015:816.131   failed
T12F2D6C0 015:816.140 - 0.360ms returns 0 (0x0)
T12F2D6C0 015:816.147 JLINK_ReadMemU8(0x0000006D, 0x1 Items)
T12F2D6C0 015:816.154   CPU_ReadMem(1 bytes @ 0x0000006D)
T12F2D6C0 015:816.509   failed
T12F2D6C0 015:816.519 - 0.372ms returns 0 (0x0)
T12F2D6C0 015:816.527 JLINK_ReadMemU8(0x0000006E, 0x1 Items)
T12F2D6C0 015:816.534   CPU_ReadMem(1 bytes @ 0x0000006E)
T12F2D6C0 015:816.896   failed
T12F2D6C0 015:816.905 - 0.378ms returns 0 (0x0)
T12F2D6C0 015:816.913 JLINK_ReadMemU8(0x0000006F, 0x1 Items)
T12F2D6C0 015:816.922   CPU_ReadMem(1 bytes @ 0x0000006F)
T12F2D6C0 015:817.257   failed
T12F2D6C0 015:817.272 - 0.359ms returns 0 (0x0)
T12F2D6C0 015:817.280 JLINK_ReadMemEx(0x00000070, 0x10 Bytes, Flags = 0x00000000)
T12F2D6C0 015:817.289   CPU_ReadMem(16 bytes @ 0x00000070)
T12F2D6C0 015:817.632   failed
T12F2D6C0 015:817.641 - 0.361ms returns 0 (0x0)
T12F2D6C0 015:817.648 JLINK_ReadMemU8(0x00000070, 0x1 Items)
T12F2D6C0 015:817.655   CPU_ReadMem(1 bytes @ 0x00000070)
T12F2D6C0 015:818.022   failed
T12F2D6C0 015:818.034 - 0.386ms returns 0 (0x0)
T12F2D6C0 015:818.045 JLINK_ReadMemU8(0x00000071, 0x1 Items)
T12F2D6C0 015:818.054   CPU_ReadMem(1 bytes @ 0x00000071)
T12F2D6C0 015:818.383   failed
T12F2D6C0 015:818.397 - 0.352ms returns 0 (0x0)
T12F2D6C0 015:818.406 JLINK_ReadMemU8(0x00000072, 0x1 Items)
T12F2D6C0 015:818.416   CPU_ReadMem(1 bytes @ 0x00000072)
T12F2D6C0 015:818.757   failed
T12F2D6C0 015:818.769 - 0.363ms returns 0 (0x0)
T12F2D6C0 015:818.778 JLINK_ReadMemU8(0x00000073, 0x1 Items)
T12F2D6C0 015:818.786   CPU_ReadMem(1 bytes @ 0x00000073)
T12F2D6C0 015:819.133   failed
T12F2D6C0 015:819.142 - 0.364ms returns 0 (0x0)
T12F2D6C0 015:819.149 JLINK_ReadMemU8(0x00000074, 0x1 Items)
T12F2D6C0 015:819.156   CPU_ReadMem(1 bytes @ 0x00000074)
T12F2D6C0 015:819.509   failed
T12F2D6C0 015:819.519 - 0.370ms returns 0 (0x0)
T12F2D6C0 015:819.526 JLINK_ReadMemU8(0x00000075, 0x1 Items)
T12F2D6C0 015:819.532   CPU_ReadMem(1 bytes @ 0x00000075)
T12F2D6C0 015:819.896   failed
T12F2D6C0 015:819.905 - 0.379ms returns 0 (0x0)
T12F2D6C0 015:819.912 JLINK_ReadMemU8(0x00000076, 0x1 Items)
T12F2D6C0 015:819.918   CPU_ReadMem(1 bytes @ 0x00000076)
T12F2D6C0 015:820.258   failed
T12F2D6C0 015:820.273 - 0.361ms returns 0 (0x0)
T12F2D6C0 015:820.282 JLINK_ReadMemU8(0x00000077, 0x1 Items)
T12F2D6C0 015:820.288   CPU_ReadMem(1 bytes @ 0x00000077)
T12F2D6C0 015:820.632   failed
T12F2D6C0 015:820.641 - 0.360ms returns 0 (0x0)
T12F2D6C0 015:820.648 JLINK_ReadMemU8(0x00000078, 0x1 Items)
T12F2D6C0 015:820.655   CPU_ReadMem(1 bytes @ 0x00000078)
T12F2D6C0 015:821.021   failed
T12F2D6C0 015:821.033 - 0.385ms returns 0 (0x0)
T12F2D6C0 015:821.047 JLINK_ReadMemU8(0x00000079, 0x1 Items)
T12F2D6C0 015:821.055   CPU_ReadMem(1 bytes @ 0x00000079)
T12F2D6C0 015:821.383   failed
T12F2D6C0 015:821.398 - 0.352ms returns 0 (0x0)
T12F2D6C0 015:821.407 JLINK_ReadMemU8(0x0000007A, 0x1 Items)
T12F2D6C0 015:821.416   CPU_ReadMem(1 bytes @ 0x0000007A)
T12F2D6C0 015:821.759   failed
T12F2D6C0 015:821.771 - 0.364ms returns 0 (0x0)
T12F2D6C0 015:821.780 JLINK_ReadMemU8(0x0000007B, 0x1 Items)
T12F2D6C0 015:821.788   CPU_ReadMem(1 bytes @ 0x0000007B)
T12F2D6C0 015:822.131   failed
T12F2D6C0 015:822.140 - 0.360ms returns 0 (0x0)
T12F2D6C0 015:822.147 JLINK_ReadMemU8(0x0000007C, 0x1 Items)
T12F2D6C0 015:822.154   CPU_ReadMem(1 bytes @ 0x0000007C)
T12F2D6C0 015:822.507   failed
T12F2D6C0 015:822.518 - 0.371ms returns 0 (0x0)
T12F2D6C0 015:822.525 JLINK_ReadMemU8(0x0000007D, 0x1 Items)
T12F2D6C0 015:822.531   CPU_ReadMem(1 bytes @ 0x0000007D)
T12F2D6C0 015:822.896   failed
T12F2D6C0 015:822.905 - 0.381ms returns 0 (0x0)
T12F2D6C0 015:822.913 JLINK_ReadMemU8(0x0000007E, 0x1 Items)
T12F2D6C0 015:822.921   CPU_ReadMem(1 bytes @ 0x0000007E)
T12F2D6C0 015:823.257   failed
T12F2D6C0 015:823.270 - 0.357ms returns 0 (0x0)
T12F2D6C0 015:823.279 JLINK_ReadMemU8(0x0000007F, 0x1 Items)
T12F2D6C0 015:823.286   CPU_ReadMem(1 bytes @ 0x0000007F)
T12F2D6C0 015:823.640   failed
T12F2D6C0 015:823.670 - 0.390ms returns 0 (0x0)
T12F2D6C0 015:823.687 JLINK_ReadMemEx(0x00000080, 0x10 Bytes, Flags = 0x00000000)
T12F2D6C0 015:823.702   CPU_ReadMem(16 bytes @ 0x00000080)
T12F2D6C0 015:824.023   failed
T12F2D6C0 015:824.037 - 0.350ms returns 0 (0x0)
T12F2D6C0 015:824.047 JLINK_ReadMemU8(0x00000080, 0x1 Items)
T12F2D6C0 015:824.059   CPU_ReadMem(1 bytes @ 0x00000080)
T12F2D6C0 015:824.384   failed
T12F2D6C0 015:824.405 - 0.358ms returns 0 (0x0)
T12F2D6C0 015:824.415 JLINK_ReadMemU8(0x00000081, 0x1 Items)
T12F2D6C0 015:824.425   CPU_ReadMem(1 bytes @ 0x00000081)
T12F2D6C0 015:824.757   failed
T12F2D6C0 015:824.771 - 0.356ms returns 0 (0x0)
T12F2D6C0 015:824.782 JLINK_ReadMemU8(0x00000082, 0x1 Items)
T12F2D6C0 015:824.792   CPU_ReadMem(1 bytes @ 0x00000082)
T12F2D6C0 015:825.131   failed
T12F2D6C0 015:825.142 - 0.360ms returns 0 (0x0)
T12F2D6C0 015:825.150 JLINK_ReadMemU8(0x00000083, 0x1 Items)
T12F2D6C0 015:825.159   CPU_ReadMem(1 bytes @ 0x00000083)
T12F2D6C0 015:825.505   failed
T12F2D6C0 015:825.519 - 0.368ms returns 0 (0x0)
T12F2D6C0 015:825.526 JLINK_ReadMemU8(0x00000084, 0x1 Items)
T12F2D6C0 015:825.533   CPU_ReadMem(1 bytes @ 0x00000084)
T12F2D6C0 015:825.898   failed
T12F2D6C0 015:825.907 - 0.381ms returns 0 (0x0)
T12F2D6C0 015:825.915 JLINK_ReadMemU8(0x00000085, 0x1 Items)
T12F2D6C0 015:825.922   CPU_ReadMem(1 bytes @ 0x00000085)
T12F2D6C0 015:826.257   failed
T12F2D6C0 015:826.273 - 0.358ms returns 0 (0x0)
T12F2D6C0 015:826.282 JLINK_ReadMemU8(0x00000086, 0x1 Items)
T12F2D6C0 015:826.291   CPU_ReadMem(1 bytes @ 0x00000086)
T12F2D6C0 015:826.631   failed
T12F2D6C0 015:826.641 - 0.359ms returns 0 (0x0)
T12F2D6C0 015:826.649 JLINK_ReadMemU8(0x00000087, 0x1 Items)
T12F2D6C0 015:826.656   CPU_ReadMem(1 bytes @ 0x00000087)
T12F2D6C0 015:827.018   failed
T12F2D6C0 015:827.033 - 0.383ms returns 0 (0x0)
T12F2D6C0 015:827.043 JLINK_ReadMemU8(0x00000088, 0x1 Items)
T12F2D6C0 015:827.052   CPU_ReadMem(1 bytes @ 0x00000088)
T12F2D6C0 015:827.384   failed
T12F2D6C0 015:827.401 - 0.358ms returns 0 (0x0)
T12F2D6C0 015:827.411 JLINK_ReadMemU8(0x00000089, 0x1 Items)
T12F2D6C0 015:827.420   CPU_ReadMem(1 bytes @ 0x00000089)
T12F2D6C0 015:827.758   failed
T12F2D6C0 015:827.772 - 0.362ms returns 0 (0x0)
T12F2D6C0 015:827.782 JLINK_ReadMemU8(0x0000008A, 0x1 Items)
T12F2D6C0 015:827.792   CPU_ReadMem(1 bytes @ 0x0000008A)
T12F2D6C0 015:828.130   failed
T12F2D6C0 015:828.140 - 0.358ms returns 0 (0x0)
T12F2D6C0 015:828.149 JLINK_ReadMemU8(0x0000008B, 0x1 Items)
T12F2D6C0 015:828.155   CPU_ReadMem(1 bytes @ 0x0000008B)
T12F2D6C0 015:828.506   failed
T12F2D6C0 015:828.517 - 0.368ms returns 0 (0x0)
T12F2D6C0 015:828.525 JLINK_ReadMemU8(0x0000008C, 0x1 Items)
T12F2D6C0 015:828.539   CPU_ReadMem(1 bytes @ 0x0000008C)
T12F2D6C0 015:828.894   failed
T12F2D6C0 015:828.904 - 0.379ms returns 0 (0x0)
T12F2D6C0 015:828.911 JLINK_ReadMemU8(0x0000008D, 0x1 Items)
T12F2D6C0 015:828.920   CPU_ReadMem(1 bytes @ 0x0000008D)
T12F2D6C0 015:829.258   failed
T12F2D6C0 015:829.275 - 0.364ms returns 0 (0x0)
T12F2D6C0 015:829.285 JLINK_ReadMemU8(0x0000008E, 0x1 Items)
T12F2D6C0 015:829.292   CPU_ReadMem(1 bytes @ 0x0000008E)
T12F2D6C0 015:829.633   failed
T12F2D6C0 015:829.642 - 0.357ms returns 0 (0x0)
T12F2D6C0 015:829.651 JLINK_ReadMemU8(0x0000008F, 0x1 Items)
T12F2D6C0 015:829.658   CPU_ReadMem(1 bytes @ 0x0000008F)
T12F2D6C0 015:830.021   failed
T12F2D6C0 015:830.035 - 0.384ms returns 0 (0x0)
T12F2D6C0 015:830.045 JLINK_ReadMemEx(0x00000090, 0x10 Bytes, Flags = 0x00000000)
T12F2D6C0 015:830.057   CPU_ReadMem(16 bytes @ 0x00000090)
T12F2D6C0 015:830.386   failed
T12F2D6C0 015:830.402 - 0.357ms returns 0 (0x0)
T12F2D6C0 015:830.412 JLINK_ReadMemU8(0x00000090, 0x1 Items)
T12F2D6C0 015:830.423   CPU_ReadMem(1 bytes @ 0x00000090)
T12F2D6C0 015:830.760   failed
T12F2D6C0 015:830.774 - 0.362ms returns 0 (0x0)
T12F2D6C0 015:830.784 JLINK_ReadMemU8(0x00000091, 0x1 Items)
T12F2D6C0 015:830.795   CPU_ReadMem(1 bytes @ 0x00000091)
T12F2D6C0 015:831.133   failed
T12F2D6C0 015:831.142 - 0.358ms returns 0 (0x0)
T12F2D6C0 015:831.150 JLINK_ReadMemU8(0x00000092, 0x1 Items)
T12F2D6C0 015:831.159   CPU_ReadMem(1 bytes @ 0x00000092)
T12F2D6C0 015:831.508   failed
T12F2D6C0 015:831.521 - 0.371ms returns 0 (0x0)
T12F2D6C0 015:831.529 JLINK_ReadMemU8(0x00000093, 0x1 Items)
T12F2D6C0 015:831.535   CPU_ReadMem(1 bytes @ 0x00000093)
T12F2D6C0 015:831.894   failed
T12F2D6C0 015:831.904 - 0.376ms returns 0 (0x0)
T12F2D6C0 015:831.911 JLINK_ReadMemU8(0x00000094, 0x1 Items)
T12F2D6C0 015:831.917   CPU_ReadMem(1 bytes @ 0x00000094)
T12F2D6C0 015:832.258   failed
T12F2D6C0 015:832.274 - 0.363ms returns 0 (0x0)
T12F2D6C0 015:832.283 JLINK_ReadMemU8(0x00000095, 0x1 Items)
T12F2D6C0 015:832.290   CPU_ReadMem(1 bytes @ 0x00000095)
T12F2D6C0 015:832.633   failed
T12F2D6C0 015:832.643 - 0.359ms returns 0 (0x0)
T12F2D6C0 015:832.652 JLINK_ReadMemU8(0x00000096, 0x1 Items)
T12F2D6C0 015:832.660   CPU_ReadMem(1 bytes @ 0x00000096)
T12F2D6C0 015:833.021   failed
T12F2D6C0 015:833.035 - 0.383ms returns 0 (0x0)
T12F2D6C0 015:833.046 JLINK_ReadMemU8(0x00000097, 0x1 Items)
T12F2D6C0 015:833.057   CPU_ReadMem(1 bytes @ 0x00000097)
T12F2D6C0 015:833.384   failed
T12F2D6C0 015:833.400 - 0.355ms returns 0 (0x0)
T12F2D6C0 015:833.410 JLINK_ReadMemU8(0x00000098, 0x1 Items)
T12F2D6C0 015:833.421   CPU_ReadMem(1 bytes @ 0x00000098)
T12F2D6C0 015:833.759   failed
T12F2D6C0 015:833.773 - 0.363ms returns 0 (0x0)
T12F2D6C0 015:833.783 JLINK_ReadMemU8(0x00000099, 0x1 Items)
T12F2D6C0 015:833.793   CPU_ReadMem(1 bytes @ 0x00000099)
T12F2D6C0 015:834.132   failed
T12F2D6C0 015:834.142 - 0.360ms returns 0 (0x0)
T12F2D6C0 015:834.150 JLINK_ReadMemU8(0x0000009A, 0x1 Items)
T12F2D6C0 015:834.157   CPU_ReadMem(1 bytes @ 0x0000009A)
T12F2D6C0 015:834.508   failed
T12F2D6C0 015:834.519 - 0.369ms returns 0 (0x0)
T12F2D6C0 015:834.529 JLINK_ReadMemU8(0x0000009B, 0x1 Items)
T12F2D6C0 015:834.537   CPU_ReadMem(1 bytes @ 0x0000009B)
T12F2D6C0 015:834.894   failed
T12F2D6C0 015:834.904 - 0.375ms returns 0 (0x0)
T12F2D6C0 015:834.912 JLINK_ReadMemU8(0x0000009C, 0x1 Items)
T12F2D6C0 015:834.919   CPU_ReadMem(1 bytes @ 0x0000009C)
T12F2D6C0 015:835.258   failed
T12F2D6C0 015:835.277 - 0.364ms returns 0 (0x0)
T12F2D6C0 015:835.285 JLINK_ReadMemU8(0x0000009D, 0x1 Items)
T12F2D6C0 015:835.294   CPU_ReadMem(1 bytes @ 0x0000009D)
T12F2D6C0 015:835.633   failed
T12F2D6C0 015:835.643 - 0.358ms returns 0 (0x0)
T12F2D6C0 015:835.652 JLINK_ReadMemU8(0x0000009E, 0x1 Items)
T12F2D6C0 015:835.660   CPU_ReadMem(1 bytes @ 0x0000009E)
T12F2D6C0 015:836.024   failed
T12F2D6C0 015:836.038 - 0.387ms returns 0 (0x0)
T12F2D6C0 015:836.048 JLINK_ReadMemU8(0x0000009F, 0x1 Items)
T12F2D6C0 015:836.063   CPU_ReadMem(1 bytes @ 0x0000009F)
T12F2D6C0 015:836.385   failed
T12F2D6C0 015:836.402 - 0.354ms returns 0 (0x0)
T12F2D6C0 015:836.412 JLINK_ReadMemEx(0x000000A0, 0x10 Bytes, Flags = 0x00000000)
T12F2D6C0 015:836.423   CPU_ReadMem(16 bytes @ 0x000000A0)
T12F2D6C0 015:836.761   failed
T12F2D6C0 015:836.775 - 0.363ms returns 0 (0x0)
T12F2D6C0 015:836.787 JLINK_ReadMemU8(0x000000A0, 0x1 Items)
T12F2D6C0 015:836.796   CPU_ReadMem(1 bytes @ 0x000000A0)
T12F2D6C0 015:837.133   failed
T12F2D6C0 015:837.145 - 0.358ms returns 0 (0x0)
T12F2D6C0 015:837.152 JLINK_ReadMemU8(0x000000A1, 0x1 Items)
T12F2D6C0 015:837.161   CPU_ReadMem(1 bytes @ 0x000000A1)
T12F2D6C0 015:837.509   failed
T12F2D6C0 015:837.519 - 0.367ms returns 0 (0x0)
T12F2D6C0 015:837.527 JLINK_ReadMemU8(0x000000A2, 0x1 Items)
T12F2D6C0 015:837.534   CPU_ReadMem(1 bytes @ 0x000000A2)
T12F2D6C0 015:837.894   failed
T12F2D6C0 015:837.903 - 0.376ms returns 0 (0x0)
T12F2D6C0 015:837.911 JLINK_ReadMemU8(0x000000A3, 0x1 Items)
T12F2D6C0 015:837.918   CPU_ReadMem(1 bytes @ 0x000000A3)
T12F2D6C0 015:838.257   failed
T12F2D6C0 015:838.276 - 0.365ms returns 0 (0x0)
T12F2D6C0 015:838.283 JLINK_ReadMemU8(0x000000A4, 0x1 Items)
T12F2D6C0 015:838.290   CPU_ReadMem(1 bytes @ 0x000000A4)
T12F2D6C0 015:838.633   failed
T12F2D6C0 015:838.642 - 0.359ms returns 0 (0x0)
T12F2D6C0 015:838.650 JLINK_ReadMemU8(0x000000A5, 0x1 Items)
T12F2D6C0 015:838.657   CPU_ReadMem(1 bytes @ 0x000000A5)
T12F2D6C0 015:839.021   failed
T12F2D6C0 015:839.035 - 0.385ms returns 0 (0x0)
T12F2D6C0 015:839.045 JLINK_ReadMemU8(0x000000A6, 0x1 Items)
T12F2D6C0 015:839.056   CPU_ReadMem(1 bytes @ 0x000000A6)
T12F2D6C0 015:839.383   failed
T12F2D6C0 015:839.399 - 0.354ms returns 0 (0x0)
T12F2D6C0 015:839.409 JLINK_ReadMemU8(0x000000A7, 0x1 Items)
T12F2D6C0 015:839.417   CPU_ReadMem(1 bytes @ 0x000000A7)
T12F2D6C0 015:839.759   failed
T12F2D6C0 015:839.772 - 0.363ms returns 0 (0x0)
T12F2D6C0 015:839.784 JLINK_ReadMemU8(0x000000A8, 0x1 Items)
T12F2D6C0 015:839.794   CPU_ReadMem(1 bytes @ 0x000000A8)
T12F2D6C0 015:840.132   failed
T12F2D6C0 015:840.141 - 0.357ms returns 0 (0x0)
T12F2D6C0 015:840.151 JLINK_ReadMemU8(0x000000A9, 0x1 Items)
T12F2D6C0 015:840.158   CPU_ReadMem(1 bytes @ 0x000000A9)
T12F2D6C0 015:840.506   failed
T12F2D6C0 015:840.516 - 0.365ms returns 0 (0x0)
T12F2D6C0 015:840.526 JLINK_ReadMemU8(0x000000AA, 0x1 Items)
T12F2D6C0 015:840.535   CPU_ReadMem(1 bytes @ 0x000000AA)
T12F2D6C0 015:840.895   failed
T12F2D6C0 015:840.904 - 0.378ms returns 0 (0x0)
T12F2D6C0 015:840.912 JLINK_ReadMemU8(0x000000AB, 0x1 Items)
T12F2D6C0 015:840.919   CPU_ReadMem(1 bytes @ 0x000000AB)
T12F2D6C0 015:841.258   failed
T12F2D6C0 015:841.275 - 0.363ms returns 0 (0x0)
T12F2D6C0 015:841.283 JLINK_ReadMemU8(0x000000AC, 0x1 Items)
T12F2D6C0 015:841.292   CPU_ReadMem(1 bytes @ 0x000000AC)
T12F2D6C0 015:841.633   failed
T12F2D6C0 015:841.642 - 0.359ms returns 0 (0x0)
T12F2D6C0 015:841.650 JLINK_ReadMemU8(0x000000AD, 0x1 Items)
T12F2D6C0 015:841.657   CPU_ReadMem(1 bytes @ 0x000000AD)
T12F2D6C0 015:842.020   failed
T12F2D6C0 015:842.033 - 0.383ms returns 0 (0x0)
T12F2D6C0 015:842.043 JLINK_ReadMemU8(0x000000AE, 0x1 Items)
T12F2D6C0 015:842.054   CPU_ReadMem(1 bytes @ 0x000000AE)
T12F2D6C0 015:842.385   failed
T12F2D6C0 015:842.400 - 0.357ms returns 0 (0x0)
T12F2D6C0 015:842.410 JLINK_ReadMemU8(0x000000AF, 0x1 Items)
T12F2D6C0 015:842.422   CPU_ReadMem(1 bytes @ 0x000000AF)
T12F2D6C0 015:842.760   failed
T12F2D6C0 015:842.774 - 0.364ms returns 0 (0x0)
T12F2D6C0 015:842.784 JLINK_ReadMemEx(0x000000B0, 0x10 Bytes, Flags = 0x00000000)
T12F2D6C0 015:842.795   CPU_ReadMem(16 bytes @ 0x000000B0)
T12F2D6C0 015:843.133   failed
T12F2D6C0 015:843.142 - 0.358ms returns 0 (0x0)
T12F2D6C0 015:843.152 JLINK_ReadMemU8(0x000000B0, 0x1 Items)
T12F2D6C0 015:843.160   CPU_ReadMem(1 bytes @ 0x000000B0)
T12F2D6C0 015:843.508   failed
T12F2D6C0 015:843.519 - 0.367ms returns 0 (0x0)
T12F2D6C0 015:843.528 JLINK_ReadMemU8(0x000000B1, 0x1 Items)
T12F2D6C0 015:843.540   CPU_ReadMem(1 bytes @ 0x000000B1)
T12F2D6C0 015:843.894   failed
T12F2D6C0 015:843.903 - 0.375ms returns 0 (0x0)
T12F2D6C0 015:843.911 JLINK_ReadMemU8(0x000000B2, 0x1 Items)
T12F2D6C0 015:843.918   CPU_ReadMem(1 bytes @ 0x000000B2)
T12F2D6C0 015:844.258   failed
T12F2D6C0 015:844.274 - 0.363ms returns 0 (0x0)
T12F2D6C0 015:844.282 JLINK_ReadMemU8(0x000000B3, 0x1 Items)
T12F2D6C0 015:844.289   CPU_ReadMem(1 bytes @ 0x000000B3)
T12F2D6C0 015:844.633   failed
T12F2D6C0 015:844.642 - 0.360ms returns 0 (0x0)
T12F2D6C0 015:844.650 JLINK_ReadMemU8(0x000000B4, 0x1 Items)
T12F2D6C0 015:844.657   CPU_ReadMem(1 bytes @ 0x000000B4)
T12F2D6C0 015:845.022   failed
T12F2D6C0 015:845.034 - 0.384ms returns 0 (0x0)
T12F2D6C0 015:845.044 JLINK_ReadMemU8(0x000000B5, 0x1 Items)
T12F2D6C0 015:845.053   CPU_ReadMem(1 bytes @ 0x000000B5)
T12F2D6C0 015:845.384   failed
T12F2D6C0 015:845.401 - 0.356ms returns 0 (0x0)
T12F2D6C0 015:845.410 JLINK_ReadMemU8(0x000000B6, 0x1 Items)
T12F2D6C0 015:845.421   CPU_ReadMem(1 bytes @ 0x000000B6)
T12F2D6C0 015:845.760   failed
T12F2D6C0 015:845.781 - 0.371ms returns 0 (0x0)
T12F2D6C0 015:845.793 JLINK_ReadMemU8(0x000000B7, 0x1 Items)
T12F2D6C0 015:845.805   CPU_ReadMem(1 bytes @ 0x000000B7)
T12F2D6C0 015:846.132   failed
T12F2D6C0 015:846.147 - 0.354ms returns 0 (0x0)
T12F2D6C0 015:846.156 JLINK_ReadMemU8(0x000000B8, 0x1 Items)
T12F2D6C0 015:846.167   CPU_ReadMem(1 bytes @ 0x000000B8)
T12F2D6C0 015:846.513   failed
T12F2D6C0 015:846.535 - 0.379ms returns 0 (0x0)
T12F2D6C0 015:846.544 JLINK_ReadMemU8(0x000000B9, 0x1 Items)
T12F2D6C0 015:846.552   CPU_ReadMem(1 bytes @ 0x000000B9)
T12F2D6C0 015:846.894   failed
T12F2D6C0 015:846.904 - 0.360ms returns 0 (0x0)
T12F2D6C0 015:846.913 JLINK_ReadMemU8(0x000000BA, 0x1 Items)
T12F2D6C0 015:846.921   CPU_ReadMem(1 bytes @ 0x000000BA)
T12F2D6C0 015:847.257   failed
T12F2D6C0 015:847.277 - 0.364ms returns 0 (0x0)
T12F2D6C0 015:847.284 JLINK_ReadMemU8(0x000000BB, 0x1 Items)
T12F2D6C0 015:847.292   CPU_ReadMem(1 bytes @ 0x000000BB)
T12F2D6C0 015:847.633   failed
T12F2D6C0 015:847.642 - 0.358ms returns 0 (0x0)
T12F2D6C0 015:847.649 JLINK_ReadMemU8(0x000000BC, 0x1 Items)
T12F2D6C0 015:847.655   CPU_ReadMem(1 bytes @ 0x000000BC)
T12F2D6C0 015:848.021   failed
T12F2D6C0 015:848.033 - 0.384ms returns 0 (0x0)
T12F2D6C0 015:848.042 JLINK_ReadMemU8(0x000000BD, 0x1 Items)
T12F2D6C0 015:848.052   CPU_ReadMem(1 bytes @ 0x000000BD)
T12F2D6C0 015:848.383   failed
T12F2D6C0 015:848.396 - 0.354ms returns 0 (0x0)
T12F2D6C0 015:848.405 JLINK_ReadMemU8(0x000000BE, 0x1 Items)
T12F2D6C0 015:848.414   CPU_ReadMem(1 bytes @ 0x000000BE)
T12F2D6C0 015:848.759   failed
T12F2D6C0 015:848.771 - 0.366ms returns 0 (0x0)
T12F2D6C0 015:848.780 JLINK_ReadMemU8(0x000000BF, 0x1 Items)
T12F2D6C0 015:848.790   CPU_ReadMem(1 bytes @ 0x000000BF)
T12F2D6C0 015:849.132   failed
T12F2D6C0 015:849.141 - 0.361ms returns 0 (0x0)
T12F2D6C0 015:849.149 JLINK_ReadMemEx(0x000000C0, 0x10 Bytes, Flags = 0x00000000)
T12F2D6C0 015:849.156   CPU_ReadMem(16 bytes @ 0x000000C0)
T12F2D6C0 015:849.508   failed
T12F2D6C0 015:849.518 - 0.369ms returns 0 (0x0)
T12F2D6C0 015:849.525 JLINK_ReadMemU8(0x000000C0, 0x1 Items)
T12F2D6C0 015:849.532   CPU_ReadMem(1 bytes @ 0x000000C0)
T12F2D6C0 015:849.894   failed
T12F2D6C0 015:849.902 - 0.377ms returns 0 (0x0)
T12F2D6C0 015:849.909 JLINK_ReadMemU8(0x000000C1, 0x1 Items)
T12F2D6C0 015:849.916   CPU_ReadMem(1 bytes @ 0x000000C1)
T12F2D6C0 015:850.258   failed
T12F2D6C0 015:850.274 - 0.365ms returns 0 (0x0)
T12F2D6C0 015:850.281 JLINK_ReadMemU8(0x000000C2, 0x1 Items)
T12F2D6C0 015:850.288   CPU_ReadMem(1 bytes @ 0x000000C2)
T12F2D6C0 015:850.633   failed
T12F2D6C0 015:850.643 - 0.362ms returns 0 (0x0)
T12F2D6C0 015:850.651 JLINK_ReadMemU8(0x000000C3, 0x1 Items)
T12F2D6C0 015:850.659   CPU_ReadMem(1 bytes @ 0x000000C3)
T12F2D6C0 015:851.021   failed
T12F2D6C0 015:851.033 - 0.382ms returns 0 (0x0)
T12F2D6C0 015:851.044 JLINK_ReadMemU8(0x000000C4, 0x1 Items)
T12F2D6C0 015:851.054   CPU_ReadMem(1 bytes @ 0x000000C4)
T12F2D6C0 015:851.382   failed
T12F2D6C0 015:851.398 - 0.354ms returns 0 (0x0)
T12F2D6C0 015:851.407 JLINK_ReadMemU8(0x000000C5, 0x1 Items)
T12F2D6C0 015:851.418   CPU_ReadMem(1 bytes @ 0x000000C5)
T12F2D6C0 015:851.757   failed
T12F2D6C0 015:851.770 - 0.362ms returns 0 (0x0)
T12F2D6C0 015:851.779 JLINK_ReadMemU8(0x000000C6, 0x1 Items)
T12F2D6C0 015:851.787   CPU_ReadMem(1 bytes @ 0x000000C6)
T12F2D6C0 015:852.132   failed
T12F2D6C0 015:852.141 - 0.362ms returns 0 (0x0)
T12F2D6C0 015:852.148 JLINK_ReadMemU8(0x000000C7, 0x1 Items)
T12F2D6C0 015:852.155   CPU_ReadMem(1 bytes @ 0x000000C7)
T12F2D6C0 015:852.507   failed
T12F2D6C0 015:852.518 - 0.370ms returns 0 (0x0)
T12F2D6C0 015:852.524 JLINK_ReadMemU8(0x000000C8, 0x1 Items)
T12F2D6C0 015:852.531   CPU_ReadMem(1 bytes @ 0x000000C8)
T12F2D6C0 015:852.894   failed
T12F2D6C0 015:852.902 - 0.378ms returns 0 (0x0)
T12F2D6C0 015:852.909 JLINK_ReadMemU8(0x000000C9, 0x1 Items)
T12F2D6C0 015:852.916   CPU_ReadMem(1 bytes @ 0x000000C9)
T12F2D6C0 015:853.257   failed
T12F2D6C0 015:853.279 - 0.370ms returns 0 (0x0)
T12F2D6C0 015:853.288 JLINK_ReadMemU8(0x000000CA, 0x1 Items)
T12F2D6C0 015:853.297   CPU_ReadMem(1 bytes @ 0x000000CA)
T12F2D6C0 015:853.633   failed
T12F2D6C0 015:853.642 - 0.354ms returns 0 (0x0)
T12F2D6C0 015:853.650 JLINK_ReadMemU8(0x000000CB, 0x1 Items)
T12F2D6C0 015:853.657   CPU_ReadMem(1 bytes @ 0x000000CB)
T12F2D6C0 015:854.021   failed
T12F2D6C0 015:854.032 - 0.382ms returns 0 (0x0)
T12F2D6C0 015:854.044 JLINK_ReadMemU8(0x000000CC, 0x1 Items)
T12F2D6C0 015:854.052   CPU_ReadMem(1 bytes @ 0x000000CC)
T12F2D6C0 015:854.384   failed
T12F2D6C0 015:854.398 - 0.354ms returns 0 (0x0)
T12F2D6C0 015:854.406 JLINK_ReadMemU8(0x000000CD, 0x1 Items)
T12F2D6C0 015:854.415   CPU_ReadMem(1 bytes @ 0x000000CD)
T12F2D6C0 015:854.759   failed
T12F2D6C0 015:854.770 - 0.364ms returns 0 (0x0)
T12F2D6C0 015:854.782 JLINK_ReadMemU8(0x000000CE, 0x1 Items)
T12F2D6C0 015:854.790   CPU_ReadMem(1 bytes @ 0x000000CE)
T12F2D6C0 015:855.132   failed
T12F2D6C0 015:855.141 - 0.359ms returns 0 (0x0)
T12F2D6C0 015:855.148 JLINK_ReadMemU8(0x000000CF, 0x1 Items)
T12F2D6C0 015:855.155   CPU_ReadMem(1 bytes @ 0x000000CF)
T12F2D6C0 015:855.507   failed
T12F2D6C0 015:855.518 - 0.370ms returns 0 (0x0)
T12F2D6C0 015:855.525 JLINK_ReadMemEx(0x000000D0, 0x10 Bytes, Flags = 0x00000000)
T12F2D6C0 015:855.532   CPU_ReadMem(16 bytes @ 0x000000D0)
T12F2D6C0 015:855.897   failed
T12F2D6C0 015:855.905 - 0.380ms returns 0 (0x0)
T12F2D6C0 015:855.912 JLINK_ReadMemU8(0x000000D0, 0x1 Items)
T12F2D6C0 015:855.919   CPU_ReadMem(1 bytes @ 0x000000D0)
T12F2D6C0 015:856.256   failed
T12F2D6C0 015:856.272 - 0.360ms returns 0 (0x0)
T12F2D6C0 015:856.279 JLINK_ReadMemU8(0x000000D1, 0x1 Items)
T12F2D6C0 015:856.287   CPU_ReadMem(1 bytes @ 0x000000D1)
T12F2D6C0 015:856.633   failed
T12F2D6C0 015:856.642 - 0.363ms returns 0 (0x0)
T12F2D6C0 015:856.649 JLINK_ReadMemU8(0x000000D2, 0x1 Items)
T12F2D6C0 015:856.655   CPU_ReadMem(1 bytes @ 0x000000D2)
T12F2D6C0 015:857.020   failed
T12F2D6C0 015:857.031 - 0.383ms returns 0 (0x0)
T12F2D6C0 015:857.039 JLINK_ReadMemU8(0x000000D3, 0x1 Items)
T12F2D6C0 015:857.049   CPU_ReadMem(1 bytes @ 0x000000D3)
T12F2D6C0 015:857.385   failed
T12F2D6C0 015:857.398 - 0.358ms returns 0 (0x0)
T12F2D6C0 015:857.406 JLINK_ReadMemU8(0x000000D4, 0x1 Items)
T12F2D6C0 015:857.414   CPU_ReadMem(1 bytes @ 0x000000D4)
T12F2D6C0 015:857.759   failed
T12F2D6C0 015:857.771 - 0.365ms returns 0 (0x0)
T12F2D6C0 015:857.780 JLINK_ReadMemU8(0x000000D5, 0x1 Items)
T12F2D6C0 015:857.789   CPU_ReadMem(1 bytes @ 0x000000D5)
T12F2D6C0 015:858.132   failed
T12F2D6C0 015:858.141 - 0.361ms returns 0 (0x0)
T12F2D6C0 015:858.148 JLINK_ReadMemU8(0x000000D6, 0x1 Items)
T12F2D6C0 015:858.154   CPU_ReadMem(1 bytes @ 0x000000D6)
T12F2D6C0 015:858.508   failed
T12F2D6C0 015:858.518 - 0.370ms returns 0 (0x0)
T12F2D6C0 015:858.524 JLINK_ReadMemU8(0x000000D7, 0x1 Items)
T12F2D6C0 015:858.531   CPU_ReadMem(1 bytes @ 0x000000D7)
T12F2D6C0 015:858.894   failed
T12F2D6C0 015:858.906 - 0.382ms returns 0 (0x0)
T12F2D6C0 015:858.913 JLINK_ReadMemU8(0x000000D8, 0x1 Items)
T12F2D6C0 015:858.919   CPU_ReadMem(1 bytes @ 0x000000D8)
T12F2D6C0 015:859.258   failed
T12F2D6C0 015:859.275 - 0.362ms returns 0 (0x0)
T12F2D6C0 015:859.283 JLINK_ReadMemU8(0x000000D9, 0x1 Items)
T12F2D6C0 015:859.290   CPU_ReadMem(1 bytes @ 0x000000D9)
T12F2D6C0 015:859.633   failed
T12F2D6C0 015:859.642 - 0.359ms returns 0 (0x0)
T12F2D6C0 015:859.649 JLINK_ReadMemU8(0x000000DA, 0x1 Items)
T12F2D6C0 015:859.655   CPU_ReadMem(1 bytes @ 0x000000DA)
T12F2D6C0 015:860.021   failed
T12F2D6C0 015:860.034 - 0.385ms returns 0 (0x0)
T12F2D6C0 015:860.043 JLINK_ReadMemU8(0x000000DB, 0x1 Items)
T12F2D6C0 015:860.053   CPU_ReadMem(1 bytes @ 0x000000DB)
T12F2D6C0 015:860.384   failed
T12F2D6C0 015:860.399 - 0.356ms returns 0 (0x0)
T12F2D6C0 015:860.408 JLINK_ReadMemU8(0x000000DC, 0x1 Items)
T12F2D6C0 015:860.417   CPU_ReadMem(1 bytes @ 0x000000DC)
T12F2D6C0 015:860.759   failed
T12F2D6C0 015:860.771 - 0.363ms returns 0 (0x0)
T12F2D6C0 015:860.780 JLINK_ReadMemU8(0x000000DD, 0x1 Items)
T12F2D6C0 015:860.790   CPU_ReadMem(1 bytes @ 0x000000DD)
T12F2D6C0 015:861.133   failed
T12F2D6C0 015:861.141 - 0.361ms returns 0 (0x0)
T12F2D6C0 015:861.148 JLINK_ReadMemU8(0x000000DE, 0x1 Items)
T12F2D6C0 015:861.154   CPU_ReadMem(1 bytes @ 0x000000DE)
T12F2D6C0 015:861.507   failed
T12F2D6C0 015:861.517 - 0.369ms returns 0 (0x0)
T12F2D6C0 015:861.524 JLINK_ReadMemU8(0x000000DF, 0x1 Items)
T12F2D6C0 015:861.531   CPU_ReadMem(1 bytes @ 0x000000DF)
T12F2D6C0 015:861.893   failed
T12F2D6C0 015:861.902 - 0.378ms returns 0 (0x0)
T12F2D6C0 015:861.910 JLINK_ReadMemEx(0x000000E0, 0x10 Bytes, Flags = 0x00000000)
T12F2D6C0 015:861.916   CPU_ReadMem(16 bytes @ 0x000000E0)
T12F2D6C0 015:862.259   failed
T12F2D6C0 015:862.279 - 0.369ms returns 0 (0x0)
T12F2D6C0 015:862.288 JLINK_ReadMemU8(0x000000E0, 0x1 Items)
T12F2D6C0 015:862.298   CPU_ReadMem(1 bytes @ 0x000000E0)
T12F2D6C0 015:862.633   failed
T12F2D6C0 015:862.642 - 0.354ms returns 0 (0x0)
T12F2D6C0 015:862.649 JLINK_ReadMemU8(0x000000E1, 0x1 Items)
T12F2D6C0 015:862.655   CPU_ReadMem(1 bytes @ 0x000000E1)
T12F2D6C0 015:863.020   failed
T12F2D6C0 015:863.033 - 0.384ms returns 0 (0x0)
T12F2D6C0 015:863.042 JLINK_ReadMemU8(0x000000E2, 0x1 Items)
T12F2D6C0 015:863.052   CPU_ReadMem(1 bytes @ 0x000000E2)
T12F2D6C0 015:863.385   failed
T12F2D6C0 015:863.398 - 0.356ms returns 0 (0x0)
T12F2D6C0 015:863.407 JLINK_ReadMemU8(0x000000E3, 0x1 Items)
T12F2D6C0 015:863.418   CPU_ReadMem(1 bytes @ 0x000000E3)
T12F2D6C0 015:863.759   failed
T12F2D6C0 015:863.771 - 0.364ms returns 0 (0x0)
T12F2D6C0 015:863.780 JLINK_ReadMemU8(0x000000E4, 0x1 Items)
T12F2D6C0 015:863.790   CPU_ReadMem(1 bytes @ 0x000000E4)
T12F2D6C0 015:864.133   failed
T12F2D6C0 015:864.142 - 0.361ms returns 0 (0x0)
T12F2D6C0 015:864.148 JLINK_ReadMemU8(0x000000E5, 0x1 Items)
T12F2D6C0 015:864.155   CPU_ReadMem(1 bytes @ 0x000000E5)
T12F2D6C0 015:864.508   failed
T12F2D6C0 015:864.518 - 0.370ms returns 0 (0x0)
T12F2D6C0 015:864.525 JLINK_ReadMemU8(0x000000E6, 0x1 Items)
T12F2D6C0 015:864.532   CPU_ReadMem(1 bytes @ 0x000000E6)
T12F2D6C0 015:864.894   failed
T12F2D6C0 015:864.903 - 0.378ms returns 0 (0x0)
T12F2D6C0 015:864.910 JLINK_ReadMemU8(0x000000E7, 0x1 Items)
T12F2D6C0 015:864.917   CPU_ReadMem(1 bytes @ 0x000000E7)
T12F2D6C0 015:865.257   failed
T12F2D6C0 015:865.274 - 0.363ms returns 0 (0x0)
T12F2D6C0 015:865.282 JLINK_ReadMemU8(0x000000E8, 0x1 Items)
T12F2D6C0 015:865.289   CPU_ReadMem(1 bytes @ 0x000000E8)
T12F2D6C0 015:865.631   failed
T12F2D6C0 015:865.642 - 0.360ms returns 0 (0x0)
T12F2D6C0 015:865.650 JLINK_ReadMemU8(0x000000E9, 0x1 Items)
T12F2D6C0 015:865.658   CPU_ReadMem(1 bytes @ 0x000000E9)
T12F2D6C0 015:866.026   failed
T12F2D6C0 015:866.039 - 0.389ms returns 0 (0x0)
T12F2D6C0 015:866.048 JLINK_ReadMemU8(0x000000EA, 0x1 Items)
T12F2D6C0 015:866.057   CPU_ReadMem(1 bytes @ 0x000000EA)
T12F2D6C0 015:866.384   failed
T12F2D6C0 015:866.398 - 0.349ms returns 0 (0x0)
T12F2D6C0 015:866.411 JLINK_ReadMemU8(0x000000EB, 0x1 Items)
T12F2D6C0 015:866.420   CPU_ReadMem(1 bytes @ 0x000000EB)
T12F2D6C0 015:866.759   failed
T12F2D6C0 015:866.772 - 0.361ms returns 0 (0x0)
T12F2D6C0 015:866.781 JLINK_ReadMemU8(0x000000EC, 0x1 Items)
T12F2D6C0 015:866.789   CPU_ReadMem(1 bytes @ 0x000000EC)
T12F2D6C0 015:867.133   failed
T12F2D6C0 015:867.141 - 0.360ms returns 0 (0x0)
T12F2D6C0 015:867.149 JLINK_ReadMemU8(0x000000ED, 0x1 Items)
T12F2D6C0 015:867.155   CPU_ReadMem(1 bytes @ 0x000000ED)
T12F2D6C0 015:867.509   failed
T12F2D6C0 015:867.519 - 0.370ms returns 0 (0x0)
T12F2D6C0 015:867.526 JLINK_ReadMemU8(0x000000EE, 0x1 Items)
T12F2D6C0 015:867.532   CPU_ReadMem(1 bytes @ 0x000000EE)
T12F2D6C0 015:867.894   failed
T12F2D6C0 015:867.903 - 0.377ms returns 0 (0x0)
T12F2D6C0 015:867.910 JLINK_ReadMemU8(0x000000EF, 0x1 Items)
T12F2D6C0 015:867.917   CPU_ReadMem(1 bytes @ 0x000000EF)
T12F2D6C0 015:868.257   failed
T12F2D6C0 015:868.274 - 0.365ms returns 0 (0x0)
T12F2D6C0 015:868.282 JLINK_ReadMemEx(0x000000F0, 0x10 Bytes, Flags = 0x00000000)
T12F2D6C0 015:868.289   CPU_ReadMem(16 bytes @ 0x000000F0)
T12F2D6C0 015:868.633   failed
T12F2D6C0 015:868.641 - 0.359ms returns 0 (0x0)
T12F2D6C0 015:868.648 JLINK_ReadMemU8(0x000000F0, 0x1 Items)
T12F2D6C0 015:868.654   CPU_ReadMem(1 bytes @ 0x000000F0)
T12F2D6C0 015:869.021   failed
T12F2D6C0 015:869.033 - 0.385ms returns 0 (0x0)
T12F2D6C0 015:869.042 JLINK_ReadMemU8(0x000000F1, 0x1 Items)
T12F2D6C0 015:869.051   CPU_ReadMem(1 bytes @ 0x000000F1)
T12F2D6C0 015:869.382   failed
T12F2D6C0 015:869.397 - 0.355ms returns 0 (0x0)
T12F2D6C0 015:869.406 JLINK_ReadMemU8(0x000000F2, 0x1 Items)
T12F2D6C0 015:869.415   CPU_ReadMem(1 bytes @ 0x000000F2)
T12F2D6C0 015:869.759   failed
T12F2D6C0 015:869.772 - 0.367ms returns 0 (0x0)
T12F2D6C0 015:869.781 JLINK_ReadMemU8(0x000000F3, 0x1 Items)
T12F2D6C0 015:869.790   CPU_ReadMem(1 bytes @ 0x000000F3)
T12F2D6C0 015:870.133   failed
T12F2D6C0 015:870.141 - 0.360ms returns 0 (0x0)
T12F2D6C0 015:870.148 JLINK_ReadMemU8(0x000000F4, 0x1 Items)
T12F2D6C0 015:870.154   CPU_ReadMem(1 bytes @ 0x000000F4)
T12F2D6C0 015:870.507   failed
T12F2D6C0 015:870.517 - 0.369ms returns 0 (0x0)
T12F2D6C0 015:870.524 JLINK_ReadMemU8(0x000000F5, 0x1 Items)
T12F2D6C0 015:870.530   CPU_ReadMem(1 bytes @ 0x000000F5)
T12F2D6C0 015:870.894   failed
T12F2D6C0 015:870.902 - 0.378ms returns 0 (0x0)
T12F2D6C0 015:870.909 JLINK_ReadMemU8(0x000000F6, 0x1 Items)
T12F2D6C0 015:870.915   CPU_ReadMem(1 bytes @ 0x000000F6)
T12F2D6C0 015:871.257   failed
T12F2D6C0 015:871.273 - 0.364ms returns 0 (0x0)
T12F2D6C0 015:871.281 JLINK_ReadMemU8(0x000000F7, 0x1 Items)
T12F2D6C0 015:871.288   CPU_ReadMem(1 bytes @ 0x000000F7)
T12F2D6C0 015:871.633   failed
T12F2D6C0 015:871.641 - 0.360ms returns 0 (0x0)
T12F2D6C0 015:871.648 JLINK_ReadMemU8(0x000000F8, 0x1 Items)
T12F2D6C0 015:871.654   CPU_ReadMem(1 bytes @ 0x000000F8)
T12F2D6C0 015:872.021   failed
T12F2D6C0 015:872.033 - 0.385ms returns 0 (0x0)
T12F2D6C0 015:872.042 JLINK_ReadMemU8(0x000000F9, 0x1 Items)
T12F2D6C0 015:872.050   CPU_ReadMem(1 bytes @ 0x000000F9)
T12F2D6C0 015:872.382   failed
T12F2D6C0 015:872.398 - 0.356ms returns 0 (0x0)
T12F2D6C0 015:872.406 JLINK_ReadMemU8(0x000000FA, 0x1 Items)
T12F2D6C0 015:872.416   CPU_ReadMem(1 bytes @ 0x000000FA)
T12F2D6C0 015:872.758   failed
T12F2D6C0 015:872.770 - 0.364ms returns 0 (0x0)
T12F2D6C0 015:872.779 JLINK_ReadMemU8(0x000000FB, 0x1 Items)
T12F2D6C0 015:872.789   CPU_ReadMem(1 bytes @ 0x000000FB)
T12F2D6C0 015:873.131   failed
T12F2D6C0 015:873.141 - 0.362ms returns 0 (0x0)
T12F2D6C0 015:873.149 JLINK_ReadMemU8(0x000000FC, 0x1 Items)
T12F2D6C0 015:873.156   CPU_ReadMem(1 bytes @ 0x000000FC)
T12F2D6C0 015:873.506   failed
T12F2D6C0 015:873.516 - 0.367ms returns 0 (0x0)
T12F2D6C0 015:873.523 JLINK_ReadMemU8(0x000000FD, 0x1 Items)
T12F2D6C0 015:873.529   CPU_ReadMem(1 bytes @ 0x000000FD)
T12F2D6C0 015:873.894   failed
T12F2D6C0 015:873.903 - 0.380ms returns 0 (0x0)
T12F2D6C0 015:873.913 JLINK_ReadMemU8(0x000000FE, 0x1 Items)
T12F2D6C0 015:873.919   CPU_ReadMem(1 bytes @ 0x000000FE)
T12F2D6C0 015:874.257   failed
T12F2D6C0 015:874.274 - 0.361ms returns 0 (0x0)
T12F2D6C0 015:874.281 JLINK_ReadMemU8(0x000000FF, 0x1 Items)
T12F2D6C0 015:874.287   CPU_ReadMem(1 bytes @ 0x000000FF)
T12F2D6C0 015:874.633   failed
T12F2D6C0 015:874.641 - 0.360ms returns 0 (0x0)
T12F2D6C0 015:874.648 JLINK_ReadMemEx(0x00000100, 0x10 Bytes, Flags = 0x00000000)
T12F2D6C0 015:874.654   CPU_ReadMem(16 bytes @ 0x00000100)
T12F2D6C0 015:875.021   failed
T12F2D6C0 015:875.032 - 0.384ms returns 0 (0x0)
T12F2D6C0 015:875.041 JLINK_ReadMemU8(0x00000100, 0x1 Items)
T12F2D6C0 015:875.051   CPU_ReadMem(1 bytes @ 0x00000100)
T12F2D6C0 015:875.384   failed
T12F2D6C0 015:875.399 - 0.358ms returns 0 (0x0)
T12F2D6C0 015:875.407 JLINK_ReadMemU8(0x00000101, 0x1 Items)
T12F2D6C0 015:875.416   CPU_ReadMem(1 bytes @ 0x00000101)
T12F2D6C0 015:875.759   failed
T12F2D6C0 015:875.771 - 0.364ms returns 0 (0x0)
T12F2D6C0 015:875.780 JLINK_ReadMemU8(0x00000102, 0x1 Items)
T12F2D6C0 015:875.790   CPU_ReadMem(1 bytes @ 0x00000102)
T12F2D6C0 015:876.132   failed
T12F2D6C0 015:876.140 - 0.361ms returns 0 (0x0)
T12F2D6C0 015:876.147 JLINK_ReadMemU8(0x00000103, 0x1 Items)
T12F2D6C0 015:876.153   CPU_ReadMem(1 bytes @ 0x00000103)
T12F2D6C0 015:876.509   failed
T12F2D6C0 015:876.520 - 0.373ms returns 0 (0x0)
T12F2D6C0 015:876.528 JLINK_ReadMemU8(0x00000104, 0x1 Items)
T12F2D6C0 015:876.534   CPU_ReadMem(1 bytes @ 0x00000104)
T12F2D6C0 015:876.894   failed
T12F2D6C0 015:876.907 - 0.380ms returns 0 (0x0)
T12F2D6C0 015:876.917 JLINK_ReadMemU8(0x00000105, 0x1 Items)
T12F2D6C0 015:876.926   CPU_ReadMem(1 bytes @ 0x00000105)
T12F2D6C0 015:877.257   failed
T12F2D6C0 015:877.277 - 0.360ms returns 0 (0x0)
T12F2D6C0 015:877.288 JLINK_ReadMemU8(0x00000106, 0x1 Items)
T12F2D6C0 015:877.297   CPU_ReadMem(1 bytes @ 0x00000106)
T12F2D6C0 015:877.632   failed
T12F2D6C0 015:877.644 - 0.356ms returns 0 (0x0)
T12F2D6C0 015:877.655 JLINK_ReadMemU8(0x00000107, 0x1 Items)
T12F2D6C0 015:877.663   CPU_ReadMem(1 bytes @ 0x00000107)
T12F2D6C0 015:878.019   failed
T12F2D6C0 015:878.031 - 0.376ms returns 0 (0x0)
T12F2D6C0 015:878.041 JLINK_ReadMemU8(0x00000108, 0x1 Items)
T12F2D6C0 015:878.050   CPU_ReadMem(1 bytes @ 0x00000108)
T12F2D6C0 015:878.383   failed
T12F2D6C0 015:878.400 - 0.359ms returns 0 (0x0)
T12F2D6C0 015:878.409 JLINK_ReadMemU8(0x00000109, 0x1 Items)
T12F2D6C0 015:878.419   CPU_ReadMem(1 bytes @ 0x00000109)
T12F2D6C0 015:878.759   failed
T12F2D6C0 015:878.773 - 0.364ms returns 0 (0x0)
T12F2D6C0 015:878.783 JLINK_ReadMemU8(0x0000010A, 0x1 Items)
T12F2D6C0 015:878.792   CPU_ReadMem(1 bytes @ 0x0000010A)
T12F2D6C0 015:879.134   failed
T12F2D6C0 015:879.148 - 0.364ms returns 0 (0x0)
T12F2D6C0 015:879.158 JLINK_ReadMemU8(0x0000010B, 0x1 Items)
T12F2D6C0 015:879.168   CPU_ReadMem(1 bytes @ 0x0000010B)
T12F2D6C0 015:879.509   failed
T12F2D6C0 015:879.525 - 0.367ms returns 0 (0x0)
T12F2D6C0 015:879.535 JLINK_ReadMemU8(0x0000010C, 0x1 Items)
T12F2D6C0 015:879.544   CPU_ReadMem(1 bytes @ 0x0000010C)
T12F2D6C0 015:879.894   failed
T12F2D6C0 015:879.908 - 0.374ms returns 0 (0x0)
T12F2D6C0 015:879.917 JLINK_ReadMemU8(0x0000010D, 0x1 Items)
T12F2D6C0 015:879.928   CPU_ReadMem(1 bytes @ 0x0000010D)
T12F2D6C0 015:880.258   failed
T12F2D6C0 015:880.277 - 0.360ms returns 0 (0x0)
T12F2D6C0 015:880.286 JLINK_ReadMemU8(0x0000010E, 0x1 Items)
T12F2D6C0 015:880.296   CPU_ReadMem(1 bytes @ 0x0000010E)
T12F2D6C0 015:880.633   failed
T12F2D6C0 015:880.646 - 0.360ms returns 0 (0x0)
T12F2D6C0 015:880.656 JLINK_ReadMemU8(0x0000010F, 0x1 Items)
T12F2D6C0 015:880.665   CPU_ReadMem(1 bytes @ 0x0000010F)
T12F2D6C0 015:881.019   failed
T12F2D6C0 015:881.034 - 0.377ms returns 0 (0x0)
T12F2D6C0 015:881.043 JLINK_ReadMemEx(0x00000110, 0x10 Bytes, Flags = 0x00000000)
T12F2D6C0 015:881.054   CPU_ReadMem(16 bytes @ 0x00000110)
T12F2D6C0 015:881.383   failed
T12F2D6C0 015:881.399 - 0.356ms returns 0 (0x0)
T12F2D6C0 015:881.409 JLINK_ReadMemU8(0x00000110, 0x1 Items)
T12F2D6C0 015:881.423   CPU_ReadMem(1 bytes @ 0x00000110)
T12F2D6C0 015:881.760   failed
T12F2D6C0 015:881.775 - 0.366ms returns 0 (0x0)
T12F2D6C0 015:881.787 JLINK_ReadMemU8(0x00000111, 0x1 Items)
T12F2D6C0 015:881.796   CPU_ReadMem(1 bytes @ 0x00000111)
T12F2D6C0 015:882.135   failed
T12F2D6C0 015:882.149 - 0.363ms returns 0 (0x0)
T12F2D6C0 015:882.159 JLINK_ReadMemU8(0x00000112, 0x1 Items)
T12F2D6C0 015:882.170   CPU_ReadMem(1 bytes @ 0x00000112)
T12F2D6C0 015:882.510   failed
T12F2D6C0 015:882.526 - 0.367ms returns 0 (0x0)
T12F2D6C0 015:882.536 JLINK_ReadMemU8(0x00000113, 0x1 Items)
T12F2D6C0 015:882.547   CPU_ReadMem(1 bytes @ 0x00000113)
T12F2D6C0 015:882.896   failed
T12F2D6C0 015:882.910 - 0.373ms returns 0 (0x0)
T12F2D6C0 015:882.922 JLINK_ReadMemU8(0x00000114, 0x1 Items)
T12F2D6C0 015:882.931   CPU_ReadMem(1 bytes @ 0x00000114)
T12F2D6C0 015:883.264   failed
T12F2D6C0 015:883.280 - 0.358ms returns 0 (0x0)
T12F2D6C0 015:883.291 JLINK_ReadMemU8(0x00000115, 0x1 Items)
T12F2D6C0 015:883.301   CPU_ReadMem(1 bytes @ 0x00000115)
T12F2D6C0 015:883.636   failed
T12F2D6C0 015:883.650 - 0.359ms returns 0 (0x0)
T12F2D6C0 015:883.663 JLINK_ReadMemU8(0x00000116, 0x1 Items)
T12F2D6C0 015:883.674   CPU_ReadMem(1 bytes @ 0x00000116)
T12F2D6C0 015:884.021   failed
T12F2D6C0 015:884.034 - 0.370ms returns 0 (0x0)
T12F2D6C0 015:884.043 JLINK_ReadMemU8(0x00000117, 0x1 Items)
T12F2D6C0 015:884.050   CPU_ReadMem(1 bytes @ 0x00000117)
T12F2D6C0 015:884.382   failed
T12F2D6C0 015:884.394 - 0.351ms returns 0 (0x0)
T12F2D6C0 015:884.401 JLINK_ReadMemU8(0x00000118, 0x1 Items)
T12F2D6C0 015:884.407   CPU_ReadMem(1 bytes @ 0x00000118)
T12F2D6C0 015:884.758   failed
T12F2D6C0 015:884.767 - 0.365ms returns 0 (0x0)
T12F2D6C0 015:884.773 JLINK_ReadMemU8(0x00000119, 0x1 Items)
T12F2D6C0 015:884.780   CPU_ReadMem(1 bytes @ 0x00000119)
T12F2D6C0 015:885.131   failed
T12F2D6C0 015:885.139 - 0.366ms returns 0 (0x0)
T12F2D6C0 015:885.147 JLINK_ReadMemU8(0x0000011A, 0x1 Items)
T12F2D6C0 015:885.153   CPU_ReadMem(1 bytes @ 0x0000011A)
T12F2D6C0 015:885.506   failed
T12F2D6C0 015:885.516 - 0.369ms returns 0 (0x0)
T12F2D6C0 015:885.523 JLINK_ReadMemU8(0x0000011B, 0x1 Items)
T12F2D6C0 015:885.530   CPU_ReadMem(1 bytes @ 0x0000011B)
T12F2D6C0 015:885.899   failed
T12F2D6C0 015:885.907 - 0.384ms returns 0 (0x0)
T12F2D6C0 015:885.915 JLINK_ReadMemU8(0x0000011C, 0x1 Items)
T12F2D6C0 015:885.922   CPU_ReadMem(1 bytes @ 0x0000011C)
T12F2D6C0 015:886.258   failed
T12F2D6C0 015:886.278 - 0.363ms returns 0 (0x0)
T12F2D6C0 015:886.288 JLINK_ReadMemU8(0x0000011D, 0x1 Items)
T12F2D6C0 015:886.298   CPU_ReadMem(1 bytes @ 0x0000011D)
T12F2D6C0 015:886.631   failed
T12F2D6C0 015:886.641 - 0.353ms returns 0 (0x0)
T12F2D6C0 015:886.649 JLINK_ReadMemU8(0x0000011E, 0x1 Items)
T12F2D6C0 015:886.657   CPU_ReadMem(1 bytes @ 0x0000011E)
T12F2D6C0 015:887.017   failed
T12F2D6C0 015:887.029 - 0.380ms returns 0 (0x0)
T12F2D6C0 015:887.037 JLINK_ReadMemU8(0x0000011F, 0x1 Items)
T12F2D6C0 015:887.045   CPU_ReadMem(1 bytes @ 0x0000011F)
T12F2D6C0 015:887.382   failed
T12F2D6C0 015:887.396 - 0.358ms returns 0 (0x0)
T12F2D6C0 015:887.404 JLINK_ReadMemEx(0x00000120, 0x10 Bytes, Flags = 0x00000000)
T12F2D6C0 015:887.413   CPU_ReadMem(16 bytes @ 0x00000120)
T12F2D6C0 015:887.755   failed
T12F2D6C0 015:887.767 - 0.363ms returns 0 (0x0)
T12F2D6C0 015:887.775 JLINK_ReadMemU8(0x00000120, 0x1 Items)
T12F2D6C0 015:887.783   CPU_ReadMem(1 bytes @ 0x00000120)
T12F2D6C0 015:888.131   failed
T12F2D6C0 015:888.140 - 0.364ms returns 0 (0x0)
T12F2D6C0 015:888.146 JLINK_ReadMemU8(0x00000121, 0x1 Items)
T12F2D6C0 015:888.153   CPU_ReadMem(1 bytes @ 0x00000121)
T12F2D6C0 015:888.504   failed
T12F2D6C0 015:888.514 - 0.368ms returns 0 (0x0)
T12F2D6C0 015:888.521 JLINK_ReadMemU8(0x00000122, 0x1 Items)
T12F2D6C0 015:888.528   CPU_ReadMem(1 bytes @ 0x00000122)
T12F2D6C0 015:888.894   failed
T12F2D6C0 015:888.904 - 0.383ms returns 0 (0x0)
T12F2D6C0 015:888.912 JLINK_ReadMemU8(0x00000123, 0x1 Items)
T12F2D6C0 015:888.927   CPU_ReadMem(1 bytes @ 0x00000123)
T12F2D6C0 015:889.257   failed
T12F2D6C0 015:889.275 - 0.363ms returns 0 (0x0)
T12F2D6C0 015:889.285 JLINK_ReadMemU8(0x00000124, 0x1 Items)
T12F2D6C0 015:889.296   CPU_ReadMem(1 bytes @ 0x00000124)
T12F2D6C0 015:889.631   failed
T12F2D6C0 015:889.640 - 0.355ms returns 0 (0x0)
T12F2D6C0 015:889.647 JLINK_ReadMemU8(0x00000125, 0x1 Items)
T12F2D6C0 015:889.654   CPU_ReadMem(1 bytes @ 0x00000125)
T12F2D6C0 015:890.018   failed
T12F2D6C0 015:890.030 - 0.383ms returns 0 (0x0)
T12F2D6C0 015:890.039 JLINK_ReadMemU8(0x00000126, 0x1 Items)
T12F2D6C0 015:890.048   CPU_ReadMem(1 bytes @ 0x00000126)
T12F2D6C0 015:890.382   failed
T12F2D6C0 015:890.395 - 0.357ms returns 0 (0x0)
T12F2D6C0 015:890.404 JLINK_ReadMemU8(0x00000127, 0x1 Items)
T12F2D6C0 015:890.414   CPU_ReadMem(1 bytes @ 0x00000127)
T12F2D6C0 015:890.758   failed
T12F2D6C0 015:890.770 - 0.366ms returns 0 (0x0)
T12F2D6C0 015:890.779 JLINK_ReadMemU8(0x00000128, 0x1 Items)
T12F2D6C0 015:890.789   CPU_ReadMem(1 bytes @ 0x00000128)
T12F2D6C0 015:891.131   failed
T12F2D6C0 015:891.141 - 0.362ms returns 0 (0x0)
T12F2D6C0 015:891.149 JLINK_ReadMemU8(0x00000129, 0x1 Items)
T12F2D6C0 015:891.157   CPU_ReadMem(1 bytes @ 0x00000129)
T12F2D6C0 015:891.505   failed
T12F2D6C0 015:891.517 - 0.367ms returns 0 (0x0)
T12F2D6C0 015:891.523 JLINK_ReadMemU8(0x0000012A, 0x1 Items)
T12F2D6C0 015:891.531   CPU_ReadMem(1 bytes @ 0x0000012A)
T12F2D6C0 015:891.893   failed
T12F2D6C0 015:891.903 - 0.380ms returns 0 (0x0)
T12F2D6C0 015:891.911 JLINK_ReadMemU8(0x0000012B, 0x1 Items)
T12F2D6C0 015:891.919   CPU_ReadMem(1 bytes @ 0x0000012B)
T12F2D6C0 015:892.256   failed
T12F2D6C0 015:892.274 - 0.363ms returns 0 (0x0)
T12F2D6C0 015:892.284 JLINK_ReadMemU8(0x0000012C, 0x1 Items)
T12F2D6C0 015:892.293   CPU_ReadMem(1 bytes @ 0x0000012C)
T12F2D6C0 015:892.631   failed
T12F2D6C0 015:892.642 - 0.359ms returns 0 (0x0)
T12F2D6C0 015:892.650 JLINK_ReadMemU8(0x0000012D, 0x1 Items)
T12F2D6C0 015:892.658   CPU_ReadMem(1 bytes @ 0x0000012D)
T12F2D6C0 015:893.017   failed
T12F2D6C0 015:893.030 - 0.379ms returns 0 (0x0)
T12F2D6C0 015:893.038 JLINK_ReadMemU8(0x0000012E, 0x1 Items)
T12F2D6C0 015:893.047   CPU_ReadMem(1 bytes @ 0x0000012E)
T12F2D6C0 015:893.383   failed
T12F2D6C0 015:893.397 - 0.359ms returns 0 (0x0)
T12F2D6C0 015:893.406 JLINK_ReadMemU8(0x0000012F, 0x1 Items)
T12F2D6C0 015:893.416   CPU_ReadMem(1 bytes @ 0x0000012F)
T12F2D6C0 015:893.757   failed
T12F2D6C0 015:893.769 - 0.363ms returns 0 (0x0)
T12F2D6C0 015:893.778 JLINK_ReadMemEx(0x00000130, 0x10 Bytes, Flags = 0x00000000)
T12F2D6C0 015:893.788   CPU_ReadMem(16 bytes @ 0x00000130)
T12F2D6C0 015:894.130   failed
T12F2D6C0 015:894.140 - 0.362ms returns 0 (0x0)
T12F2D6C0 015:894.148 JLINK_ReadMemU8(0x00000130, 0x1 Items)
T12F2D6C0 015:894.156   CPU_ReadMem(1 bytes @ 0x00000130)
T12F2D6C0 015:894.506   failed
T12F2D6C0 015:894.516 - 0.367ms returns 0 (0x0)
T12F2D6C0 015:894.522 JLINK_ReadMemU8(0x00000131, 0x1 Items)
T12F2D6C0 015:894.529   CPU_ReadMem(1 bytes @ 0x00000131)
T12F2D6C0 015:894.892   failed
T12F2D6C0 015:894.903 - 0.381ms returns 0 (0x0)
T12F2D6C0 015:894.911 JLINK_ReadMemU8(0x00000132, 0x1 Items)
T12F2D6C0 015:894.919   CPU_ReadMem(1 bytes @ 0x00000132)
T12F2D6C0 015:895.254   failed
T12F2D6C0 015:895.267 - 0.356ms returns 0 (0x0)
T12F2D6C0 015:895.278 JLINK_ReadMemU8(0x00000133, 0x1 Items)
T12F2D6C0 015:895.288   CPU_ReadMem(1 bytes @ 0x00000133)
T12F2D6C0 015:895.631   failed
T12F2D6C0 015:895.640 - 0.362ms returns 0 (0x0)
T12F2D6C0 015:895.647 JLINK_ReadMemU8(0x00000134, 0x1 Items)
T12F2D6C0 015:895.653   CPU_ReadMem(1 bytes @ 0x00000134)
T12F2D6C0 015:896.021   failed
T12F2D6C0 015:896.033 - 0.386ms returns 0 (0x0)
T12F2D6C0 015:896.042 JLINK_ReadMemU8(0x00000135, 0x1 Items)
T12F2D6C0 015:896.052   CPU_ReadMem(1 bytes @ 0x00000135)
T12F2D6C0 015:896.381   failed
T12F2D6C0 015:896.395 - 0.353ms returns 0 (0x0)
T12F2D6C0 015:896.404 JLINK_ReadMemU8(0x00000136, 0x1 Items)
T12F2D6C0 015:896.414   CPU_ReadMem(1 bytes @ 0x00000136)
T12F2D6C0 015:896.756   failed
T12F2D6C0 015:896.768 - 0.364ms returns 0 (0x0)
T12F2D6C0 015:896.777 JLINK_ReadMemU8(0x00000137, 0x1 Items)
T12F2D6C0 015:896.787   CPU_ReadMem(1 bytes @ 0x00000137)
T12F2D6C0 015:897.131   failed
T12F2D6C0 015:897.141 - 0.364ms returns 0 (0x0)
T12F2D6C0 015:897.149 JLINK_ReadMemU8(0x00000138, 0x1 Items)
T12F2D6C0 015:897.157   CPU_ReadMem(1 bytes @ 0x00000138)
T12F2D6C0 015:897.504   failed
T12F2D6C0 015:897.516 - 0.367ms returns 0 (0x0)
T12F2D6C0 015:897.524 JLINK_ReadMemU8(0x00000139, 0x1 Items)
T12F2D6C0 015:897.532   CPU_ReadMem(1 bytes @ 0x00000139)
T12F2D6C0 015:897.893   failed
T12F2D6C0 015:897.904 - 0.380ms returns 0 (0x0)
T12F2D6C0 015:897.910 JLINK_ReadMemU8(0x0000013A, 0x1 Items)
T12F2D6C0 015:897.918   CPU_ReadMem(1 bytes @ 0x0000013A)
T12F2D6C0 015:898.254   failed
T12F2D6C0 015:898.269 - 0.359ms returns 0 (0x0)
T12F2D6C0 015:898.280 JLINK_ReadMemU8(0x0000013B, 0x1 Items)
T12F2D6C0 015:898.290   CPU_ReadMem(1 bytes @ 0x0000013B)
T12F2D6C0 015:898.631   failed
T12F2D6C0 015:898.640 - 0.360ms returns 0 (0x0)
T12F2D6C0 015:898.647 JLINK_ReadMemU8(0x0000013C, 0x1 Items)
T12F2D6C0 015:898.653   CPU_ReadMem(1 bytes @ 0x0000013C)
T12F2D6C0 015:899.017   failed
T12F2D6C0 015:899.029 - 0.382ms returns 0 (0x0)
T12F2D6C0 015:899.037 JLINK_ReadMemU8(0x0000013D, 0x1 Items)
T12F2D6C0 015:899.047   CPU_ReadMem(1 bytes @ 0x0000013D)
T12F2D6C0 015:899.381   failed
T12F2D6C0 015:899.396 - 0.359ms returns 0 (0x0)
T12F2D6C0 015:899.405 JLINK_ReadMemU8(0x0000013E, 0x1 Items)
T12F2D6C0 015:899.415   CPU_ReadMem(1 bytes @ 0x0000013E)
T12F2D6C0 015:899.758   failed
T12F2D6C0 015:899.770 - 0.364ms returns 0 (0x0)
T12F2D6C0 015:899.778 JLINK_ReadMemU8(0x0000013F, 0x1 Items)
T12F2D6C0 015:899.787   CPU_ReadMem(1 bytes @ 0x0000013F)
T12F2D6C0 015:900.129   failed
T12F2D6C0 015:900.139 - 0.361ms returns 0 (0x0)
T12F2D6C0 015:900.146 JLINK_ReadMemEx(0x00000140, 0x10 Bytes, Flags = 0x00000000)
T12F2D6C0 015:900.153   CPU_ReadMem(16 bytes @ 0x00000140)
T12F2D6C0 015:900.505   failed
T12F2D6C0 015:900.516 - 0.370ms returns 0 (0x0)
T12F2D6C0 015:900.523 JLINK_ReadMemU8(0x00000140, 0x1 Items)
T12F2D6C0 015:900.530   CPU_ReadMem(1 bytes @ 0x00000140)
T12F2D6C0 015:900.892   failed
T12F2D6C0 015:900.901 - 0.378ms returns 0 (0x0)
T12F2D6C0 015:900.908 JLINK_ReadMemU8(0x00000141, 0x1 Items)
T12F2D6C0 015:900.914   CPU_ReadMem(1 bytes @ 0x00000141)
T12F2D6C0 015:901.256   failed
T12F2D6C0 015:901.274 - 0.365ms returns 0 (0x0)
T12F2D6C0 015:901.283 JLINK_ReadMemU8(0x00000142, 0x1 Items)
T12F2D6C0 015:901.294   CPU_ReadMem(1 bytes @ 0x00000142)
T12F2D6C0 015:901.631   failed
T12F2D6C0 015:901.640 - 0.357ms returns 0 (0x0)
T12F2D6C0 015:901.647 JLINK_ReadMemU8(0x00000143, 0x1 Items)
T12F2D6C0 015:901.653   CPU_ReadMem(1 bytes @ 0x00000143)
T12F2D6C0 015:902.018   failed
T12F2D6C0 015:902.031 - 0.384ms returns 0 (0x0)
T12F2D6C0 015:902.040 JLINK_ReadMemU8(0x00000144, 0x1 Items)
T12F2D6C0 015:902.048   CPU_ReadMem(1 bytes @ 0x00000144)
T12F2D6C0 015:902.382   failed
T12F2D6C0 015:902.397 - 0.357ms returns 0 (0x0)
T12F2D6C0 015:902.406 JLINK_ReadMemU8(0x00000145, 0x1 Items)
T12F2D6C0 015:902.416   CPU_ReadMem(1 bytes @ 0x00000145)
T12F2D6C0 015:902.758   failed
T12F2D6C0 015:902.771 - 0.365ms returns 0 (0x0)
T12F2D6C0 015:902.780 JLINK_ReadMemU8(0x00000146, 0x1 Items)
T12F2D6C0 015:902.790   CPU_ReadMem(1 bytes @ 0x00000146)
T12F2D6C0 015:903.129   failed
T12F2D6C0 015:903.140 - 0.360ms returns 0 (0x0)
T12F2D6C0 015:903.147 JLINK_ReadMemU8(0x00000147, 0x1 Items)
T12F2D6C0 015:903.155   CPU_ReadMem(1 bytes @ 0x00000147)
T12F2D6C0 015:903.505   failed
T12F2D6C0 015:903.515 - 0.368ms returns 0 (0x0)
T12F2D6C0 015:903.522 JLINK_ReadMemU8(0x00000148, 0x1 Items)
T12F2D6C0 015:903.528   CPU_ReadMem(1 bytes @ 0x00000148)
T12F2D6C0 015:903.894   failed
T12F2D6C0 015:903.902 - 0.380ms returns 0 (0x0)
T12F2D6C0 015:903.909 JLINK_ReadMemU8(0x00000149, 0x1 Items)
T12F2D6C0 015:903.915   CPU_ReadMem(1 bytes @ 0x00000149)
T12F2D6C0 015:904.254   failed
T12F2D6C0 015:904.267 - 0.358ms returns 0 (0x0)
T12F2D6C0 015:904.278 JLINK_ReadMemU8(0x0000014A, 0x1 Items)
T12F2D6C0 015:904.287   CPU_ReadMem(1 bytes @ 0x0000014A)
T12F2D6C0 015:904.631   failed
T12F2D6C0 015:904.640 - 0.362ms returns 0 (0x0)
T12F2D6C0 015:904.647 JLINK_ReadMemU8(0x0000014B, 0x1 Items)
T12F2D6C0 015:904.653   CPU_ReadMem(1 bytes @ 0x0000014B)
T12F2D6C0 015:905.020   failed
T12F2D6C0 015:905.032 - 0.386ms returns 0 (0x0)
T12F2D6C0 015:905.041 JLINK_ReadMemU8(0x0000014C, 0x1 Items)
T12F2D6C0 015:905.051   CPU_ReadMem(1 bytes @ 0x0000014C)
T12F2D6C0 015:905.383   failed
T12F2D6C0 015:905.398 - 0.357ms returns 0 (0x0)
T12F2D6C0 015:905.407 JLINK_ReadMemU8(0x0000014D, 0x1 Items)
T12F2D6C0 015:905.416   CPU_ReadMem(1 bytes @ 0x0000014D)
T12F2D6C0 015:905.759   failed
T12F2D6C0 015:905.770 - 0.363ms returns 0 (0x0)
T12F2D6C0 015:905.779 JLINK_ReadMemU8(0x0000014E, 0x1 Items)
T12F2D6C0 015:905.788   CPU_ReadMem(1 bytes @ 0x0000014E)
T12F2D6C0 015:906.132   failed
T12F2D6C0 015:906.141 - 0.362ms returns 0 (0x0)
T12F2D6C0 015:906.147 JLINK_ReadMemU8(0x0000014F, 0x1 Items)
T12F2D6C0 015:906.155   CPU_ReadMem(1 bytes @ 0x0000014F)
T12F2D6C0 015:906.507   failed
T12F2D6C0 015:906.517 - 0.370ms returns 0 (0x0)
T12F2D6C0 015:906.523 JLINK_ReadMemEx(0x00000150, 0x10 Bytes, Flags = 0x00000000)
T12F2D6C0 015:906.530   CPU_ReadMem(16 bytes @ 0x00000150)
T12F2D6C0 015:906.892   failed
T12F2D6C0 015:906.901 - 0.378ms returns 0 (0x0)
T12F2D6C0 015:906.908 JLINK_ReadMemU8(0x00000150, 0x1 Items)
T12F2D6C0 015:906.916   CPU_ReadMem(1 bytes @ 0x00000150)
T12F2D6C0 015:907.257   failed
T12F2D6C0 015:907.275 - 0.367ms returns 0 (0x0)
T12F2D6C0 015:907.283 JLINK_ReadMemU8(0x00000151, 0x1 Items)
T12F2D6C0 015:907.290   CPU_ReadMem(1 bytes @ 0x00000151)
T12F2D6C0 015:907.632   failed
T12F2D6C0 015:907.643 - 0.359ms returns 0 (0x0)
T12F2D6C0 015:907.651 JLINK_ReadMemU8(0x00000152, 0x1 Items)
T12F2D6C0 015:907.658   CPU_ReadMem(1 bytes @ 0x00000152)
T12F2D6C0 015:908.019   failed
T12F2D6C0 015:908.032 - 0.382ms returns 0 (0x0)
T12F2D6C0 015:908.043 JLINK_ReadMemU8(0x00000153, 0x1 Items)
T12F2D6C0 015:908.052   CPU_ReadMem(1 bytes @ 0x00000153)
T12F2D6C0 015:908.384   failed
T12F2D6C0 015:908.397 - 0.354ms returns 0 (0x0)
T12F2D6C0 015:908.406 JLINK_ReadMemU8(0x00000154, 0x1 Items)
T12F2D6C0 015:908.416   CPU_ReadMem(1 bytes @ 0x00000154)
T12F2D6C0 015:908.759   failed
T12F2D6C0 015:908.771 - 0.364ms returns 0 (0x0)
T12F2D6C0 015:908.779 JLINK_ReadMemU8(0x00000155, 0x1 Items)
T12F2D6C0 015:908.789   CPU_ReadMem(1 bytes @ 0x00000155)
T12F2D6C0 015:909.132   failed
T12F2D6C0 015:909.141 - 0.362ms returns 0 (0x0)
T12F2D6C0 015:909.149 JLINK_ReadMemU8(0x00000156, 0x1 Items)
T12F2D6C0 015:909.155   CPU_ReadMem(1 bytes @ 0x00000156)
T12F2D6C0 015:909.504   failed
T12F2D6C0 015:909.514 - 0.366ms returns 0 (0x0)
T12F2D6C0 015:909.521 JLINK_ReadMemU8(0x00000157, 0x1 Items)
T12F2D6C0 015:909.527   CPU_ReadMem(1 bytes @ 0x00000157)
T12F2D6C0 015:909.892   failed
T12F2D6C0 015:909.901 - 0.381ms returns 0 (0x0)
T12F2D6C0 015:909.907 JLINK_ReadMemU8(0x00000158, 0x1 Items)
T12F2D6C0 015:909.914   CPU_ReadMem(1 bytes @ 0x00000158)
T12F2D6C0 015:910.256   failed
T12F2D6C0 015:910.275 - 0.368ms returns 0 (0x0)
T12F2D6C0 015:910.284 JLINK_ReadMemU8(0x00000159, 0x1 Items)
T12F2D6C0 015:910.293   CPU_ReadMem(1 bytes @ 0x00000159)
T12F2D6C0 015:910.632   failed
T12F2D6C0 015:910.643 - 0.359ms returns 0 (0x0)
T12F2D6C0 015:910.651 JLINK_ReadMemU8(0x0000015A, 0x1 Items)
T12F2D6C0 015:910.657   CPU_ReadMem(1 bytes @ 0x0000015A)
T12F2D6C0 015:911.017   failed
T12F2D6C0 015:911.029 - 0.378ms returns 0 (0x0)
T12F2D6C0 015:911.038 JLINK_ReadMemU8(0x0000015B, 0x1 Items)
T12F2D6C0 015:911.048   CPU_ReadMem(1 bytes @ 0x0000015B)
T12F2D6C0 015:911.384   failed
T12F2D6C0 015:911.397 - 0.359ms returns 0 (0x0)
T12F2D6C0 015:911.406 JLINK_ReadMemU8(0x0000015C, 0x1 Items)
T12F2D6C0 015:911.416   CPU_ReadMem(1 bytes @ 0x0000015C)
T12F2D6C0 015:911.758   failed
T12F2D6C0 015:911.774 - 0.368ms returns 0 (0x0)
T12F2D6C0 015:911.783 JLINK_ReadMemU8(0x0000015D, 0x1 Items)
T12F2D6C0 015:911.793   CPU_ReadMem(1 bytes @ 0x0000015D)
T12F2D6C0 015:912.132   failed
T12F2D6C0 015:912.142 - 0.359ms returns 0 (0x0)
T12F2D6C0 015:912.150 JLINK_ReadMemU8(0x0000015E, 0x1 Items)
T12F2D6C0 015:912.158   CPU_ReadMem(1 bytes @ 0x0000015E)
T12F2D6C0 015:912.507   failed
T12F2D6C0 015:912.519 - 0.369ms returns 0 (0x0)
T12F2D6C0 015:912.526 JLINK_ReadMemU8(0x0000015F, 0x1 Items)
T12F2D6C0 015:912.534   CPU_ReadMem(1 bytes @ 0x0000015F)
T12F2D6C0 015:912.894   failed
T12F2D6C0 015:912.903 - 0.377ms returns 0 (0x0)
T12F2D6C0 015:912.911 JLINK_ReadMemEx(0x00000160, 0x10 Bytes, Flags = 0x00000000)
T12F2D6C0 015:912.918   CPU_ReadMem(16 bytes @ 0x00000160)
T12F2D6C0 015:913.257   failed
T12F2D6C0 015:913.275 - 0.364ms returns 0 (0x0)
T12F2D6C0 015:913.284 JLINK_ReadMemU8(0x00000160, 0x1 Items)
T12F2D6C0 015:913.293   CPU_ReadMem(1 bytes @ 0x00000160)
T12F2D6C0 015:913.632   failed
T12F2D6C0 015:913.642 - 0.358ms returns 0 (0x0)
T12F2D6C0 015:913.650 JLINK_ReadMemU8(0x00000161, 0x1 Items)
T12F2D6C0 015:913.658   CPU_ReadMem(1 bytes @ 0x00000161)
T12F2D6C0 015:914.018   failed
T12F2D6C0 015:914.029 - 0.379ms returns 0 (0x0)
T12F2D6C0 015:914.038 JLINK_ReadMemU8(0x00000162, 0x1 Items)
T12F2D6C0 015:914.048   CPU_ReadMem(1 bytes @ 0x00000162)
T12F2D6C0 015:914.384   failed
T12F2D6C0 015:914.397 - 0.359ms returns 0 (0x0)
T12F2D6C0 015:914.406 JLINK_ReadMemU8(0x00000163, 0x1 Items)
T12F2D6C0 015:914.416   CPU_ReadMem(1 bytes @ 0x00000163)
T12F2D6C0 015:914.759   failed
T12F2D6C0 015:914.770 - 0.364ms returns 0 (0x0)
T12F2D6C0 015:914.779 JLINK_ReadMemU8(0x00000164, 0x1 Items)
T12F2D6C0 015:914.789   CPU_ReadMem(1 bytes @ 0x00000164)
T12F2D6C0 015:915.132   failed
T12F2D6C0 015:915.142 - 0.363ms returns 0 (0x0)
T12F2D6C0 015:915.150 JLINK_ReadMemU8(0x00000165, 0x1 Items)
T12F2D6C0 015:915.158   CPU_ReadMem(1 bytes @ 0x00000165)
T12F2D6C0 015:915.507   failed
T12F2D6C0 015:915.518 - 0.367ms returns 0 (0x0)
T12F2D6C0 015:915.526 JLINK_ReadMemU8(0x00000166, 0x1 Items)
T12F2D6C0 015:915.532   CPU_ReadMem(1 bytes @ 0x00000166)
T12F2D6C0 015:915.899   failed
T12F2D6C0 015:915.907 - 0.381ms returns 0 (0x0)
T12F2D6C0 015:915.914 JLINK_ReadMemU8(0x00000167, 0x1 Items)
T12F2D6C0 015:915.920   CPU_ReadMem(1 bytes @ 0x00000167)
T12F2D6C0 015:916.257   failed
T12F2D6C0 015:916.273 - 0.359ms returns 0 (0x0)
T12F2D6C0 015:916.280 JLINK_ReadMemU8(0x00000168, 0x1 Items)
T12F2D6C0 015:916.286   CPU_ReadMem(1 bytes @ 0x00000168)
T12F2D6C0 015:916.632   failed
T12F2D6C0 015:916.640 - 0.360ms returns 0 (0x0)
T12F2D6C0 015:916.648 JLINK_ReadMemU8(0x00000169, 0x1 Items)
T12F2D6C0 015:916.654   CPU_ReadMem(1 bytes @ 0x00000169)
T12F2D6C0 015:917.017   failed
T12F2D6C0 015:917.029 - 0.381ms returns 0 (0x0)
T12F2D6C0 015:917.038 JLINK_ReadMemU8(0x0000016A, 0x1 Items)
T12F2D6C0 015:917.048   CPU_ReadMem(1 bytes @ 0x0000016A)
T12F2D6C0 015:917.381   failed
T12F2D6C0 015:917.396 - 0.358ms returns 0 (0x0)
T12F2D6C0 015:917.405 JLINK_ReadMemU8(0x0000016B, 0x1 Items)
T12F2D6C0 015:917.413   CPU_ReadMem(1 bytes @ 0x0000016B)
T12F2D6C0 015:917.758   failed
T12F2D6C0 015:917.770 - 0.365ms returns 0 (0x0)
T12F2D6C0 015:917.779 JLINK_ReadMemU8(0x0000016C, 0x1 Items)
T12F2D6C0 015:917.789   CPU_ReadMem(1 bytes @ 0x0000016C)
T12F2D6C0 015:918.131   failed
T12F2D6C0 015:918.142 - 0.362ms returns 0 (0x0)
T12F2D6C0 015:918.149 JLINK_ReadMemU8(0x0000016D, 0x1 Items)
T12F2D6C0 015:918.156   CPU_ReadMem(1 bytes @ 0x0000016D)
T12F2D6C0 015:918.507   failed
T12F2D6C0 015:918.517 - 0.368ms returns 0 (0x0)
T12F2D6C0 015:918.524 JLINK_ReadMemU8(0x0000016E, 0x1 Items)
T12F2D6C0 015:918.530   CPU_ReadMem(1 bytes @ 0x0000016E)
T12F2D6C0 015:918.894   failed
T12F2D6C0 015:918.903 - 0.379ms returns 0 (0x0)
T12F2D6C0 015:918.909 JLINK_ReadMemU8(0x0000016F, 0x1 Items)
T12F2D6C0 015:918.916   CPU_ReadMem(1 bytes @ 0x0000016F)
T12F2D6C0 015:919.256   failed
T12F2D6C0 015:919.273 - 0.364ms returns 0 (0x0)
T12F2D6C0 015:919.287 JLINK_ReadMemEx(0x00000170, 0x10 Bytes, Flags = 0x00000000)
T12F2D6C0 015:919.296   CPU_ReadMem(16 bytes @ 0x00000170)
T12F2D6C0 015:919.632   failed
T12F2D6C0 015:919.641 - 0.354ms returns 0 (0x0)
T12F2D6C0 015:919.648 JLINK_ReadMemU8(0x00000170, 0x1 Items)
T12F2D6C0 015:919.656   CPU_ReadMem(1 bytes @ 0x00000170)
T12F2D6C0 015:920.019   failed
T12F2D6C0 015:920.031 - 0.383ms returns 0 (0x0)
T12F2D6C0 015:920.040 JLINK_ReadMemU8(0x00000171, 0x1 Items)
T12F2D6C0 015:920.049   CPU_ReadMem(1 bytes @ 0x00000171)
T12F2D6C0 015:920.383   failed
T12F2D6C0 015:920.397 - 0.356ms returns 0 (0x0)
T12F2D6C0 015:920.406 JLINK_ReadMemU8(0x00000172, 0x1 Items)
T12F2D6C0 015:920.414   CPU_ReadMem(1 bytes @ 0x00000172)
T12F2D6C0 015:920.758   failed
T12F2D6C0 015:920.771 - 0.366ms returns 0 (0x0)
T12F2D6C0 015:920.780 JLINK_ReadMemU8(0x00000173, 0x1 Items)
T12F2D6C0 015:920.789   CPU_ReadMem(1 bytes @ 0x00000173)
T12F2D6C0 015:921.132   failed
T12F2D6C0 015:921.140 - 0.360ms returns 0 (0x0)
T12F2D6C0 015:921.147 JLINK_ReadMemU8(0x00000174, 0x1 Items)
T12F2D6C0 015:921.153   CPU_ReadMem(1 bytes @ 0x00000174)
T12F2D6C0 015:921.506   failed
T12F2D6C0 015:921.516 - 0.369ms returns 0 (0x0)
T12F2D6C0 015:921.523 JLINK_ReadMemU8(0x00000175, 0x1 Items)
T12F2D6C0 015:921.529   CPU_ReadMem(1 bytes @ 0x00000175)
T12F2D6C0 015:921.894   failed
T12F2D6C0 015:921.902 - 0.379ms returns 0 (0x0)
T12F2D6C0 015:921.909 JLINK_ReadMemU8(0x00000176, 0x1 Items)
T12F2D6C0 015:921.915   CPU_ReadMem(1 bytes @ 0x00000176)
T12F2D6C0 015:922.257   failed
T12F2D6C0 015:922.281 - 0.372ms returns 0 (0x0)
T12F2D6C0 015:922.288 JLINK_ReadMemU8(0x00000177, 0x1 Items)
T12F2D6C0 015:922.295   CPU_ReadMem(1 bytes @ 0x00000177)
T12F2D6C0 015:922.632   failed
T12F2D6C0 015:922.641 - 0.353ms returns 0 (0x0)
T12F2D6C0 015:922.648 JLINK_ReadMemU8(0x00000178, 0x1 Items)
T12F2D6C0 015:922.654   CPU_ReadMem(1 bytes @ 0x00000178)
T12F2D6C0 015:923.016   failed
T12F2D6C0 015:923.029 - 0.381ms returns 0 (0x0)
T12F2D6C0 015:923.038 JLINK_ReadMemU8(0x00000179, 0x1 Items)
T12F2D6C0 015:923.046   CPU_ReadMem(1 bytes @ 0x00000179)
T12F2D6C0 015:923.383   failed
T12F2D6C0 015:923.397 - 0.359ms returns 0 (0x0)
T12F2D6C0 015:923.406 JLINK_ReadMemU8(0x0000017A, 0x1 Items)
T12F2D6C0 015:923.416   CPU_ReadMem(1 bytes @ 0x0000017A)
T12F2D6C0 015:923.758   failed
T12F2D6C0 015:923.771 - 0.365ms returns 0 (0x0)
T12F2D6C0 015:923.780 JLINK_ReadMemU8(0x0000017B, 0x1 Items)
T12F2D6C0 015:923.788   CPU_ReadMem(1 bytes @ 0x0000017B)
T12F2D6C0 015:924.132   failed
T12F2D6C0 015:924.141 - 0.360ms returns 0 (0x0)
T12F2D6C0 015:924.147 JLINK_ReadMemU8(0x0000017C, 0x1 Items)
T12F2D6C0 015:924.153   CPU_ReadMem(1 bytes @ 0x0000017C)
T12F2D6C0 015:924.506   failed
T12F2D6C0 015:924.516 - 0.369ms returns 0 (0x0)
T12F2D6C0 015:924.523 JLINK_ReadMemU8(0x0000017D, 0x1 Items)
T12F2D6C0 015:924.529   CPU_ReadMem(1 bytes @ 0x0000017D)
T12F2D6C0 015:924.893   failed
T12F2D6C0 015:924.903 - 0.380ms returns 0 (0x0)
T12F2D6C0 015:924.911 JLINK_ReadMemU8(0x0000017E, 0x1 Items)
T12F2D6C0 015:924.919   CPU_ReadMem(1 bytes @ 0x0000017E)
T12F2D6C0 015:925.257   failed
T12F2D6C0 015:925.273 - 0.362ms returns 0 (0x0)
T12F2D6C0 015:925.282 JLINK_ReadMemU8(0x0000017F, 0x1 Items)
T12F2D6C0 015:925.293   CPU_ReadMem(1 bytes @ 0x0000017F)
T12F2D6C0 015:925.631   failed
T12F2D6C0 015:925.640 - 0.358ms returns 0 (0x0)
T12F2D6C0 015:925.647 JLINK_ReadMemEx(0x00000180, 0x10 Bytes, Flags = 0x00000000)
T12F2D6C0 015:925.653   CPU_ReadMem(16 bytes @ 0x00000180)
T12F2D6C0 015:926.021   failed
T12F2D6C0 015:926.030 - 0.382ms returns 0 (0x0)
T12F2D6C0 015:926.036 JLINK_ReadMemU8(0x00000180, 0x1 Items)
T12F2D6C0 015:926.043   CPU_ReadMem(1 bytes @ 0x00000180)
T12F2D6C0 015:926.382   failed
T12F2D6C0 015:926.392 - 0.355ms returns 0 (0x0)
T12F2D6C0 015:926.398 JLINK_ReadMemU8(0x00000181, 0x1 Items)
T12F2D6C0 015:926.405   CPU_ReadMem(1 bytes @ 0x00000181)
T12F2D6C0 015:926.756   failed
T12F2D6C0 015:926.765 - 0.367ms returns 0 (0x0)
T12F2D6C0 015:926.775 JLINK_ReadMemU8(0x00000182, 0x1 Items)
T12F2D6C0 015:926.782   CPU_ReadMem(1 bytes @ 0x00000182)
T12F2D6C0 015:927.129   failed
T12F2D6C0 015:927.138 - 0.363ms returns 0 (0x0)
T12F2D6C0 015:927.144 JLINK_ReadMemU8(0x00000183, 0x1 Items)
T12F2D6C0 015:927.151   CPU_ReadMem(1 bytes @ 0x00000183)
T12F2D6C0 015:927.506   failed
T12F2D6C0 015:927.516 - 0.372ms returns 0 (0x0)
T12F2D6C0 015:927.523 JLINK_ReadMemU8(0x00000184, 0x1 Items)
T12F2D6C0 015:927.529   CPU_ReadMem(1 bytes @ 0x00000184)
T12F2D6C0 015:927.894   failed
T12F2D6C0 015:927.906 - 0.383ms returns 0 (0x0)
T12F2D6C0 015:927.915 JLINK_ReadMemU8(0x00000185, 0x1 Items)
T12F2D6C0 015:927.923   CPU_ReadMem(1 bytes @ 0x00000185)
T12F2D6C0 015:928.258   failed
T12F2D6C0 015:928.282 - 0.367ms returns 0 (0x0)
T12F2D6C0 015:928.294 JLINK_ReadMemU8(0x00000186, 0x1 Items)
T12F2D6C0 015:928.304   CPU_ReadMem(1 bytes @ 0x00000186)
T12F2D6C0 015:928.633   failed
T12F2D6C0 015:928.645 - 0.351ms returns 0 (0x0)
T12F2D6C0 015:928.654 JLINK_ReadMemU8(0x00000187, 0x1 Items)
T12F2D6C0 015:928.663   CPU_ReadMem(1 bytes @ 0x00000187)
T12F2D6C0 015:929.015   failed
T12F2D6C0 015:929.024 - 0.370ms returns 0 (0x0)
T12F2D6C0 015:929.031 JLINK_ReadMemU8(0x00000188, 0x1 Items)
T12F2D6C0 015:929.038   CPU_ReadMem(1 bytes @ 0x00000188)
T12F2D6C0 015:929.383   failed
T12F2D6C0 015:929.393 - 0.362ms returns 0 (0x0)
T12F2D6C0 015:929.400 JLINK_ReadMemU8(0x00000189, 0x1 Items)
T12F2D6C0 015:929.407   CPU_ReadMem(1 bytes @ 0x00000189)
T12F2D6C0 015:929.757   failed
T12F2D6C0 015:929.766 - 0.367ms returns 0 (0x0)
T12F2D6C0 015:929.773 JLINK_ReadMemU8(0x0000018A, 0x1 Items)
T12F2D6C0 015:929.780   CPU_ReadMem(1 bytes @ 0x0000018A)
T12F2D6C0 015:930.131   failed
T12F2D6C0 015:930.140 - 0.367ms returns 0 (0x0)
T12F2D6C0 015:930.147 JLINK_ReadMemU8(0x0000018B, 0x1 Items)
T12F2D6C0 015:930.153   CPU_ReadMem(1 bytes @ 0x0000018B)
T12F2D6C0 015:930.507   failed
T12F2D6C0 015:930.517 - 0.370ms returns 0 (0x0)
T12F2D6C0 015:930.524 JLINK_ReadMemU8(0x0000018C, 0x1 Items)
T12F2D6C0 015:930.532   CPU_ReadMem(1 bytes @ 0x0000018C)
T12F2D6C0 015:930.893   failed
T12F2D6C0 015:930.903 - 0.379ms returns 0 (0x0)
T12F2D6C0 015:930.912 JLINK_ReadMemU8(0x0000018D, 0x1 Items)
T12F2D6C0 015:930.920   CPU_ReadMem(1 bytes @ 0x0000018D)
T12F2D6C0 015:931.258   failed
T12F2D6C0 015:931.281 - 0.369ms returns 0 (0x0)
T12F2D6C0 015:931.294 JLINK_ReadMemU8(0x0000018E, 0x1 Items)
T12F2D6C0 015:931.307   CPU_ReadMem(1 bytes @ 0x0000018E)
T12F2D6C0 015:931.633   failed
T12F2D6C0 015:931.645 - 0.351ms returns 0 (0x0)
T12F2D6C0 015:931.656 JLINK_ReadMemU8(0x0000018F, 0x1 Items)
T12F2D6C0 015:931.665   CPU_ReadMem(1 bytes @ 0x0000018F)
T12F2D6C0 015:932.015   failed
T12F2D6C0 015:932.025 - 0.369ms returns 0 (0x0)
T12F2D6C0 015:932.031 JLINK_ReadMemEx(0x00000190, 0x10 Bytes, Flags = 0x00000000)
T12F2D6C0 015:932.039   CPU_ReadMem(16 bytes @ 0x00000190)
T12F2D6C0 015:932.382   failed
T12F2D6C0 015:932.392 - 0.361ms returns 0 (0x0)
T12F2D6C0 015:932.399 JLINK_ReadMemU8(0x00000190, 0x1 Items)
T12F2D6C0 015:932.405   CPU_ReadMem(1 bytes @ 0x00000190)
T12F2D6C0 015:932.756   failed
T12F2D6C0 015:932.766 - 0.367ms returns 0 (0x0)
T12F2D6C0 015:932.773 JLINK_ReadMemU8(0x00000191, 0x1 Items)
T12F2D6C0 015:932.780   CPU_ReadMem(1 bytes @ 0x00000191)
T12F2D6C0 015:933.131   failed
T12F2D6C0 015:933.140 - 0.367ms returns 0 (0x0)
T12F2D6C0 015:933.147 JLINK_ReadMemU8(0x00000192, 0x1 Items)
T12F2D6C0 015:933.154   CPU_ReadMem(1 bytes @ 0x00000192)
T12F2D6C0 015:933.506   failed
T12F2D6C0 015:933.517 - 0.370ms returns 0 (0x0)
T12F2D6C0 015:933.523 JLINK_ReadMemU8(0x00000193, 0x1 Items)
T12F2D6C0 015:933.530   CPU_ReadMem(1 bytes @ 0x00000193)
T12F2D6C0 015:933.892   failed
T12F2D6C0 015:933.901 - 0.377ms returns 0 (0x0)
T12F2D6C0 015:933.907 JLINK_ReadMemU8(0x00000194, 0x1 Items)
T12F2D6C0 015:933.913   CPU_ReadMem(1 bytes @ 0x00000194)
T12F2D6C0 015:934.255   failed
T12F2D6C0 015:934.284 - 0.377ms returns 0 (0x0)
T12F2D6C0 015:934.298 JLINK_ReadMemU8(0x00000195, 0x1 Items)
T12F2D6C0 015:934.322   CPU_ReadMem(1 bytes @ 0x00000195)
T12F2D6C0 015:934.634   failed
T12F2D6C0 015:934.646 - 0.348ms returns 0 (0x0)
T12F2D6C0 015:934.655 JLINK_ReadMemU8(0x00000196, 0x1 Items)
T12F2D6C0 015:934.663   CPU_ReadMem(1 bytes @ 0x00000196)
T12F2D6C0 015:935.016   failed
T12F2D6C0 015:935.025 - 0.370ms returns 0 (0x0)
T12F2D6C0 015:935.032 JLINK_ReadMemU8(0x00000197, 0x1 Items)
T12F2D6C0 015:935.038   CPU_ReadMem(1 bytes @ 0x00000197)
T12F2D6C0 015:935.381   failed
T12F2D6C0 015:935.391 - 0.359ms returns 0 (0x0)
T12F2D6C0 015:935.398 JLINK_ReadMemU8(0x00000198, 0x1 Items)
T12F2D6C0 015:935.404   CPU_ReadMem(1 bytes @ 0x00000198)
T12F2D6C0 015:935.756   failed
T12F2D6C0 015:935.767 - 0.368ms returns 0 (0x0)
T12F2D6C0 015:935.774 JLINK_ReadMemU8(0x00000199, 0x1 Items)
T12F2D6C0 015:935.783   CPU_ReadMem(1 bytes @ 0x00000199)
T12F2D6C0 015:936.132   failed
T12F2D6C0 015:936.142 - 0.368ms returns 0 (0x0)
T12F2D6C0 015:936.150 JLINK_ReadMemU8(0x0000019A, 0x1 Items)
T12F2D6C0 015:936.158   CPU_ReadMem(1 bytes @ 0x0000019A)
T12F2D6C0 015:936.507   failed
T12F2D6C0 015:936.517 - 0.366ms returns 0 (0x0)
T12F2D6C0 015:936.523 JLINK_ReadMemU8(0x0000019B, 0x1 Items)
T12F2D6C0 015:936.529   CPU_ReadMem(1 bytes @ 0x0000019B)
T12F2D6C0 015:936.890   failed
T12F2D6C0 015:936.899 - 0.376ms returns 0 (0x0)
T12F2D6C0 015:936.906 JLINK_ReadMemU8(0x0000019C, 0x1 Items)
T12F2D6C0 015:936.912   CPU_ReadMem(1 bytes @ 0x0000019C)
T12F2D6C0 015:937.256   failed
T12F2D6C0 015:937.274 - 0.369ms returns 0 (0x0)
T12F2D6C0 015:937.282 JLINK_ReadMemU8(0x0000019D, 0x1 Items)
T12F2D6C0 015:937.290   CPU_ReadMem(1 bytes @ 0x0000019D)
T12F2D6C0 015:937.631   failed
T12F2D6C0 015:937.640 - 0.358ms returns 0 (0x0)
T12F2D6C0 015:937.646 JLINK_ReadMemU8(0x0000019E, 0x1 Items)
T12F2D6C0 015:937.652   CPU_ReadMem(1 bytes @ 0x0000019E)
T12F2D6C0 015:938.016   failed
T12F2D6C0 015:938.029 - 0.383ms returns 0 (0x0)
T12F2D6C0 015:938.038 JLINK_ReadMemU8(0x0000019F, 0x1 Items)
T12F2D6C0 015:938.046   CPU_ReadMem(1 bytes @ 0x0000019F)
T12F2D6C0 015:938.382   failed
T12F2D6C0 015:938.396 - 0.358ms returns 0 (0x0)
T12F2D6C0 015:938.405 JLINK_ReadMemEx(0x000001A0, 0x10 Bytes, Flags = 0x00000000)
T12F2D6C0 015:938.414   CPU_ReadMem(16 bytes @ 0x000001A0)
T12F2D6C0 015:938.758   failed
T12F2D6C0 015:938.770 - 0.365ms returns 0 (0x0)
T12F2D6C0 015:938.779 JLINK_ReadMemU8(0x000001A0, 0x1 Items)
T12F2D6C0 015:938.789   CPU_ReadMem(1 bytes @ 0x000001A0)
T12F2D6C0 015:939.132   failed
T12F2D6C0 015:939.142 - 0.363ms returns 0 (0x0)
T12F2D6C0 015:939.150 JLINK_ReadMemU8(0x000001A1, 0x1 Items)
T12F2D6C0 015:939.156   CPU_ReadMem(1 bytes @ 0x000001A1)
T12F2D6C0 015:939.506   failed
T12F2D6C0 015:939.516 - 0.366ms returns 0 (0x0)
T12F2D6C0 015:939.523 JLINK_ReadMemU8(0x000001A2, 0x1 Items)
T12F2D6C0 015:939.529   CPU_ReadMem(1 bytes @ 0x000001A2)
T12F2D6C0 015:939.893   failed
T12F2D6C0 015:939.902 - 0.379ms returns 0 (0x0)
T12F2D6C0 015:939.908 JLINK_ReadMemU8(0x000001A3, 0x1 Items)
T12F2D6C0 015:939.915   CPU_ReadMem(1 bytes @ 0x000001A3)
T12F2D6C0 015:940.256   failed
T12F2D6C0 015:940.273 - 0.364ms returns 0 (0x0)
T12F2D6C0 015:940.282 JLINK_ReadMemU8(0x000001A4, 0x1 Items)
T12F2D6C0 015:940.291   CPU_ReadMem(1 bytes @ 0x000001A4)
T12F2D6C0 015:940.631   failed
T12F2D6C0 015:940.640 - 0.357ms returns 0 (0x0)
T12F2D6C0 015:940.647 JLINK_ReadMemU8(0x000001A5, 0x1 Items)
T12F2D6C0 015:940.653   CPU_ReadMem(1 bytes @ 0x000001A5)
T12F2D6C0 015:941.016   failed
T12F2D6C0 015:941.026 - 0.380ms returns 0 (0x0)
T12F2D6C0 015:941.032 JLINK_ReadMemU8(0x000001A6, 0x1 Items)
T12F2D6C0 015:941.039   CPU_ReadMem(1 bytes @ 0x000001A6)
T12F2D6C0 015:941.380   failed
T12F2D6C0 015:941.390 - 0.358ms returns 0 (0x0)
T12F2D6C0 015:941.397 JLINK_ReadMemU8(0x000001A7, 0x1 Items)
T12F2D6C0 015:941.403   CPU_ReadMem(1 bytes @ 0x000001A7)
T12F2D6C0 015:941.756   failed
T12F2D6C0 015:941.765 - 0.368ms returns 0 (0x0)
T12F2D6C0 015:941.771 JLINK_ReadMemU8(0x000001A8, 0x1 Items)
T12F2D6C0 015:941.782   CPU_ReadMem(1 bytes @ 0x000001A8)
T12F2D6C0 015:942.131   failed
T12F2D6C0 015:942.142 - 0.370ms returns 0 (0x0)
T12F2D6C0 015:942.148 JLINK_ReadMemU8(0x000001A9, 0x1 Items)
T12F2D6C0 015:942.154   CPU_ReadMem(1 bytes @ 0x000001A9)
T12F2D6C0 015:942.507   failed
T12F2D6C0 015:942.517 - 0.369ms returns 0 (0x0)
T12F2D6C0 015:942.524 JLINK_ReadMemU8(0x000001AA, 0x1 Items)
T12F2D6C0 015:942.530   CPU_ReadMem(1 bytes @ 0x000001AA)
T12F2D6C0 015:942.892   failed
T12F2D6C0 015:942.904 - 0.379ms returns 0 (0x0)
T12F2D6C0 015:942.913 JLINK_ReadMemU8(0x000001AB, 0x1 Items)
T12F2D6C0 015:942.921   CPU_ReadMem(1 bytes @ 0x000001AB)
T12F2D6C0 015:943.256   failed
T12F2D6C0 015:943.273 - 0.360ms returns 0 (0x0)
T12F2D6C0 015:943.283 JLINK_ReadMemU8(0x000001AC, 0x1 Items)
T12F2D6C0 015:943.292   CPU_ReadMem(1 bytes @ 0x000001AC)
T12F2D6C0 015:943.629   failed
T12F2D6C0 015:943.639 - 0.356ms returns 0 (0x0)
T12F2D6C0 015:943.648 JLINK_ReadMemU8(0x000001AD, 0x1 Items)
T12F2D6C0 015:943.656   CPU_ReadMem(1 bytes @ 0x000001AD)
T12F2D6C0 015:944.015   failed
T12F2D6C0 015:944.025 - 0.377ms returns 0 (0x0)
T12F2D6C0 015:944.033 JLINK_ReadMemU8(0x000001AE, 0x1 Items)
T12F2D6C0 015:944.041   CPU_ReadMem(1 bytes @ 0x000001AE)
T12F2D6C0 015:944.382   failed
T12F2D6C0 015:944.393 - 0.360ms returns 0 (0x0)
T12F2D6C0 015:944.400 JLINK_ReadMemU8(0x000001AF, 0x1 Items)
T12F2D6C0 015:944.406   CPU_ReadMem(1 bytes @ 0x000001AF)
T12F2D6C0 015:944.757   failed
T12F2D6C0 015:944.765 - 0.365ms returns 0 (0x0)
T12F2D6C0 015:944.772 JLINK_ReadMemEx(0x000001B0, 0x10 Bytes, Flags = 0x00000000)
T12F2D6C0 015:944.779   CPU_ReadMem(16 bytes @ 0x000001B0)
T12F2D6C0 015:945.131   failed
T12F2D6C0 015:945.142 - 0.370ms returns 0 (0x0)
T12F2D6C0 015:945.148 JLINK_ReadMemU8(0x000001B0, 0x1 Items)
T12F2D6C0 015:945.155   CPU_ReadMem(1 bytes @ 0x000001B0)
T12F2D6C0 015:945.507   failed
T12F2D6C0 015:945.518 - 0.370ms returns 0 (0x0)
T12F2D6C0 015:945.526 JLINK_ReadMemU8(0x000001B1, 0x1 Items)
T12F2D6C0 015:945.534   CPU_ReadMem(1 bytes @ 0x000001B1)
T12F2D6C0 015:945.895   failed
T12F2D6C0 015:945.906 - 0.380ms returns 0 (0x0)
T12F2D6C0 015:945.914 JLINK_ReadMemU8(0x000001B2, 0x1 Items)
T12F2D6C0 015:945.920   CPU_ReadMem(1 bytes @ 0x000001B2)
T12F2D6C0 015:946.256   failed
T12F2D6C0 015:946.274 - 0.360ms returns 0 (0x0)
T12F2D6C0 015:946.283 JLINK_ReadMemU8(0x000001B3, 0x1 Items)
T12F2D6C0 015:946.292   CPU_ReadMem(1 bytes @ 0x000001B3)
T12F2D6C0 015:946.636   failed
T12F2D6C0 015:946.648 - 0.365ms returns 0 (0x0)
T12F2D6C0 015:946.655 JLINK_ReadMemU8(0x000001B4, 0x1 Items)
T12F2D6C0 015:946.663   CPU_ReadMem(1 bytes @ 0x000001B4)
T12F2D6C0 015:947.015   failed
T12F2D6C0 015:947.027 - 0.372ms returns 0 (0x0)
T12F2D6C0 015:947.034 JLINK_ReadMemU8(0x000001B5, 0x1 Items)
T12F2D6C0 015:947.041   CPU_ReadMem(1 bytes @ 0x000001B5)
T12F2D6C0 015:947.381   failed
T12F2D6C0 015:947.391 - 0.357ms returns 0 (0x0)
T12F2D6C0 015:947.399 JLINK_ReadMemU8(0x000001B6, 0x1 Items)
T12F2D6C0 015:947.405   CPU_ReadMem(1 bytes @ 0x000001B6)
T12F2D6C0 015:947.756   failed
T12F2D6C0 015:947.765 - 0.366ms returns 0 (0x0)
T12F2D6C0 015:947.772 JLINK_ReadMemU8(0x000001B7, 0x1 Items)
T12F2D6C0 015:947.778   CPU_ReadMem(1 bytes @ 0x000001B7)
T12F2D6C0 015:948.131   failed
T12F2D6C0 015:948.141 - 0.369ms returns 0 (0x0)
T12F2D6C0 015:948.148 JLINK_ReadMemU8(0x000001B8, 0x1 Items)
T12F2D6C0 015:948.155   CPU_ReadMem(1 bytes @ 0x000001B8)
T12F2D6C0 015:948.507   failed
T12F2D6C0 015:948.517 - 0.369ms returns 0 (0x0)
T12F2D6C0 015:948.524 JLINK_ReadMemU8(0x000001B9, 0x1 Items)
T12F2D6C0 015:948.531   CPU_ReadMem(1 bytes @ 0x000001B9)
T12F2D6C0 015:948.889   failed
T12F2D6C0 015:948.899 - 0.375ms returns 0 (0x0)
T12F2D6C0 015:948.907 JLINK_ReadMemU8(0x000001BA, 0x1 Items)
T12F2D6C0 015:948.913   CPU_ReadMem(1 bytes @ 0x000001BA)
T12F2D6C0 015:949.256   failed
T12F2D6C0 015:949.272 - 0.365ms returns 0 (0x0)
T12F2D6C0 015:949.280 JLINK_ReadMemU8(0x000001BB, 0x1 Items)
T12F2D6C0 015:949.288   CPU_ReadMem(1 bytes @ 0x000001BB)
T12F2D6C0 015:949.632   failed
T12F2D6C0 015:949.642 - 0.362ms returns 0 (0x0)
T12F2D6C0 015:949.650 JLINK_ReadMemU8(0x000001BC, 0x1 Items)
T12F2D6C0 015:949.658   CPU_ReadMem(1 bytes @ 0x000001BC)
T12F2D6C0 015:950.014   failed
T12F2D6C0 015:950.023 - 0.373ms returns 0 (0x0)
T12F2D6C0 015:950.031 JLINK_ReadMemU8(0x000001BD, 0x1 Items)
T12F2D6C0 015:950.039   CPU_ReadMem(1 bytes @ 0x000001BD)
T12F2D6C0 015:950.379   failed
T12F2D6C0 015:950.390 - 0.358ms returns 0 (0x0)
T12F2D6C0 015:950.396 JLINK_ReadMemU8(0x000001BE, 0x1 Items)
T12F2D6C0 015:950.403   CPU_ReadMem(1 bytes @ 0x000001BE)
T12F2D6C0 015:950.758   failed
T12F2D6C0 015:950.771 - 0.375ms returns 0 (0x0)
T12F2D6C0 015:950.780 JLINK_ReadMemU8(0x000001BF, 0x1 Items)
T12F2D6C0 015:950.788   CPU_ReadMem(1 bytes @ 0x000001BF)
T12F2D6C0 015:951.131   failed
T12F2D6C0 015:951.140 - 0.361ms returns 0 (0x0)
T12F2D6C0 015:951.147 JLINK_ReadMemEx(0x000001C0, 0x10 Bytes, Flags = 0x00000000)
T12F2D6C0 015:951.154   CPU_ReadMem(16 bytes @ 0x000001C0)
T12F2D6C0 015:951.506   failed
T12F2D6C0 015:951.516 - 0.369ms returns 0 (0x0)
T12F2D6C0 015:951.523 JLINK_ReadMemU8(0x000001C0, 0x1 Items)
T12F2D6C0 015:951.529   CPU_ReadMem(1 bytes @ 0x000001C0)
T12F2D6C0 015:951.889   failed
T12F2D6C0 015:951.898 - 0.375ms returns 0 (0x0)
T12F2D6C0 015:951.905 JLINK_ReadMemU8(0x000001C1, 0x1 Items)
T12F2D6C0 015:951.911   CPU_ReadMem(1 bytes @ 0x000001C1)
T12F2D6C0 015:952.259   failed
T12F2D6C0 015:952.275 - 0.370ms returns 0 (0x0)
T12F2D6C0 015:952.282 JLINK_ReadMemU8(0x000001C2, 0x1 Items)
T12F2D6C0 015:952.292   CPU_ReadMem(1 bytes @ 0x000001C2)
T12F2D6C0 015:952.632   failed
T12F2D6C0 015:952.641 - 0.359ms returns 0 (0x0)
T12F2D6C0 015:952.648 JLINK_ReadMemU8(0x000001C3, 0x1 Items)
T12F2D6C0 015:952.658   CPU_ReadMem(1 bytes @ 0x000001C3)
T12F2D6C0 015:953.015   failed
T12F2D6C0 015:953.028 - 0.380ms returns 0 (0x0)
T12F2D6C0 015:953.038 JLINK_ReadMemU8(0x000001C4, 0x1 Items)
T12F2D6C0 015:953.049   CPU_ReadMem(1 bytes @ 0x000001C4)
T12F2D6C0 015:953.381   failed
T12F2D6C0 015:953.395 - 0.357ms returns 0 (0x0)
T12F2D6C0 015:953.406 JLINK_ReadMemU8(0x000001C5, 0x1 Items)
T12F2D6C0 015:953.416   CPU_ReadMem(1 bytes @ 0x000001C5)
T12F2D6C0 015:953.757   failed
T12F2D6C0 015:953.772 - 0.366ms returns 0 (0x0)
T12F2D6C0 015:953.783 JLINK_ReadMemU8(0x000001C6, 0x1 Items)
T12F2D6C0 015:953.792   CPU_ReadMem(1 bytes @ 0x000001C6)
T12F2D6C0 015:954.131   failed
T12F2D6C0 015:954.144 - 0.362ms returns 0 (0x0)
T12F2D6C0 015:954.154 JLINK_ReadMemU8(0x000001C7, 0x1 Items)
T12F2D6C0 015:954.164   CPU_ReadMem(1 bytes @ 0x000001C7)
T12F2D6C0 015:954.505   failed
T12F2D6C0 015:954.521 - 0.367ms returns 0 (0x0)
T12F2D6C0 015:954.531 JLINK_ReadMemU8(0x000001C8, 0x1 Items)
T12F2D6C0 015:954.542   CPU_ReadMem(1 bytes @ 0x000001C8)
T12F2D6C0 015:954.890   failed
T12F2D6C0 015:954.903 - 0.371ms returns 0 (0x0)
T12F2D6C0 015:954.913 JLINK_ReadMemU8(0x000001C9, 0x1 Items)
T12F2D6C0 015:954.922   CPU_ReadMem(1 bytes @ 0x000001C9)
T12F2D6C0 015:955.257   failed
T12F2D6C0 015:955.276 - 0.364ms returns 0 (0x0)
T12F2D6C0 015:955.286 JLINK_ReadMemU8(0x000001CA, 0x1 Items)
T12F2D6C0 015:955.296   CPU_ReadMem(1 bytes @ 0x000001CA)
T12F2D6C0 015:955.632   failed
T12F2D6C0 015:955.645 - 0.359ms returns 0 (0x0)
T12F2D6C0 015:955.655 JLINK_ReadMemU8(0x000001CB, 0x1 Items)
T12F2D6C0 015:955.665   CPU_ReadMem(1 bytes @ 0x000001CB)
T12F2D6C0 015:956.019   failed
T12F2D6C0 015:956.032 - 0.377ms returns 0 (0x0)
T12F2D6C0 015:956.044 JLINK_ReadMemU8(0x000001CC, 0x1 Items)
T12F2D6C0 015:956.053   CPU_ReadMem(1 bytes @ 0x000001CC)
T12F2D6C0 015:956.382   failed
T12F2D6C0 015:956.397 - 0.353ms returns 0 (0x0)
T12F2D6C0 015:956.410 JLINK_ReadMemU8(0x000001CD, 0x1 Items)
T12F2D6C0 015:956.420   CPU_ReadMem(1 bytes @ 0x000001CD)
T12F2D6C0 015:956.757   failed
T12F2D6C0 015:956.770 - 0.360ms returns 0 (0x0)
T12F2D6C0 015:956.781 JLINK_ReadMemU8(0x000001CE, 0x1 Items)
T12F2D6C0 015:956.791   CPU_ReadMem(1 bytes @ 0x000001CE)
T12F2D6C0 015:957.132   failed
T12F2D6C0 015:957.145 - 0.364ms returns 0 (0x0)
T12F2D6C0 015:957.155 JLINK_ReadMemU8(0x000001CF, 0x1 Items)
T12F2D6C0 015:957.165   CPU_ReadMem(1 bytes @ 0x000001CF)
T12F2D6C0 015:957.507   failed
T12F2D6C0 015:957.524 - 0.369ms returns 0 (0x0)
T12F2D6C0 015:957.534 JLINK_ReadMemEx(0x000001D0, 0x10 Bytes, Flags = 0x00000000)
T12F2D6C0 015:957.544   CPU_ReadMem(16 bytes @ 0x000001D0)
T12F2D6C0 015:957.890   failed
T12F2D6C0 015:957.906 - 0.371ms returns 0 (0x0)
T12F2D6C0 015:957.916 JLINK_ReadMemU8(0x000001D0, 0x1 Items)
T12F2D6C0 015:957.925   CPU_ReadMem(1 bytes @ 0x000001D0)
T12F2D6C0 015:958.256   failed
T12F2D6C0 015:958.278 - 0.362ms returns 0 (0x0)
T12F2D6C0 015:958.288 JLINK_ReadMemU8(0x000001D1, 0x1 Items)
T12F2D6C0 015:958.299   CPU_ReadMem(1 bytes @ 0x000001D1)
T12F2D6C0 015:958.630   failed
T12F2D6C0 015:958.640 - 0.352ms returns 0 (0x0)
T12F2D6C0 015:958.647 JLINK_ReadMemU8(0x000001D2, 0x1 Items)
T12F2D6C0 015:958.656   CPU_ReadMem(1 bytes @ 0x000001D2)
T12F2D6C0 015:959.014   failed
T12F2D6C0 015:959.024 - 0.376ms returns 0 (0x0)
T12F2D6C0 015:959.031 JLINK_ReadMemU8(0x000001D3, 0x1 Items)
T12F2D6C0 015:959.042   CPU_ReadMem(1 bytes @ 0x000001D3)
T12F2D6C0 015:959.379   failed
T12F2D6C0 015:959.391 - 0.360ms returns 0 (0x0)
T12F2D6C0 015:959.399 JLINK_ReadMemU8(0x000001D4, 0x1 Items)
T12F2D6C0 015:959.406   CPU_ReadMem(1 bytes @ 0x000001D4)
T12F2D6C0 015:959.758   failed
T12F2D6C0 015:959.778 - 0.379ms returns 0 (0x0)
T12F2D6C0 015:959.789 JLINK_ReadMemU8(0x000001D5, 0x1 Items)
T12F2D6C0 015:959.803   CPU_ReadMem(1 bytes @ 0x000001D5)
T12F2D6C0 015:960.130   failed
T12F2D6C0 015:960.143 - 0.355ms returns 0 (0x0)
T12F2D6C0 015:960.152 JLINK_ReadMemU8(0x000001D6, 0x1 Items)
T12F2D6C0 015:960.162   CPU_ReadMem(1 bytes @ 0x000001D6)
T12F2D6C0 015:960.505   failed
T12F2D6C0 015:960.523 - 0.371ms returns 0 (0x0)
T12F2D6C0 015:960.532 JLINK_ReadMemU8(0x000001D7, 0x1 Items)
T12F2D6C0 015:960.545   CPU_ReadMem(1 bytes @ 0x000001D7)
T12F2D6C0 015:960.892   failed
T12F2D6C0 015:960.904 - 0.372ms returns 0 (0x0)
T12F2D6C0 015:960.913 JLINK_ReadMemU8(0x000001D8, 0x1 Items)
T12F2D6C0 015:960.921   CPU_ReadMem(1 bytes @ 0x000001D8)
T12F2D6C0 015:961.253   failed
T12F2D6C0 015:961.267 - 0.354ms returns 0 (0x0)
T12F2D6C0 015:961.276 JLINK_ReadMemU8(0x000001D9, 0x1 Items)
T12F2D6C0 015:961.286   CPU_ReadMem(1 bytes @ 0x000001D9)
T12F2D6C0 015:961.628   failed
T12F2D6C0 015:961.638 - 0.362ms returns 0 (0x0)
T12F2D6C0 015:961.645 JLINK_ReadMemU8(0x000001DA, 0x1 Items)
T12F2D6C0 015:961.653   CPU_ReadMem(1 bytes @ 0x000001DA)
T12F2D6C0 015:962.016   failed
T12F2D6C0 015:962.029 - 0.384ms returns 0 (0x0)
T12F2D6C0 015:962.040 JLINK_ReadMemU8(0x000001DB, 0x1 Items)
T12F2D6C0 015:962.054   CPU_ReadMem(1 bytes @ 0x000001DB)
T12F2D6C0 015:962.383   failed
T12F2D6C0 015:962.403 - 0.362ms returns 0 (0x0)
T12F2D6C0 015:962.413 JLINK_ReadMemU8(0x000001DC, 0x1 Items)
T12F2D6C0 015:962.424   CPU_ReadMem(1 bytes @ 0x000001DC)
T12F2D6C0 015:962.754   failed
T12F2D6C0 015:962.768 - 0.355ms returns 0 (0x0)
T12F2D6C0 015:962.777 JLINK_ReadMemU8(0x000001DD, 0x1 Items)
T12F2D6C0 015:962.787   CPU_ReadMem(1 bytes @ 0x000001DD)
T12F2D6C0 015:963.129   failed
T12F2D6C0 015:963.140 - 0.363ms returns 0 (0x0)
T12F2D6C0 015:963.147 JLINK_ReadMemU8(0x000001DE, 0x1 Items)
T12F2D6C0 015:963.155   CPU_ReadMem(1 bytes @ 0x000001DE)
T12F2D6C0 015:963.502   failed
T12F2D6C0 015:963.515 - 0.368ms returns 0 (0x0)
T12F2D6C0 015:963.522 JLINK_ReadMemU8(0x000001DF, 0x1 Items)
T12F2D6C0 015:963.529   CPU_ReadMem(1 bytes @ 0x000001DF)
T12F2D6C0 015:963.888   failed
T12F2D6C0 015:963.898 - 0.375ms returns 0 (0x0)
T12F2D6C0 015:963.905 JLINK_ReadMemEx(0x000001E0, 0x10 Bytes, Flags = 0x00000000)
T12F2D6C0 015:963.914   CPU_ReadMem(16 bytes @ 0x000001E0)
T12F2D6C0 015:964.254   failed
T12F2D6C0 015:964.268 - 0.363ms returns 0 (0x0)
T12F2D6C0 015:964.277 JLINK_ReadMemU8(0x000001E0, 0x1 Items)
T12F2D6C0 015:964.284   CPU_ReadMem(1 bytes @ 0x000001E0)
T12F2D6C0 015:964.627   failed
T12F2D6C0 015:964.643 - 0.367ms returns 0 (0x0)
T12F2D6C0 015:964.650 JLINK_ReadMemU8(0x000001E1, 0x1 Items)
T12F2D6C0 015:964.656   CPU_ReadMem(1 bytes @ 0x000001E1)
T12F2D6C0 015:965.012   failed
T12F2D6C0 015:965.023 - 0.374ms returns 0 (0x0)
T12F2D6C0 015:965.031 JLINK_ReadMemU8(0x000001E2, 0x1 Items)
T12F2D6C0 015:965.039   CPU_ReadMem(1 bytes @ 0x000001E2)
T12F2D6C0 015:965.377   failed
T12F2D6C0 015:965.387 - 0.356ms returns 0 (0x0)
T12F2D6C0 015:965.394 JLINK_ReadMemU8(0x000001E3, 0x1 Items)
T12F2D6C0 015:965.401   CPU_ReadMem(1 bytes @ 0x000001E3)
T12F2D6C0 015:965.754   failed
T12F2D6C0 015:965.766 - 0.372ms returns 0 (0x0)
T12F2D6C0 015:965.773 JLINK_ReadMemU8(0x000001E4, 0x1 Items)
T12F2D6C0 015:965.780   CPU_ReadMem(1 bytes @ 0x000001E4)
T12F2D6C0 015:966.129   failed
T12F2D6C0 015:966.141 - 0.368ms returns 0 (0x0)
T12F2D6C0 015:966.148 JLINK_ReadMemU8(0x000001E5, 0x1 Items)
T12F2D6C0 015:966.155   CPU_ReadMem(1 bytes @ 0x000001E5)
T12F2D6C0 015:966.502   failed
T12F2D6C0 015:966.512 - 0.364ms returns 0 (0x0)
T12F2D6C0 015:966.519 JLINK_ReadMemU8(0x000001E6, 0x1 Items)
T12F2D6C0 015:966.526   CPU_ReadMem(1 bytes @ 0x000001E6)
T12F2D6C0 015:966.888   failed
T12F2D6C0 015:966.897 - 0.378ms returns 0 (0x0)
T12F2D6C0 015:966.904 JLINK_ReadMemU8(0x000001E7, 0x1 Items)
T12F2D6C0 015:966.910   CPU_ReadMem(1 bytes @ 0x000001E7)
T12F2D6C0 015:967.254   failed
T12F2D6C0 015:967.270 - 0.366ms returns 0 (0x0)
T12F2D6C0 015:967.278 JLINK_ReadMemU8(0x000001E8, 0x1 Items)
T12F2D6C0 015:967.284   CPU_ReadMem(1 bytes @ 0x000001E8)
T12F2D6C0 015:967.628   failed
T12F2D6C0 015:967.637 - 0.359ms returns 0 (0x0)
T12F2D6C0 015:967.645 JLINK_ReadMemU8(0x000001E9, 0x1 Items)
T12F2D6C0 015:967.653   CPU_ReadMem(1 bytes @ 0x000001E9)
T12F2D6C0 015:968.012   failed
T12F2D6C0 015:968.020 - 0.375ms returns 0 (0x0)
T12F2D6C0 015:968.027 JLINK_ReadMemU8(0x000001EA, 0x1 Items)
T12F2D6C0 015:968.034   CPU_ReadMem(1 bytes @ 0x000001EA)
T12F2D6C0 015:968.378   failed
T12F2D6C0 015:968.389 - 0.362ms returns 0 (0x0)
T12F2D6C0 015:968.396 JLINK_ReadMemU8(0x000001EB, 0x1 Items)
T12F2D6C0 015:968.402   CPU_ReadMem(1 bytes @ 0x000001EB)
T12F2D6C0 015:968.752   failed
T12F2D6C0 015:968.761 - 0.365ms returns 0 (0x0)
T12F2D6C0 015:968.769 JLINK_ReadMemU8(0x000001EC, 0x1 Items)
T12F2D6C0 015:968.775   CPU_ReadMem(1 bytes @ 0x000001EC)
T12F2D6C0 015:969.128   failed
T12F2D6C0 015:969.137 - 0.369ms returns 0 (0x0)
T12F2D6C0 015:969.144 JLINK_ReadMemU8(0x000001ED, 0x1 Items)
T12F2D6C0 015:969.150   CPU_ReadMem(1 bytes @ 0x000001ED)
T12F2D6C0 015:969.504   failed
T12F2D6C0 015:969.514 - 0.370ms returns 0 (0x0)
T12F2D6C0 015:969.521 JLINK_ReadMemU8(0x000001EE, 0x1 Items)
T12F2D6C0 015:969.528   CPU_ReadMem(1 bytes @ 0x000001EE)
T12F2D6C0 015:969.888   failed
T12F2D6C0 015:969.897 - 0.376ms returns 0 (0x0)
T12F2D6C0 015:969.904 JLINK_ReadMemU8(0x000001EF, 0x1 Items)
T12F2D6C0 015:969.910   CPU_ReadMem(1 bytes @ 0x000001EF)
T12F2D6C0 015:970.253   failed
T12F2D6C0 015:970.267 - 0.363ms returns 0 (0x0)
T12F2D6C0 015:970.275 JLINK_ReadMemEx(0x000001F0, 0x10 Bytes, Flags = 0x00000000)
T12F2D6C0 015:970.282   CPU_ReadMem(16 bytes @ 0x000001F0)
T12F2D6C0 015:970.627   failed
T12F2D6C0 015:970.636 - 0.361ms returns 0 (0x0)
T12F2D6C0 015:970.642 JLINK_ReadMemU8(0x000001F0, 0x1 Items)
T12F2D6C0 015:970.649   CPU_ReadMem(1 bytes @ 0x000001F0)
T12F2D6C0 015:971.014   failed
T12F2D6C0 015:971.023 - 0.381ms returns 0 (0x0)
T12F2D6C0 015:971.030 JLINK_ReadMemU8(0x000001F1, 0x1 Items)
T12F2D6C0 015:971.036   CPU_ReadMem(1 bytes @ 0x000001F1)
T12F2D6C0 015:971.377   failed
T12F2D6C0 015:971.387 - 0.358ms returns 0 (0x0)
T12F2D6C0 015:971.394 JLINK_ReadMemU8(0x000001F2, 0x1 Items)
T12F2D6C0 015:971.400   CPU_ReadMem(1 bytes @ 0x000001F2)
T12F2D6C0 015:971.753   failed
T12F2D6C0 015:971.762 - 0.368ms returns 0 (0x0)
T12F2D6C0 015:971.769 JLINK_ReadMemU8(0x000001F3, 0x1 Items)
T12F2D6C0 015:971.775   CPU_ReadMem(1 bytes @ 0x000001F3)
T12F2D6C0 015:972.128   failed
T12F2D6C0 015:972.137 - 0.367ms returns 0 (0x0)
T12F2D6C0 015:972.148 JLINK_ReadMemU8(0x000001F4, 0x1 Items)
T12F2D6C0 015:972.155   CPU_ReadMem(1 bytes @ 0x000001F4)
T12F2D6C0 015:972.504   failed
T12F2D6C0 015:972.515 - 0.367ms returns 0 (0x0)
T12F2D6C0 015:972.522 JLINK_ReadMemU8(0x000001F5, 0x1 Items)
T12F2D6C0 015:972.529   CPU_ReadMem(1 bytes @ 0x000001F5)
T12F2D6C0 015:972.888   failed
T12F2D6C0 015:972.897 - 0.375ms returns 0 (0x0)
T12F2D6C0 015:972.904 JLINK_ReadMemU8(0x000001F6, 0x1 Items)
T12F2D6C0 015:972.910   CPU_ReadMem(1 bytes @ 0x000001F6)
T12F2D6C0 015:973.252   failed
T12F2D6C0 015:973.266 - 0.362ms returns 0 (0x0)
T12F2D6C0 015:973.274 JLINK_ReadMemU8(0x000001F7, 0x1 Items)
T12F2D6C0 015:973.281   CPU_ReadMem(1 bytes @ 0x000001F7)
T12F2D6C0 015:973.626   failed
T12F2D6C0 015:973.635 - 0.361ms returns 0 (0x0)
T12F2D6C0 015:973.642 JLINK_ReadMemU8(0x000001F8, 0x1 Items)
T12F2D6C0 015:973.649   CPU_ReadMem(1 bytes @ 0x000001F8)
T12F2D6C0 015:974.016   failed
T12F2D6C0 015:974.025 - 0.382ms returns 0 (0x0)
T12F2D6C0 015:974.031 JLINK_ReadMemU8(0x000001F9, 0x1 Items)
T12F2D6C0 015:974.038   CPU_ReadMem(1 bytes @ 0x000001F9)
T12F2D6C0 015:974.377   failed
T12F2D6C0 015:974.387 - 0.356ms returns 0 (0x0)
T12F2D6C0 015:974.394 JLINK_ReadMemU8(0x000001FA, 0x1 Items)
T12F2D6C0 015:974.401   CPU_ReadMem(1 bytes @ 0x000001FA)
T12F2D6C0 015:974.754   failed
T12F2D6C0 015:974.762 - 0.368ms returns 0 (0x0)
T12F2D6C0 015:974.769 JLINK_ReadMemU8(0x000001FB, 0x1 Items)
T12F2D6C0 015:974.776   CPU_ReadMem(1 bytes @ 0x000001FB)
T12F2D6C0 015:975.126   failed
T12F2D6C0 015:975.135 - 0.366ms returns 0 (0x0)
T12F2D6C0 015:975.143 JLINK_ReadMemU8(0x000001FC, 0x1 Items)
T12F2D6C0 015:975.152   CPU_ReadMem(1 bytes @ 0x000001FC)
T12F2D6C0 015:975.503   failed
T12F2D6C0 015:975.514 - 0.371ms returns 0 (0x0)
T12F2D6C0 015:975.521 JLINK_ReadMemU8(0x000001FD, 0x1 Items)
T12F2D6C0 015:975.527   CPU_ReadMem(1 bytes @ 0x000001FD)
T12F2D6C0 015:975.892   failed
T12F2D6C0 015:975.901 - 0.380ms returns 0 (0x0)
T12F2D6C0 015:975.908 JLINK_ReadMemU8(0x000001FE, 0x1 Items)
T12F2D6C0 015:975.914   CPU_ReadMem(1 bytes @ 0x000001FE)
T12F2D6C0 015:976.253   failed
T12F2D6C0 015:976.267 - 0.359ms returns 0 (0x0)
T12F2D6C0 015:976.277 JLINK_ReadMemU8(0x000001FF, 0x1 Items)
T12F2D6C0 015:976.283   CPU_ReadMem(1 bytes @ 0x000001FF)
T12F2D6C0 015:976.627   failed
T12F2D6C0 015:976.636 - 0.360ms returns 0 (0x0)
T12F2D6C0 015:976.643 JLINK_ReadMemEx(0x00000200, 0x10 Bytes, Flags = 0x00000000)
T12F2D6C0 015:976.649   CPU_ReadMem(16 bytes @ 0x00000200)
T12F2D6C0 015:977.017   failed
T12F2D6C0 015:977.026 - 0.383ms returns 0 (0x0)
T12F2D6C0 015:977.032 JLINK_ReadMemU8(0x00000200, 0x1 Items)
T12F2D6C0 015:977.039   CPU_ReadMem(1 bytes @ 0x00000200)
T12F2D6C0 015:977.378   failed
T12F2D6C0 015:977.389 - 0.357ms returns 0 (0x0)
T12F2D6C0 015:977.396 JLINK_ReadMemU8(0x00000201, 0x1 Items)
T12F2D6C0 015:977.402   CPU_ReadMem(1 bytes @ 0x00000201)
T12F2D6C0 015:977.751   failed
T12F2D6C0 015:977.760 - 0.365ms returns 0 (0x0)
T12F2D6C0 015:977.767 JLINK_ReadMemU8(0x00000202, 0x1 Items)
T12F2D6C0 015:977.773   CPU_ReadMem(1 bytes @ 0x00000202)
T12F2D6C0 015:978.129   failed
T12F2D6C0 015:978.138 - 0.371ms returns 0 (0x0)
T12F2D6C0 015:978.146 JLINK_ReadMemU8(0x00000203, 0x1 Items)
T12F2D6C0 015:978.153   CPU_ReadMem(1 bytes @ 0x00000203)
T12F2D6C0 015:978.504   failed
T12F2D6C0 015:978.514 - 0.368ms returns 0 (0x0)
T12F2D6C0 015:978.521 JLINK_ReadMemU8(0x00000204, 0x1 Items)
T12F2D6C0 015:978.528   CPU_ReadMem(1 bytes @ 0x00000204)
T12F2D6C0 015:978.887   failed
T12F2D6C0 015:978.896 - 0.375ms returns 0 (0x0)
T12F2D6C0 015:978.903 JLINK_ReadMemU8(0x00000205, 0x1 Items)
T12F2D6C0 015:978.909   CPU_ReadMem(1 bytes @ 0x00000205)
T12F2D6C0 015:979.254   failed
T12F2D6C0 015:979.269 - 0.366ms returns 0 (0x0)
T12F2D6C0 015:979.276 JLINK_ReadMemU8(0x00000206, 0x1 Items)
T12F2D6C0 015:979.284   CPU_ReadMem(1 bytes @ 0x00000206)
T12F2D6C0 015:979.629   failed
T12F2D6C0 015:979.638 - 0.362ms returns 0 (0x0)
T12F2D6C0 015:979.649 JLINK_ReadMemU8(0x00000207, 0x1 Items)
T12F2D6C0 015:979.655   CPU_ReadMem(1 bytes @ 0x00000207)
T12F2D6C0 015:980.016   failed
T12F2D6C0 015:980.024 - 0.375ms returns 0 (0x0)
T12F2D6C0 015:980.032 JLINK_ReadMemU8(0x00000208, 0x1 Items)
T12F2D6C0 015:980.039   CPU_ReadMem(1 bytes @ 0x00000208)
T12F2D6C0 015:980.379   failed
T12F2D6C0 015:980.389 - 0.357ms returns 0 (0x0)
T12F2D6C0 015:980.396 JLINK_ReadMemU8(0x00000209, 0x1 Items)
T12F2D6C0 015:980.403   CPU_ReadMem(1 bytes @ 0x00000209)
T12F2D6C0 015:980.754   failed
T12F2D6C0 015:980.765 - 0.369ms returns 0 (0x0)
T12F2D6C0 015:980.772 JLINK_ReadMemU8(0x0000020A, 0x1 Items)
T12F2D6C0 015:980.778   CPU_ReadMem(1 bytes @ 0x0000020A)
T12F2D6C0 015:981.129   failed
T12F2D6C0 015:981.138 - 0.366ms returns 0 (0x0)
T12F2D6C0 015:981.145 JLINK_ReadMemU8(0x0000020B, 0x1 Items)
T12F2D6C0 015:981.152   CPU_ReadMem(1 bytes @ 0x0000020B)
T12F2D6C0 015:981.505   failed
T12F2D6C0 015:981.516 - 0.370ms returns 0 (0x0)
T12F2D6C0 015:981.524 JLINK_ReadMemU8(0x0000020C, 0x1 Items)
T12F2D6C0 015:981.530   CPU_ReadMem(1 bytes @ 0x0000020C)
T12F2D6C0 015:981.887   failed
T12F2D6C0 015:981.896 - 0.372ms returns 0 (0x0)
T12F2D6C0 015:981.903 JLINK_ReadMemU8(0x0000020D, 0x1 Items)
T12F2D6C0 015:981.909   CPU_ReadMem(1 bytes @ 0x0000020D)
T12F2D6C0 015:982.254   failed
T12F2D6C0 015:982.270 - 0.367ms returns 0 (0x0)
T12F2D6C0 015:982.279 JLINK_ReadMemU8(0x0000020E, 0x1 Items)
T12F2D6C0 015:982.287   CPU_ReadMem(1 bytes @ 0x0000020E)
T12F2D6C0 015:982.629   failed
T12F2D6C0 015:982.640 - 0.360ms returns 0 (0x0)
T12F2D6C0 015:982.647 JLINK_ReadMemU8(0x0000020F, 0x1 Items)
T12F2D6C0 015:982.654   CPU_ReadMem(1 bytes @ 0x0000020F)
T12F2D6C0 015:983.016   failed
T12F2D6C0 015:983.025 - 0.378ms returns 0 (0x0)
T12F2D6C0 015:983.032 JLINK_ReadMemEx(0x00000210, 0x10 Bytes, Flags = 0x00000000)
T12F2D6C0 015:983.038   CPU_ReadMem(16 bytes @ 0x00000210)
T12F2D6C0 015:983.378   failed
T12F2D6C0 015:983.389 - 0.358ms returns 0 (0x0)
T12F2D6C0 015:983.396 JLINK_ReadMemU8(0x00000210, 0x1 Items)
T12F2D6C0 015:983.403   CPU_ReadMem(1 bytes @ 0x00000210)
T12F2D6C0 015:983.754   failed
T12F2D6C0 015:983.765 - 0.369ms returns 0 (0x0)
T12F2D6C0 015:983.771 JLINK_ReadMemU8(0x00000211, 0x1 Items)
T12F2D6C0 015:983.778   CPU_ReadMem(1 bytes @ 0x00000211)
T12F2D6C0 015:984.129   failed
T12F2D6C0 015:984.140 - 0.369ms returns 0 (0x0)
T12F2D6C0 015:984.148 JLINK_ReadMemU8(0x00000212, 0x1 Items)
T12F2D6C0 015:984.155   CPU_ReadMem(1 bytes @ 0x00000212)
T12F2D6C0 015:984.504   failed
T12F2D6C0 015:984.515 - 0.367ms returns 0 (0x0)
T12F2D6C0 015:984.522 JLINK_ReadMemU8(0x00000213, 0x1 Items)
T12F2D6C0 015:984.528   CPU_ReadMem(1 bytes @ 0x00000213)
T12F2D6C0 015:984.888   failed
T12F2D6C0 015:984.897 - 0.374ms returns 0 (0x0)
T12F2D6C0 015:984.903 JLINK_ReadMemU8(0x00000214, 0x1 Items)
T12F2D6C0 015:984.910   CPU_ReadMem(1 bytes @ 0x00000214)
T12F2D6C0 015:985.254   failed
T12F2D6C0 015:985.270 - 0.367ms returns 0 (0x0)
T12F2D6C0 015:985.278 JLINK_ReadMemU8(0x00000215, 0x1 Items)
T12F2D6C0 015:985.287   CPU_ReadMem(1 bytes @ 0x00000215)
T12F2D6C0 015:985.630   failed
T12F2D6C0 015:985.638 - 0.360ms returns 0 (0x0)
T12F2D6C0 015:985.645 JLINK_ReadMemU8(0x00000216, 0x1 Items)
T12F2D6C0 015:985.652   CPU_ReadMem(1 bytes @ 0x00000216)
T12F2D6C0 015:986.022   failed
T12F2D6C0 015:986.030 - 0.385ms returns 0 (0x0)
T12F2D6C0 015:986.037 JLINK_ReadMemU8(0x00000217, 0x1 Items)
T12F2D6C0 015:986.044   CPU_ReadMem(1 bytes @ 0x00000217)
T12F2D6C0 015:986.379   failed
T12F2D6C0 015:986.390 - 0.353ms returns 0 (0x0)
T12F2D6C0 015:986.397 JLINK_ReadMemU8(0x00000218, 0x1 Items)
T12F2D6C0 015:986.403   CPU_ReadMem(1 bytes @ 0x00000218)
T12F2D6C0 015:986.754   failed
T12F2D6C0 015:986.762 - 0.365ms returns 0 (0x0)
T12F2D6C0 015:986.769 JLINK_ReadMemU8(0x00000219, 0x1 Items)
T12F2D6C0 015:986.775   CPU_ReadMem(1 bytes @ 0x00000219)
T12F2D6C0 015:987.129   failed
T12F2D6C0 015:987.138 - 0.369ms returns 0 (0x0)
T12F2D6C0 015:987.145 JLINK_ReadMemU8(0x0000021A, 0x1 Items)
T12F2D6C0 015:987.160   CPU_ReadMem(1 bytes @ 0x0000021A)
T12F2D6C0 015:987.504   failed
T12F2D6C0 015:987.515 - 0.371ms returns 0 (0x0)
T12F2D6C0 015:987.523 JLINK_ReadMemU8(0x0000021B, 0x1 Items)
T12F2D6C0 015:987.529   CPU_ReadMem(1 bytes @ 0x0000021B)
T12F2D6C0 015:987.888   failed
T12F2D6C0 015:987.897 - 0.374ms returns 0 (0x0)
T12F2D6C0 015:987.903 JLINK_ReadMemU8(0x0000021C, 0x1 Items)
T12F2D6C0 015:987.910   CPU_ReadMem(1 bytes @ 0x0000021C)
T12F2D6C0 015:988.254   failed
T12F2D6C0 015:988.267 - 0.364ms returns 0 (0x0)
T12F2D6C0 015:988.275 JLINK_ReadMemU8(0x0000021D, 0x1 Items)
T12F2D6C0 015:988.282   CPU_ReadMem(1 bytes @ 0x0000021D)
T12F2D6C0 015:988.629   failed
T12F2D6C0 015:988.638 - 0.363ms returns 0 (0x0)
T12F2D6C0 015:988.646 JLINK_ReadMemU8(0x0000021E, 0x1 Items)
T12F2D6C0 015:988.653   CPU_ReadMem(1 bytes @ 0x0000021E)
T12F2D6C0 015:989.015   failed
T12F2D6C0 015:989.025 - 0.379ms returns 0 (0x0)
T12F2D6C0 015:989.033 JLINK_ReadMemU8(0x0000021F, 0x1 Items)
T12F2D6C0 015:989.041   CPU_ReadMem(1 bytes @ 0x0000021F)
T12F2D6C0 015:989.380   failed
T12F2D6C0 015:989.390 - 0.357ms returns 0 (0x0)
T12F2D6C0 015:989.397 JLINK_ReadMemEx(0x00000220, 0x10 Bytes, Flags = 0x00000000)
T12F2D6C0 015:989.404   CPU_ReadMem(16 bytes @ 0x00000220)
T12F2D6C0 015:989.754   failed
T12F2D6C0 015:989.763 - 0.366ms returns 0 (0x0)
T12F2D6C0 015:989.770 JLINK_ReadMemU8(0x00000220, 0x1 Items)
T12F2D6C0 015:989.776   CPU_ReadMem(1 bytes @ 0x00000220)
T12F2D6C0 015:990.130   failed
T12F2D6C0 015:990.138 - 0.368ms returns 0 (0x0)
T12F2D6C0 015:990.145 JLINK_ReadMemU8(0x00000221, 0x1 Items)
T12F2D6C0 015:990.151   CPU_ReadMem(1 bytes @ 0x00000221)
T12F2D6C0 015:990.504   failed
T12F2D6C0 015:990.515 - 0.370ms returns 0 (0x0)
T12F2D6C0 015:990.522 JLINK_ReadMemU8(0x00000222, 0x1 Items)
T12F2D6C0 015:990.529   CPU_ReadMem(1 bytes @ 0x00000222)
T12F2D6C0 015:990.888   failed
T12F2D6C0 015:990.897 - 0.375ms returns 0 (0x0)
T12F2D6C0 015:990.904 JLINK_ReadMemU8(0x00000223, 0x1 Items)
T12F2D6C0 015:990.913   CPU_ReadMem(1 bytes @ 0x00000223)
T12F2D6C0 015:991.254   failed
T12F2D6C0 015:991.270 - 0.366ms returns 0 (0x0)
T12F2D6C0 015:991.278 JLINK_ReadMemU8(0x00000224, 0x1 Items)
T12F2D6C0 015:991.286   CPU_ReadMem(1 bytes @ 0x00000224)
T12F2D6C0 015:991.629   failed
T12F2D6C0 015:991.638 - 0.359ms returns 0 (0x0)
T12F2D6C0 015:991.644 JLINK_ReadMemU8(0x00000225, 0x1 Items)
T12F2D6C0 015:991.651   CPU_ReadMem(1 bytes @ 0x00000225)
T12F2D6C0 015:992.015   failed
T12F2D6C0 015:992.024 - 0.380ms returns 0 (0x0)
T12F2D6C0 015:992.031 JLINK_ReadMemU8(0x00000226, 0x1 Items)
T12F2D6C0 015:992.037   CPU_ReadMem(1 bytes @ 0x00000226)
T12F2D6C0 015:992.379   failed
T12F2D6C0 015:992.389 - 0.358ms returns 0 (0x0)
T12F2D6C0 015:992.396 JLINK_ReadMemU8(0x00000227, 0x1 Items)
T12F2D6C0 015:992.402   CPU_ReadMem(1 bytes @ 0x00000227)
T12F2D6C0 015:992.752   failed
T12F2D6C0 015:992.761 - 0.365ms returns 0 (0x0)
T12F2D6C0 015:992.768 JLINK_ReadMemU8(0x00000228, 0x1 Items)
T12F2D6C0 015:992.775   CPU_ReadMem(1 bytes @ 0x00000228)
T12F2D6C0 015:993.129   failed
T12F2D6C0 015:993.137 - 0.369ms returns 0 (0x0)
T12F2D6C0 015:993.144 JLINK_ReadMemU8(0x00000229, 0x1 Items)
T12F2D6C0 015:993.151   CPU_ReadMem(1 bytes @ 0x00000229)
T12F2D6C0 015:993.504   failed
T12F2D6C0 015:993.514 - 0.370ms returns 0 (0x0)
T12F2D6C0 015:993.521 JLINK_ReadMemU8(0x0000022A, 0x1 Items)
T12F2D6C0 015:993.527   CPU_ReadMem(1 bytes @ 0x0000022A)
T12F2D6C0 015:993.887   failed
T12F2D6C0 015:993.896 - 0.375ms returns 0 (0x0)
T12F2D6C0 015:993.904 JLINK_ReadMemU8(0x0000022B, 0x1 Items)
T12F2D6C0 015:993.913   CPU_ReadMem(1 bytes @ 0x0000022B)
T12F2D6C0 015:994.254   failed
T12F2D6C0 015:994.277 - 0.373ms returns 0 (0x0)
T12F2D6C0 015:994.286 JLINK_ReadMemU8(0x0000022C, 0x1 Items)
T12F2D6C0 015:994.295   CPU_ReadMem(1 bytes @ 0x0000022C)
T12F2D6C0 015:994.629   failed
T12F2D6C0 015:994.640 - 0.354ms returns 0 (0x0)
T12F2D6C0 015:994.648 JLINK_ReadMemU8(0x0000022D, 0x1 Items)
T12F2D6C0 015:994.654   CPU_ReadMem(1 bytes @ 0x0000022D)
T12F2D6C0 015:995.015   failed
T12F2D6C0 015:995.026 - 0.379ms returns 0 (0x0)
T12F2D6C0 015:995.034 JLINK_ReadMemU8(0x0000022E, 0x1 Items)
T12F2D6C0 015:995.042   CPU_ReadMem(1 bytes @ 0x0000022E)
T12F2D6C0 015:995.379   failed
T12F2D6C0 015:995.390 - 0.355ms returns 0 (0x0)
T12F2D6C0 015:995.396 JLINK_ReadMemU8(0x0000022F, 0x1 Items)
T12F2D6C0 015:995.403   CPU_ReadMem(1 bytes @ 0x0000022F)
T12F2D6C0 015:995.754   failed
T12F2D6C0 015:995.763 - 0.367ms returns 0 (0x0)
T12F2D6C0 015:995.769 JLINK_ReadMemEx(0x00000230, 0x10 Bytes, Flags = 0x00000000)
T12F2D6C0 015:995.776   CPU_ReadMem(16 bytes @ 0x00000230)
T12F2D6C0 015:996.129   failed
T12F2D6C0 015:996.138 - 0.368ms returns 0 (0x0)
T12F2D6C0 015:996.144 JLINK_ReadMemU8(0x00000230, 0x1 Items)
T12F2D6C0 015:996.152   CPU_ReadMem(1 bytes @ 0x00000230)
T12F2D6C0 015:996.504   failed
T12F2D6C0 015:996.515 - 0.371ms returns 0 (0x0)
T12F2D6C0 015:996.521 JLINK_ReadMemU8(0x00000231, 0x1 Items)
T12F2D6C0 015:996.528   CPU_ReadMem(1 bytes @ 0x00000231)
T12F2D6C0 015:996.887   failed
T12F2D6C0 015:996.896 - 0.375ms returns 0 (0x0)
T12F2D6C0 015:996.903 JLINK_ReadMemU8(0x00000232, 0x1 Items)
T12F2D6C0 015:996.911   CPU_ReadMem(1 bytes @ 0x00000232)
T12F2D6C0 015:997.254   failed
T12F2D6C0 015:997.267 - 0.364ms returns 0 (0x0)
T12F2D6C0 015:997.275 JLINK_ReadMemU8(0x00000233, 0x1 Items)
T12F2D6C0 015:997.282   CPU_ReadMem(1 bytes @ 0x00000233)
T12F2D6C0 015:997.629   failed
T12F2D6C0 015:997.638 - 0.363ms returns 0 (0x0)
T12F2D6C0 015:997.645 JLINK_ReadMemU8(0x00000234, 0x1 Items)
T12F2D6C0 015:997.651   CPU_ReadMem(1 bytes @ 0x00000234)
T12F2D6C0 015:998.015   failed
T12F2D6C0 015:998.024 - 0.379ms returns 0 (0x0)
T12F2D6C0 015:998.031 JLINK_ReadMemU8(0x00000235, 0x1 Items)
T12F2D6C0 015:998.038   CPU_ReadMem(1 bytes @ 0x00000235)
T12F2D6C0 015:998.379   failed
T12F2D6C0 015:998.389 - 0.358ms returns 0 (0x0)
T12F2D6C0 015:998.396 JLINK_ReadMemU8(0x00000236, 0x1 Items)
T12F2D6C0 015:998.403   CPU_ReadMem(1 bytes @ 0x00000236)
T12F2D6C0 015:998.754   failed
T12F2D6C0 015:998.763 - 0.367ms returns 0 (0x0)
T12F2D6C0 015:998.769 JLINK_ReadMemU8(0x00000237, 0x1 Items)
T12F2D6C0 015:998.776   CPU_ReadMem(1 bytes @ 0x00000237)
T12F2D6C0 015:999.129   failed
T12F2D6C0 015:999.138 - 0.369ms returns 0 (0x0)
T12F2D6C0 015:999.144 JLINK_ReadMemU8(0x00000238, 0x1 Items)
T12F2D6C0 015:999.151   CPU_ReadMem(1 bytes @ 0x00000238)
T12F2D6C0 015:999.504   failed
T12F2D6C0 015:999.514 - 0.370ms returns 0 (0x0)
T12F2D6C0 015:999.521 JLINK_ReadMemU8(0x00000239, 0x1 Items)
T12F2D6C0 015:999.528   CPU_ReadMem(1 bytes @ 0x00000239)
T12F2D6C0 015:999.885   failed
T12F2D6C0 015:999.894 - 0.373ms returns 0 (0x0)
T12F2D6C0 015:999.900 JLINK_ReadMemU8(0x0000023A, 0x1 Items)
T12F2D6C0 015:999.907   CPU_ReadMem(1 bytes @ 0x0000023A)
T12F2D6C0 016:000.255   failed
T12F2D6C0 016:000.270 - 0.370ms returns 0 (0x0)
T12F2D6C0 016:000.277 JLINK_ReadMemU8(0x0000023B, 0x1 Items)
T12F2D6C0 016:000.284   CPU_ReadMem(1 bytes @ 0x0000023B)
T12F2D6C0 016:000.629   failed
T12F2D6C0 016:000.640 - 0.364ms returns 0 (0x0)
T12F2D6C0 016:000.647 JLINK_ReadMemU8(0x0000023C, 0x1 Items)
T12F2D6C0 016:000.655   CPU_ReadMem(1 bytes @ 0x0000023C)
T12F2D6C0 016:001.015   failed
T12F2D6C0 016:001.024 - 0.377ms returns 0 (0x0)
T12F2D6C0 016:001.031 JLINK_ReadMemU8(0x0000023D, 0x1 Items)
T12F2D6C0 016:001.038   CPU_ReadMem(1 bytes @ 0x0000023D)
T12F2D6C0 016:001.379   failed
T12F2D6C0 016:001.389 - 0.358ms returns 0 (0x0)
T12F2D6C0 016:001.396 JLINK_ReadMemU8(0x0000023E, 0x1 Items)
T12F2D6C0 016:001.403   CPU_ReadMem(1 bytes @ 0x0000023E)
T12F2D6C0 016:001.753   failed
T12F2D6C0 016:001.762 - 0.366ms returns 0 (0x0)
T12F2D6C0 016:001.769 JLINK_ReadMemU8(0x0000023F, 0x1 Items)
T12F2D6C0 016:001.775   CPU_ReadMem(1 bytes @ 0x0000023F)
T12F2D6C0 016:002.129   failed
T12F2D6C0 016:002.138 - 0.368ms returns 0 (0x0)
T12F2D6C0 016:002.159 JLINK_IsHalted()
T12F2D6C0 016:002.166 - 0.007ms returns TRUE
T12F2D6C0 016:002.174 JLINK_ReadRegs_64(NumRegs = 17, Indexes: 
T12F2D6C0 016:002.184   0, 
T12F2D6C0 016:002.194   1, 
T12F2D6C0 016:002.202   2, 
T12F2D6C0 016:002.212   3, 
T12F2D6C0 016:002.221   4, 
T12F2D6C0 016:002.230   5, 
T12F2D6C0 016:002.238   6, 
T12F2D6C0 016:002.248   7, 
T12F2D6C0 016:002.257   74, 
T12F2D6C0 016:002.272   75, 
T12F2D6C0 016:002.280   76, 
T12F2D6C0 016:002.291   77, 
T12F2D6C0 016:002.299   78, 
T12F2D6C0 016:002.309   79, 
T12F2D6C0 016:002.319   80, 
T12F2D6C0 016:002.327   9, 
T12F2D6C0 016:002.337   8)
T12F2D6C0 016:002.821    -- R0=0x44E35000, R1=0x10, R2=0x20, R3=0x3F, R4=0x02, R5=0x4030CDC4, R6=0xFFFFFFFF, R7=0x00, R8=0x4030CDF4, R9=0x00, R10=0x29940, R11=0x29940, R12=0xCCC, R13=0x4030CDB0, R14=0x20A85, R15 (PC)=0x80000000, CPSR=0x80000193
T12F2D6C0 016:002.830 - 0.656ms returns 0
T12F2D6C0 016:002.840 JLINK_ReadMemEx(0x00000000, 0x240 Bytes, Flags = 0x00000000)
T12F2D6C0 016:002.847   CPU_ReadMem(576 bytes @ 0x00000000)
T12F2D6C0 016:003.348   failed
T12F2D6C0 016:003.360 - 0.521ms returns 0 (0x0)
T12F2D6C0 016:003.368 JLINK_ReadMemEx(0x00000000, 0x10 Bytes, Flags = 0x00000000)
T12F2D6C0 016:003.375   CPU_ReadMem(16 bytes @ 0x00000000)
T12F2D6C0 016:003.755   failed
T12F2D6C0 016:003.764 - 0.397ms returns 0 (0x0)
T12F2D6C0 016:003.771 JLINK_ReadMemU8(0x00000000, 0x1 Items)
T12F2D6C0 016:003.779   CPU_ReadMem(1 bytes @ 0x00000000)
T12F2D6C0 016:004.131   failed
T12F2D6C0 016:004.144 - 0.373ms returns 0 (0x0)
T12F2D6C0 016:004.153 JLINK_ReadMemU8(0x00000001, 0x1 Items)
T12F2D6C0 016:004.162   CPU_ReadMem(1 bytes @ 0x00000001)
T12F2D6C0 016:004.505   failed
T12F2D6C0 016:004.520 - 0.366ms returns 0 (0x0)
T12F2D6C0 016:004.529 JLINK_ReadMemU8(0x00000002, 0x1 Items)
T12F2D6C0 016:004.538   CPU_ReadMem(1 bytes @ 0x00000002)
T12F2D6C0 016:004.892   failed
T12F2D6C0 016:004.905 - 0.377ms returns 0 (0x0)
T12F2D6C0 016:004.914 JLINK_ReadMemU8(0x00000003, 0x1 Items)
T12F2D6C0 016:004.923   CPU_ReadMem(1 bytes @ 0x00000003)
T12F2D6C0 016:005.253   failed
T12F2D6C0 016:005.276 - 0.362ms returns 0 (0x0)
T12F2D6C0 016:005.284 JLINK_ReadMemU8(0x00000004, 0x1 Items)
T12F2D6C0 016:005.291   CPU_ReadMem(1 bytes @ 0x00000004)
T12F2D6C0 016:005.631   failed
T12F2D6C0 016:005.640 - 0.356ms returns 0 (0x0)
T12F2D6C0 016:005.647 JLINK_ReadMemU8(0x00000005, 0x1 Items)
T12F2D6C0 016:005.653   CPU_ReadMem(1 bytes @ 0x00000005)
T12F2D6C0 016:006.020   failed
T12F2D6C0 016:006.029 - 0.383ms returns 0 (0x0)
T12F2D6C0 016:006.036 JLINK_ReadMemU8(0x00000006, 0x1 Items)
T12F2D6C0 016:006.042   CPU_ReadMem(1 bytes @ 0x00000006)
T12F2D6C0 016:006.378   failed
T12F2D6C0 016:006.389 - 0.353ms returns 0 (0x0)
T12F2D6C0 016:006.397 JLINK_ReadMemU8(0x00000007, 0x1 Items)
T12F2D6C0 016:006.404   CPU_ReadMem(1 bytes @ 0x00000007)
T12F2D6C0 016:006.754   failed
T12F2D6C0 016:006.762 - 0.366ms returns 0 (0x0)
T12F2D6C0 016:006.769 JLINK_ReadMemU8(0x00000008, 0x1 Items)
T12F2D6C0 016:006.775   CPU_ReadMem(1 bytes @ 0x00000008)
T12F2D6C0 016:007.129   failed
T12F2D6C0 016:007.139 - 0.370ms returns 0 (0x0)
T12F2D6C0 016:007.147 JLINK_ReadMemU8(0x00000009, 0x1 Items)
T12F2D6C0 016:007.155   CPU_ReadMem(1 bytes @ 0x00000009)
T12F2D6C0 016:007.502   failed
T12F2D6C0 016:007.512 - 0.365ms returns 0 (0x0)
T12F2D6C0 016:007.519 JLINK_ReadMemU8(0x0000000A, 0x1 Items)
T12F2D6C0 016:007.526   CPU_ReadMem(1 bytes @ 0x0000000A)
T12F2D6C0 016:007.890   failed
T12F2D6C0 016:007.899 - 0.380ms returns 0 (0x0)
T12F2D6C0 016:007.905 JLINK_ReadMemU8(0x0000000B, 0x1 Items)
T12F2D6C0 016:007.912   CPU_ReadMem(1 bytes @ 0x0000000B)
T12F2D6C0 016:008.254   failed
T12F2D6C0 016:008.269 - 0.364ms returns 0 (0x0)
T12F2D6C0 016:008.277 JLINK_ReadMemU8(0x0000000C, 0x1 Items)
T12F2D6C0 016:008.283   CPU_ReadMem(1 bytes @ 0x0000000C)
T12F2D6C0 016:008.629   failed
T12F2D6C0 016:008.639 - 0.362ms returns 0 (0x0)
T12F2D6C0 016:008.647 JLINK_ReadMemU8(0x0000000D, 0x1 Items)
T12F2D6C0 016:008.655   CPU_ReadMem(1 bytes @ 0x0000000D)
T12F2D6C0 016:009.016   failed
T12F2D6C0 016:009.027 - 0.380ms returns 0 (0x0)
T12F2D6C0 016:009.037 JLINK_ReadMemU8(0x0000000E, 0x1 Items)
T12F2D6C0 016:009.046   CPU_ReadMem(1 bytes @ 0x0000000E)
T12F2D6C0 016:009.379   failed
T12F2D6C0 016:009.389 - 0.352ms returns 0 (0x0)
T12F2D6C0 016:009.396 JLINK_ReadMemU8(0x0000000F, 0x1 Items)
T12F2D6C0 016:009.405   CPU_ReadMem(1 bytes @ 0x0000000F)
T12F2D6C0 016:009.753   failed
T12F2D6C0 016:009.762 - 0.366ms returns 0 (0x0)
T12F2D6C0 016:009.769 JLINK_ReadMemEx(0x00000010, 0x10 Bytes, Flags = 0x00000000)
T12F2D6C0 016:009.775   CPU_ReadMem(16 bytes @ 0x00000010)
T12F2D6C0 016:010.129   failed
T12F2D6C0 016:010.137 - 0.368ms returns 0 (0x0)
T12F2D6C0 016:010.144 JLINK_ReadMemU8(0x00000010, 0x1 Items)
T12F2D6C0 016:010.150   CPU_ReadMem(1 bytes @ 0x00000010)
T12F2D6C0 016:010.504   failed
T12F2D6C0 016:010.514 - 0.370ms returns 0 (0x0)
T12F2D6C0 016:010.521 JLINK_ReadMemU8(0x00000011, 0x1 Items)
T12F2D6C0 016:010.528   CPU_ReadMem(1 bytes @ 0x00000011)
T12F2D6C0 016:010.891   failed
T12F2D6C0 016:010.900 - 0.379ms returns 0 (0x0)
T12F2D6C0 016:010.906 JLINK_ReadMemU8(0x00000012, 0x1 Items)
T12F2D6C0 016:010.913   CPU_ReadMem(1 bytes @ 0x00000012)
T12F2D6C0 016:011.254   failed
T12F2D6C0 016:011.268 - 0.362ms returns 0 (0x0)
T12F2D6C0 016:011.277 JLINK_ReadMemU8(0x00000013, 0x1 Items)
T12F2D6C0 016:011.284   CPU_ReadMem(1 bytes @ 0x00000013)
T12F2D6C0 016:011.627   failed
T12F2D6C0 016:011.635 - 0.358ms returns 0 (0x0)
T12F2D6C0 016:011.642 JLINK_ReadMemU8(0x00000014, 0x1 Items)
T12F2D6C0 016:011.648   CPU_ReadMem(1 bytes @ 0x00000014)
T12F2D6C0 016:012.015   failed
T12F2D6C0 016:012.026 - 0.384ms returns 0 (0x0)
T12F2D6C0 016:012.034 JLINK_ReadMemU8(0x00000015, 0x1 Items)
T12F2D6C0 016:012.042   CPU_ReadMem(1 bytes @ 0x00000015)
T12F2D6C0 016:012.377   failed
T12F2D6C0 016:012.387 - 0.353ms returns 0 (0x0)
T12F2D6C0 016:012.396 JLINK_ReadMemU8(0x00000016, 0x1 Items)
T12F2D6C0 016:012.403   CPU_ReadMem(1 bytes @ 0x00000016)
T12F2D6C0 016:012.754   failed
T12F2D6C0 016:012.763 - 0.367ms returns 0 (0x0)
T12F2D6C0 016:012.770 JLINK_ReadMemU8(0x00000017, 0x1 Items)
T12F2D6C0 016:012.776   CPU_ReadMem(1 bytes @ 0x00000017)
T12F2D6C0 016:013.128   failed
T12F2D6C0 016:013.139 - 0.370ms returns 0 (0x0)
T12F2D6C0 016:013.147 JLINK_ReadMemU8(0x00000018, 0x1 Items)
T12F2D6C0 016:013.155   CPU_ReadMem(1 bytes @ 0x00000018)
T12F2D6C0 016:013.509   failed
T12F2D6C0 016:013.526 - 0.379ms returns 0 (0x0)
T12F2D6C0 016:013.537 JLINK_ReadMemU8(0x00000019, 0x1 Items)
T12F2D6C0 016:013.548   CPU_ReadMem(1 bytes @ 0x00000019)
T12F2D6C0 016:013.890   failed
T12F2D6C0 016:013.899 - 0.362ms returns 0 (0x0)
T12F2D6C0 016:013.906 JLINK_ReadMemU8(0x0000001A, 0x1 Items)
T12F2D6C0 016:013.912   CPU_ReadMem(1 bytes @ 0x0000001A)
T12F2D6C0 016:014.256   failed
T12F2D6C0 016:014.276 - 0.370ms returns 0 (0x0)
T12F2D6C0 016:014.287 JLINK_ReadMemU8(0x0000001B, 0x1 Items)
T12F2D6C0 016:014.298   CPU_ReadMem(1 bytes @ 0x0000001B)
T12F2D6C0 016:014.634   failed
T12F2D6C0 016:014.646 - 0.359ms returns 0 (0x0)
T12F2D6C0 016:014.657 JLINK_ReadMemU8(0x0000001C, 0x1 Items)
T12F2D6C0 016:014.669   CPU_ReadMem(1 bytes @ 0x0000001C)
T12F2D6C0 016:015.016   failed
T12F2D6C0 016:015.028 - 0.371ms returns 0 (0x0)
T12F2D6C0 016:015.037 JLINK_ReadMemU8(0x0000001D, 0x1 Items)
T12F2D6C0 016:015.044   CPU_ReadMem(1 bytes @ 0x0000001D)
T12F2D6C0 016:015.379   failed
T12F2D6C0 016:015.390 - 0.353ms returns 0 (0x0)
T12F2D6C0 016:015.397 JLINK_ReadMemU8(0x0000001E, 0x1 Items)
T12F2D6C0 016:015.404   CPU_ReadMem(1 bytes @ 0x0000001E)
T12F2D6C0 016:015.754   failed
T12F2D6C0 016:015.764 - 0.367ms returns 0 (0x0)
T12F2D6C0 016:015.771 JLINK_ReadMemU8(0x0000001F, 0x1 Items)
T12F2D6C0 016:015.778   CPU_ReadMem(1 bytes @ 0x0000001F)
T12F2D6C0 016:016.129   failed
T12F2D6C0 016:016.138 - 0.367ms returns 0 (0x0)
T12F2D6C0 016:016.145 JLINK_ReadMemEx(0x00000020, 0x10 Bytes, Flags = 0x00000000)
T12F2D6C0 016:016.152   CPU_ReadMem(16 bytes @ 0x00000020)
T12F2D6C0 016:016.504   failed
T12F2D6C0 016:016.515 - 0.370ms returns 0 (0x0)
T12F2D6C0 016:016.526 JLINK_ReadMemU8(0x00000020, 0x1 Items)
T12F2D6C0 016:016.533   CPU_ReadMem(1 bytes @ 0x00000020)
T12F2D6C0 016:016.890   failed
T12F2D6C0 016:016.899 - 0.373ms returns 0 (0x0)
T12F2D6C0 016:016.906 JLINK_ReadMemU8(0x00000021, 0x1 Items)
T12F2D6C0 016:016.912   CPU_ReadMem(1 bytes @ 0x00000021)
T12F2D6C0 016:017.253   failed
T12F2D6C0 016:017.267 - 0.361ms returns 0 (0x0)
T12F2D6C0 016:017.275 JLINK_ReadMemU8(0x00000022, 0x1 Items)
T12F2D6C0 016:017.282   CPU_ReadMem(1 bytes @ 0x00000022)
T12F2D6C0 016:017.629   failed
T12F2D6C0 016:017.638 - 0.362ms returns 0 (0x0)
T12F2D6C0 016:017.645 JLINK_ReadMemU8(0x00000023, 0x1 Items)
T12F2D6C0 016:017.653   CPU_ReadMem(1 bytes @ 0x00000023)
T12F2D6C0 016:018.015   failed
T12F2D6C0 016:018.024 - 0.379ms returns 0 (0x0)
T12F2D6C0 016:018.031 JLINK_ReadMemU8(0x00000024, 0x1 Items)
T12F2D6C0 016:018.037   CPU_ReadMem(1 bytes @ 0x00000024)
T12F2D6C0 016:018.378   failed
T12F2D6C0 016:018.392 - 0.362ms returns 0 (0x0)
T12F2D6C0 016:018.401 JLINK_ReadMemU8(0x00000025, 0x1 Items)
T12F2D6C0 016:018.409   CPU_ReadMem(1 bytes @ 0x00000025)
T12F2D6C0 016:018.754   failed
T12F2D6C0 016:018.763 - 0.362ms returns 0 (0x0)
T12F2D6C0 016:018.769 JLINK_ReadMemU8(0x00000026, 0x1 Items)
T12F2D6C0 016:018.776   CPU_ReadMem(1 bytes @ 0x00000026)
T12F2D6C0 016:019.129   failed
T12F2D6C0 016:019.138 - 0.369ms returns 0 (0x0)
T12F2D6C0 016:019.145 JLINK_ReadMemU8(0x00000027, 0x1 Items)
T12F2D6C0 016:019.151   CPU_ReadMem(1 bytes @ 0x00000027)
T12F2D6C0 016:019.504   failed
T12F2D6C0 016:019.517 - 0.372ms returns 0 (0x0)
T12F2D6C0 016:019.525 JLINK_ReadMemU8(0x00000028, 0x1 Items)
T12F2D6C0 016:019.534   CPU_ReadMem(1 bytes @ 0x00000028)
T12F2D6C0 016:019.890   failed
T12F2D6C0 016:019.899 - 0.374ms returns 0 (0x0)
T12F2D6C0 016:019.906 JLINK_ReadMemU8(0x00000029, 0x1 Items)
T12F2D6C0 016:019.912   CPU_ReadMem(1 bytes @ 0x00000029)
T12F2D6C0 016:020.254   failed
T12F2D6C0 016:020.269 - 0.363ms returns 0 (0x0)
T12F2D6C0 016:020.278 JLINK_ReadMemU8(0x0000002A, 0x1 Items)
T12F2D6C0 016:020.285   CPU_ReadMem(1 bytes @ 0x0000002A)
T12F2D6C0 016:020.629   failed
T12F2D6C0 016:020.638 - 0.360ms returns 0 (0x0)
T12F2D6C0 016:020.644 JLINK_ReadMemU8(0x0000002B, 0x1 Items)
T12F2D6C0 016:020.651   CPU_ReadMem(1 bytes @ 0x0000002B)
T12F2D6C0 016:021.016   failed
T12F2D6C0 016:021.026 - 0.382ms returns 0 (0x0)
T12F2D6C0 016:021.033 JLINK_ReadMemU8(0x0000002C, 0x1 Items)
T12F2D6C0 016:021.040   CPU_ReadMem(1 bytes @ 0x0000002C)
T12F2D6C0 016:021.380   failed
T12F2D6C0 016:021.392 - 0.359ms returns 0 (0x0)
T12F2D6C0 016:021.400 JLINK_ReadMemU8(0x0000002D, 0x1 Items)
T12F2D6C0 016:021.410   CPU_ReadMem(1 bytes @ 0x0000002D)
T12F2D6C0 016:021.754   failed
T12F2D6C0 016:021.763 - 0.364ms returns 0 (0x0)
T12F2D6C0 016:021.770 JLINK_ReadMemU8(0x0000002E, 0x1 Items)
T12F2D6C0 016:021.780   CPU_ReadMem(1 bytes @ 0x0000002E)
T12F2D6C0 016:022.128   failed
T12F2D6C0 016:022.137 - 0.367ms returns 0 (0x0)
T12F2D6C0 016:022.144 JLINK_ReadMemU8(0x0000002F, 0x1 Items)
T12F2D6C0 016:022.154   CPU_ReadMem(1 bytes @ 0x0000002F)
T12F2D6C0 016:022.504   failed
T12F2D6C0 016:022.515 - 0.371ms returns 0 (0x0)
T12F2D6C0 016:022.523 JLINK_ReadMemEx(0x00000030, 0x10 Bytes, Flags = 0x00000000)
T12F2D6C0 016:022.533   CPU_ReadMem(16 bytes @ 0x00000030)
T12F2D6C0 016:022.890   failed
T12F2D6C0 016:022.901 - 0.377ms returns 0 (0x0)
T12F2D6C0 016:022.908 JLINK_ReadMemU8(0x00000030, 0x1 Items)
T12F2D6C0 016:022.917   CPU_ReadMem(1 bytes @ 0x00000030)
T12F2D6C0 016:023.254   failed
T12F2D6C0 016:023.270 - 0.362ms returns 0 (0x0)
T12F2D6C0 016:023.278 JLINK_ReadMemU8(0x00000031, 0x1 Items)
T12F2D6C0 016:023.288   CPU_ReadMem(1 bytes @ 0x00000031)
T12F2D6C0 016:023.629   failed
T12F2D6C0 016:023.640 - 0.362ms returns 0 (0x0)
T12F2D6C0 016:023.648 JLINK_ReadMemU8(0x00000032, 0x1 Items)
T12F2D6C0 016:023.657   CPU_ReadMem(1 bytes @ 0x00000032)
T12F2D6C0 016:024.015   failed
T12F2D6C0 016:024.026 - 0.378ms returns 0 (0x0)
T12F2D6C0 016:024.033 JLINK_ReadMemU8(0x00000033, 0x1 Items)
T12F2D6C0 016:024.046   CPU_ReadMem(1 bytes @ 0x00000033)
T12F2D6C0 016:024.379   failed
T12F2D6C0 016:024.389 - 0.356ms returns 0 (0x0)
T12F2D6C0 016:024.397 JLINK_ReadMemU8(0x00000034, 0x1 Items)
T12F2D6C0 016:024.406   CPU_ReadMem(1 bytes @ 0x00000034)
T12F2D6C0 016:024.753   failed
T12F2D6C0 016:024.762 - 0.365ms returns 0 (0x0)
T12F2D6C0 016:024.769 JLINK_ReadMemU8(0x00000035, 0x1 Items)
T12F2D6C0 016:024.778   CPU_ReadMem(1 bytes @ 0x00000035)
T12F2D6C0 016:025.129   failed
T12F2D6C0 016:025.138 - 0.369ms returns 0 (0x0)
T12F2D6C0 016:025.146 JLINK_ReadMemU8(0x00000036, 0x1 Items)
T12F2D6C0 016:025.154   CPU_ReadMem(1 bytes @ 0x00000036)
T12F2D6C0 016:025.503   failed
T12F2D6C0 016:025.514 - 0.369ms returns 0 (0x0)
T12F2D6C0 016:025.521 JLINK_ReadMemU8(0x00000037, 0x1 Items)
T12F2D6C0 016:025.530   CPU_ReadMem(1 bytes @ 0x00000037)
T12F2D6C0 016:025.896   failed
T12F2D6C0 016:025.905 - 0.384ms returns 0 (0x0)
T12F2D6C0 016:025.912 JLINK_ReadMemU8(0x00000038, 0x1 Items)
T12F2D6C0 016:025.920   CPU_ReadMem(1 bytes @ 0x00000038)
T12F2D6C0 016:026.254   failed
T12F2D6C0 016:026.269 - 0.356ms returns 0 (0x0)
T12F2D6C0 016:026.279 JLINK_ReadMemU8(0x00000039, 0x1 Items)
T12F2D6C0 016:026.288   CPU_ReadMem(1 bytes @ 0x00000039)
T12F2D6C0 016:026.628   failed
T12F2D6C0 016:026.639 - 0.360ms returns 0 (0x0)
T12F2D6C0 016:026.647 JLINK_ReadMemU8(0x0000003A, 0x1 Items)
T12F2D6C0 016:026.656   CPU_ReadMem(1 bytes @ 0x0000003A)
T12F2D6C0 016:027.014   failed
T12F2D6C0 016:027.025 - 0.378ms returns 0 (0x0)
T12F2D6C0 016:027.033 JLINK_ReadMemU8(0x0000003B, 0x1 Items)
T12F2D6C0 016:027.042   CPU_ReadMem(1 bytes @ 0x0000003B)
T12F2D6C0 016:027.377   failed
T12F2D6C0 016:027.388 - 0.355ms returns 0 (0x0)
T12F2D6C0 016:027.395 JLINK_ReadMemU8(0x0000003C, 0x1 Items)
T12F2D6C0 016:027.404   CPU_ReadMem(1 bytes @ 0x0000003C)
T12F2D6C0 016:027.753   failed
T12F2D6C0 016:027.762 - 0.367ms returns 0 (0x0)
T12F2D6C0 016:027.769 JLINK_ReadMemU8(0x0000003D, 0x1 Items)
T12F2D6C0 016:027.775   CPU_ReadMem(1 bytes @ 0x0000003D)
T12F2D6C0 016:028.127   failed
T12F2D6C0 016:028.135 - 0.366ms returns 0 (0x0)
T12F2D6C0 016:028.142 JLINK_ReadMemU8(0x0000003E, 0x1 Items)
T12F2D6C0 016:028.151   CPU_ReadMem(1 bytes @ 0x0000003E)
T12F2D6C0 016:028.507   failed
T12F2D6C0 016:028.523 - 0.381ms returns 0 (0x0)
T12F2D6C0 016:028.534 JLINK_ReadMemU8(0x0000003F, 0x1 Items)
T12F2D6C0 016:028.544   CPU_ReadMem(1 bytes @ 0x0000003F)
T12F2D6C0 016:028.894   failed
T12F2D6C0 016:028.916 - 0.382ms returns 0 (0x0)
T12F2D6C0 016:028.929 JLINK_ReadMemEx(0x00000040, 0x10 Bytes, Flags = 0x00000000)
T12F2D6C0 016:028.943   CPU_ReadMem(16 bytes @ 0x00000040)
T12F2D6C0 016:029.259   failed
T12F2D6C0 016:029.286 - 0.357ms returns 0 (0x0)
T12F2D6C0 016:029.298 JLINK_ReadMemU8(0x00000040, 0x1 Items)
T12F2D6C0 016:029.311   CPU_ReadMem(1 bytes @ 0x00000040)
T12F2D6C0 016:029.631   failed
T12F2D6C0 016:029.648 - 0.349ms returns 0 (0x0)
T12F2D6C0 016:029.660 JLINK_ReadMemU8(0x00000041, 0x1 Items)
T12F2D6C0 016:029.671   CPU_ReadMem(1 bytes @ 0x00000041)
T12F2D6C0 016:030.016   failed
T12F2D6C0 016:030.030 - 0.370ms returns 0 (0x0)
T12F2D6C0 016:030.039 JLINK_ReadMemU8(0x00000042, 0x1 Items)
T12F2D6C0 016:030.049   CPU_ReadMem(1 bytes @ 0x00000042)
T12F2D6C0 016:030.378   failed
T12F2D6C0 016:030.394 - 0.355ms returns 0 (0x0)
T12F2D6C0 016:030.404 JLINK_ReadMemU8(0x00000043, 0x1 Items)
T12F2D6C0 016:030.414   CPU_ReadMem(1 bytes @ 0x00000043)
T12F2D6C0 016:030.755   failed
T12F2D6C0 016:030.768 - 0.364ms returns 0 (0x0)
T12F2D6C0 016:030.778 JLINK_ReadMemU8(0x00000044, 0x1 Items)
T12F2D6C0 016:030.787   CPU_ReadMem(1 bytes @ 0x00000044)
T12F2D6C0 016:031.130   failed
T12F2D6C0 016:031.143 - 0.365ms returns 0 (0x0)
T12F2D6C0 016:031.152 JLINK_ReadMemU8(0x00000045, 0x1 Items)
T12F2D6C0 016:031.162   CPU_ReadMem(1 bytes @ 0x00000045)
T12F2D6C0 016:031.506   failed
T12F2D6C0 016:031.523 - 0.370ms returns 0 (0x0)
T12F2D6C0 016:031.533 JLINK_ReadMemU8(0x00000046, 0x1 Items)
T12F2D6C0 016:031.549   CPU_ReadMem(1 bytes @ 0x00000046)
T12F2D6C0 016:031.893   failed
T12F2D6C0 016:031.908 - 0.376ms returns 0 (0x0)
T12F2D6C0 016:031.918 JLINK_ReadMemU8(0x00000047, 0x1 Items)
T12F2D6C0 016:031.928   CPU_ReadMem(1 bytes @ 0x00000047)
T12F2D6C0 016:032.256   failed
T12F2D6C0 016:032.278 - 0.359ms returns 0 (0x0)
T12F2D6C0 016:032.288 JLINK_ReadMemU8(0x00000048, 0x1 Items)
T12F2D6C0 016:032.298   CPU_ReadMem(1 bytes @ 0x00000048)
T12F2D6C0 016:032.631   failed
T12F2D6C0 016:032.645 - 0.357ms returns 0 (0x0)
T12F2D6C0 016:032.655 JLINK_ReadMemU8(0x00000049, 0x1 Items)
T12F2D6C0 016:032.665   CPU_ReadMem(1 bytes @ 0x00000049)
T12F2D6C0 016:033.017   failed
T12F2D6C0 016:033.032 - 0.377ms returns 0 (0x0)
T12F2D6C0 016:033.042 JLINK_ReadMemU8(0x0000004A, 0x1 Items)
T12F2D6C0 016:033.052   CPU_ReadMem(1 bytes @ 0x0000004A)
T12F2D6C0 016:033.381   failed
T12F2D6C0 016:033.398 - 0.355ms returns 0 (0x0)
T12F2D6C0 016:033.408 JLINK_ReadMemU8(0x0000004B, 0x1 Items)
T12F2D6C0 016:033.431   CPU_ReadMem(1 bytes @ 0x0000004B)
T12F2D6C0 016:033.755   failed
T12F2D6C0 016:033.766 - 0.358ms returns 0 (0x0)
T12F2D6C0 016:033.773 JLINK_ReadMemU8(0x0000004C, 0x1 Items)
T12F2D6C0 016:033.780   CPU_ReadMem(1 bytes @ 0x0000004C)
T12F2D6C0 016:034.130   failed
T12F2D6C0 016:034.139 - 0.366ms returns 0 (0x0)
T12F2D6C0 016:034.146 JLINK_ReadMemU8(0x0000004D, 0x1 Items)
T12F2D6C0 016:034.154   CPU_ReadMem(1 bytes @ 0x0000004D)
T12F2D6C0 016:034.505   failed
T12F2D6C0 016:034.517 - 0.371ms returns 0 (0x0)
T12F2D6C0 016:034.525 JLINK_ReadMemU8(0x0000004E, 0x1 Items)
T12F2D6C0 016:034.532   CPU_ReadMem(1 bytes @ 0x0000004E)
T12F2D6C0 016:034.891   failed
T12F2D6C0 016:034.901 - 0.375ms returns 0 (0x0)
T12F2D6C0 016:034.908 JLINK_ReadMemU8(0x0000004F, 0x1 Items)
T12F2D6C0 016:034.916   CPU_ReadMem(1 bytes @ 0x0000004F)
T12F2D6C0 016:035.255   failed
T12F2D6C0 016:035.272 - 0.364ms returns 0 (0x0)
T12F2D6C0 016:035.280 JLINK_ReadMemEx(0x00000050, 0x10 Bytes, Flags = 0x00000000)
T12F2D6C0 016:035.287   CPU_ReadMem(16 bytes @ 0x00000050)
T12F2D6C0 016:035.634   failed
T12F2D6C0 016:035.646 - 0.365ms returns 0 (0x0)
T12F2D6C0 016:035.653 JLINK_ReadMemU8(0x00000050, 0x1 Items)
T12F2D6C0 016:035.660   CPU_ReadMem(1 bytes @ 0x00000050)
T12F2D6C0 016:036.020   failed
T12F2D6C0 016:036.031 - 0.378ms returns 0 (0x0)
T12F2D6C0 016:036.041 JLINK_ReadMemU8(0x00000051, 0x1 Items)
T12F2D6C0 016:036.049   CPU_ReadMem(1 bytes @ 0x00000051)
T12F2D6C0 016:036.381   failed
T12F2D6C0 016:036.395 - 0.353ms returns 0 (0x0)
T12F2D6C0 016:036.403 JLINK_ReadMemU8(0x00000052, 0x1 Items)
T12F2D6C0 016:036.412   CPU_ReadMem(1 bytes @ 0x00000052)
T12F2D6C0 016:036.756   failed
T12F2D6C0 016:036.767 - 0.364ms returns 0 (0x0)
T12F2D6C0 016:036.775 JLINK_ReadMemU8(0x00000053, 0x1 Items)
T12F2D6C0 016:036.783   CPU_ReadMem(1 bytes @ 0x00000053)
T12F2D6C0 016:037.128   failed
T12F2D6C0 016:037.138 - 0.363ms returns 0 (0x0)
T12F2D6C0 016:037.146 JLINK_ReadMemU8(0x00000054, 0x1 Items)
T12F2D6C0 016:037.153   CPU_ReadMem(1 bytes @ 0x00000054)
T12F2D6C0 016:037.506   failed
T12F2D6C0 016:037.528 - 0.382ms returns 0 (0x0)
T12F2D6C0 016:037.540 JLINK_ReadMemU8(0x00000055, 0x1 Items)
T12F2D6C0 016:037.554   CPU_ReadMem(1 bytes @ 0x00000055)
T12F2D6C0 016:037.891   failed
T12F2D6C0 016:037.903 - 0.363ms returns 0 (0x0)
T12F2D6C0 016:037.912 JLINK_ReadMemU8(0x00000056, 0x1 Items)
T12F2D6C0 016:037.921   CPU_ReadMem(1 bytes @ 0x00000056)
T12F2D6C0 016:038.250   failed
T12F2D6C0 016:038.260 - 0.349ms returns 0 (0x0)
T12F2D6C0 016:038.279 JLINK_ReadMemU8(0x00000057, 0x1 Items)
T12F2D6C0 016:038.290   CPU_ReadMem(1 bytes @ 0x00000057)
T12F2D6C0 016:038.627   failed
T12F2D6C0 016:038.639 - 0.359ms returns 0 (0x0)
T12F2D6C0 016:038.646 JLINK_ReadMemU8(0x00000058, 0x1 Items)
T12F2D6C0 016:038.652   CPU_ReadMem(1 bytes @ 0x00000058)
T12F2D6C0 016:039.014   failed
T12F2D6C0 016:039.029 - 0.382ms returns 0 (0x0)
T12F2D6C0 016:039.038 JLINK_ReadMemU8(0x00000059, 0x1 Items)
T12F2D6C0 016:039.046   CPU_ReadMem(1 bytes @ 0x00000059)
T12F2D6C0 016:039.378   failed
T12F2D6C0 016:039.391 - 0.353ms returns 0 (0x0)
T12F2D6C0 016:039.398 JLINK_ReadMemU8(0x0000005A, 0x1 Items)
T12F2D6C0 016:039.405   CPU_ReadMem(1 bytes @ 0x0000005A)
T12F2D6C0 016:039.753   failed
T12F2D6C0 016:039.763 - 0.365ms returns 0 (0x0)
T12F2D6C0 016:039.771 JLINK_ReadMemU8(0x0000005B, 0x1 Items)
T12F2D6C0 016:039.780   CPU_ReadMem(1 bytes @ 0x0000005B)
T12F2D6C0 016:040.126   failed
T12F2D6C0 016:040.136 - 0.365ms returns 0 (0x0)
T12F2D6C0 016:040.143 JLINK_ReadMemU8(0x0000005C, 0x1 Items)
T12F2D6C0 016:040.151   CPU_ReadMem(1 bytes @ 0x0000005C)
T12F2D6C0 016:040.501   failed
T12F2D6C0 016:040.512 - 0.369ms returns 0 (0x0)
T12F2D6C0 016:040.519 JLINK_ReadMemU8(0x0000005D, 0x1 Items)
T12F2D6C0 016:040.526   CPU_ReadMem(1 bytes @ 0x0000005D)
T12F2D6C0 016:040.890   failed
T12F2D6C0 016:040.900 - 0.381ms returns 0 (0x0)
T12F2D6C0 016:040.907 JLINK_ReadMemU8(0x0000005E, 0x1 Items)
T12F2D6C0 016:040.915   CPU_ReadMem(1 bytes @ 0x0000005E)
T12F2D6C0 016:041.251   failed
T12F2D6C0 016:041.260 - 0.353ms returns 0 (0x0)
T12F2D6C0 016:041.273 JLINK_ReadMemU8(0x0000005F, 0x1 Items)
T12F2D6C0 016:041.279   CPU_ReadMem(1 bytes @ 0x0000005F)
T12F2D6C0 016:041.626   failed
T12F2D6C0 016:041.637 - 0.364ms returns 0 (0x0)
T12F2D6C0 016:041.645 JLINK_ReadMemEx(0x00000060, 0x10 Bytes, Flags = 0x00000000)
T12F2D6C0 016:041.653   CPU_ReadMem(16 bytes @ 0x00000060)
T12F2D6C0 016:042.012   failed
T12F2D6C0 016:042.022 - 0.377ms returns 0 (0x0)
T12F2D6C0 016:042.028 JLINK_ReadMemU8(0x00000060, 0x1 Items)
T12F2D6C0 016:042.038   CPU_ReadMem(1 bytes @ 0x00000060)
T12F2D6C0 016:042.379   failed
T12F2D6C0 016:042.391 - 0.363ms returns 0 (0x0)
T12F2D6C0 016:042.398 JLINK_ReadMemU8(0x00000061, 0x1 Items)
T12F2D6C0 016:042.406   CPU_ReadMem(1 bytes @ 0x00000061)
T12F2D6C0 016:042.751   failed
T12F2D6C0 016:042.760 - 0.362ms returns 0 (0x0)
T12F2D6C0 016:042.768 JLINK_ReadMemU8(0x00000062, 0x1 Items)
T12F2D6C0 016:042.775   CPU_ReadMem(1 bytes @ 0x00000062)
T12F2D6C0 016:043.128   failed
T12F2D6C0 016:043.137 - 0.369ms returns 0 (0x0)
T12F2D6C0 016:043.145 JLINK_ReadMemU8(0x00000063, 0x1 Items)
T12F2D6C0 016:043.151   CPU_ReadMem(1 bytes @ 0x00000063)
T12F2D6C0 016:043.503   failed
T12F2D6C0 016:043.514 - 0.369ms returns 0 (0x0)
T12F2D6C0 016:043.522 JLINK_ReadMemU8(0x00000064, 0x1 Items)
T12F2D6C0 016:043.531   CPU_ReadMem(1 bytes @ 0x00000064)
T12F2D6C0 016:043.890   failed
T12F2D6C0 016:043.901 - 0.379ms returns 0 (0x0)
T12F2D6C0 016:043.909 JLINK_ReadMemU8(0x00000065, 0x1 Items)
T12F2D6C0 016:043.917   CPU_ReadMem(1 bytes @ 0x00000065)
T12F2D6C0 016:044.251   failed
T12F2D6C0 016:044.260 - 0.351ms returns 0 (0x0)
T12F2D6C0 016:044.273 JLINK_ReadMemU8(0x00000066, 0x1 Items)
T12F2D6C0 016:044.280   CPU_ReadMem(1 bytes @ 0x00000066)
T12F2D6C0 016:044.626   failed
T12F2D6C0 016:044.635 - 0.362ms returns 0 (0x0)
T12F2D6C0 016:044.642 JLINK_ReadMemU8(0x00000067, 0x1 Items)
T12F2D6C0 016:044.648   CPU_ReadMem(1 bytes @ 0x00000067)
T12F2D6C0 016:045.012   failed
T12F2D6C0 016:045.021 - 0.379ms returns 0 (0x0)
T12F2D6C0 016:045.028 JLINK_ReadMemU8(0x00000068, 0x1 Items)
T12F2D6C0 016:045.034   CPU_ReadMem(1 bytes @ 0x00000068)
T12F2D6C0 016:045.375   failed
T12F2D6C0 016:045.386 - 0.358ms returns 0 (0x0)
T12F2D6C0 016:045.393 JLINK_ReadMemU8(0x00000069, 0x1 Items)
T12F2D6C0 016:045.399   CPU_ReadMem(1 bytes @ 0x00000069)
T12F2D6C0 016:045.751   failed
T12F2D6C0 016:045.760 - 0.367ms returns 0 (0x0)
T12F2D6C0 016:045.766 JLINK_ReadMemU8(0x0000006A, 0x1 Items)
T12F2D6C0 016:045.773   CPU_ReadMem(1 bytes @ 0x0000006A)
T12F2D6C0 016:046.127   failed
T12F2D6C0 016:046.136 - 0.370ms returns 0 (0x0)
T12F2D6C0 016:046.143 JLINK_ReadMemU8(0x0000006B, 0x1 Items)
T12F2D6C0 016:046.149   CPU_ReadMem(1 bytes @ 0x0000006B)
T12F2D6C0 016:046.501   failed
T12F2D6C0 016:046.511 - 0.368ms returns 0 (0x0)
T12F2D6C0 016:046.518 JLINK_ReadMemU8(0x0000006C, 0x1 Items)
T12F2D6C0 016:046.524   CPU_ReadMem(1 bytes @ 0x0000006C)
T12F2D6C0 016:046.888   failed
T12F2D6C0 016:046.903 - 0.385ms returns 0 (0x0)
T12F2D6C0 016:046.912 JLINK_ReadMemU8(0x0000006D, 0x1 Items)
T12F2D6C0 016:046.919   CPU_ReadMem(1 bytes @ 0x0000006D)
T12F2D6C0 016:047.251   failed
T12F2D6C0 016:047.260 - 0.348ms returns 0 (0x0)
T12F2D6C0 016:047.274 JLINK_ReadMemU8(0x0000006E, 0x1 Items)
T12F2D6C0 016:047.280   CPU_ReadMem(1 bytes @ 0x0000006E)
T12F2D6C0 016:047.626   failed
T12F2D6C0 016:047.636 - 0.362ms returns 0 (0x0)
T12F2D6C0 016:047.643 JLINK_ReadMemU8(0x0000006F, 0x1 Items)
T12F2D6C0 016:047.650   CPU_ReadMem(1 bytes @ 0x0000006F)
T12F2D6C0 016:048.012   failed
T12F2D6C0 016:048.021 - 0.378ms returns 0 (0x0)
T12F2D6C0 016:048.029 JLINK_ReadMemEx(0x00000070, 0x10 Bytes, Flags = 0x00000000)
T12F2D6C0 016:048.036   CPU_ReadMem(16 bytes @ 0x00000070)
T12F2D6C0 016:048.378   failed
T12F2D6C0 016:048.390 - 0.361ms returns 0 (0x0)
T12F2D6C0 016:048.398 JLINK_ReadMemU8(0x00000070, 0x1 Items)
T12F2D6C0 016:048.405   CPU_ReadMem(1 bytes @ 0x00000070)
T12F2D6C0 016:048.751   failed
T12F2D6C0 016:048.760 - 0.362ms returns 0 (0x0)
T12F2D6C0 016:048.767 JLINK_ReadMemU8(0x00000071, 0x1 Items)
T12F2D6C0 016:048.775   CPU_ReadMem(1 bytes @ 0x00000071)
T12F2D6C0 016:049.127   failed
T12F2D6C0 016:049.136 - 0.369ms returns 0 (0x0)
T12F2D6C0 016:049.143 JLINK_ReadMemU8(0x00000072, 0x1 Items)
T12F2D6C0 016:049.150   CPU_ReadMem(1 bytes @ 0x00000072)
T12F2D6C0 016:049.501   failed
T12F2D6C0 016:049.511 - 0.368ms returns 0 (0x0)
T12F2D6C0 016:049.518 JLINK_ReadMemU8(0x00000073, 0x1 Items)
T12F2D6C0 016:049.525   CPU_ReadMem(1 bytes @ 0x00000073)
T12F2D6C0 016:049.887   failed
T12F2D6C0 016:049.896 - 0.378ms returns 0 (0x0)
T12F2D6C0 016:049.903 JLINK_ReadMemU8(0x00000074, 0x1 Items)
T12F2D6C0 016:049.910   CPU_ReadMem(1 bytes @ 0x00000074)
T12F2D6C0 016:050.252   failed
T12F2D6C0 016:050.265 - 0.362ms returns 0 (0x0)
T12F2D6C0 016:050.273 JLINK_ReadMemU8(0x00000075, 0x1 Items)
T12F2D6C0 016:050.279   CPU_ReadMem(1 bytes @ 0x00000075)
T12F2D6C0 016:050.627   failed
T12F2D6C0 016:050.636 - 0.363ms returns 0 (0x0)
T12F2D6C0 016:050.643 JLINK_ReadMemU8(0x00000076, 0x1 Items)
T12F2D6C0 016:050.649   CPU_ReadMem(1 bytes @ 0x00000076)
T12F2D6C0 016:051.013   failed
T12F2D6C0 016:051.022 - 0.379ms returns 0 (0x0)
T12F2D6C0 016:051.029 JLINK_ReadMemU8(0x00000077, 0x1 Items)
T12F2D6C0 016:051.035   CPU_ReadMem(1 bytes @ 0x00000077)
T12F2D6C0 016:051.376   failed
T12F2D6C0 016:051.386 - 0.357ms returns 0 (0x0)
T12F2D6C0 016:051.393 JLINK_ReadMemU8(0x00000078, 0x1 Items)
T12F2D6C0 016:051.400   CPU_ReadMem(1 bytes @ 0x00000078)
T12F2D6C0 016:051.755   failed
T12F2D6C0 016:051.767 - 0.374ms returns 0 (0x0)
T12F2D6C0 016:051.775 JLINK_ReadMemU8(0x00000079, 0x1 Items)
T12F2D6C0 016:051.784   CPU_ReadMem(1 bytes @ 0x00000079)
T12F2D6C0 016:052.127   failed
T12F2D6C0 016:052.138 - 0.363ms returns 0 (0x0)
T12F2D6C0 016:052.146 JLINK_ReadMemU8(0x0000007A, 0x1 Items)
T12F2D6C0 016:052.154   CPU_ReadMem(1 bytes @ 0x0000007A)
T12F2D6C0 016:052.503   failed
T12F2D6C0 016:052.514 - 0.369ms returns 0 (0x0)
T12F2D6C0 016:052.521 JLINK_ReadMemU8(0x0000007B, 0x1 Items)
T12F2D6C0 016:052.527   CPU_ReadMem(1 bytes @ 0x0000007B)
T12F2D6C0 016:052.887   failed
T12F2D6C0 016:052.897 - 0.376ms returns 0 (0x0)
T12F2D6C0 016:052.904 JLINK_ReadMemU8(0x0000007C, 0x1 Items)
T12F2D6C0 016:052.911   CPU_ReadMem(1 bytes @ 0x0000007C)
T12F2D6C0 016:053.252   failed
T12F2D6C0 016:053.265 - 0.361ms returns 0 (0x0)
T12F2D6C0 016:053.274 JLINK_ReadMemU8(0x0000007D, 0x1 Items)
T12F2D6C0 016:053.281   CPU_ReadMem(1 bytes @ 0x0000007D)
T12F2D6C0 016:053.627   failed
T12F2D6C0 016:053.638 - 0.364ms returns 0 (0x0)
T12F2D6C0 016:053.645 JLINK_ReadMemU8(0x0000007E, 0x1 Items)
T12F2D6C0 016:053.652   CPU_ReadMem(1 bytes @ 0x0000007E)
T12F2D6C0 016:054.017   failed
T12F2D6C0 016:054.040 - 0.394ms returns 0 (0x0)
T12F2D6C0 016:054.053 JLINK_ReadMemU8(0x0000007F, 0x1 Items)
T12F2D6C0 016:054.066   CPU_ReadMem(1 bytes @ 0x0000007F)
T12F2D6C0 016:054.379   failed
T12F2D6C0 016:054.395 - 0.342ms returns 0 (0x0)
T12F2D6C0 016:054.416 JLINK_ReadMemEx(0x00000080, 0x10 Bytes, Flags = 0x00000000)
T12F2D6C0 016:054.429   CPU_ReadMem(16 bytes @ 0x00000080)
T12F2D6C0 016:054.753   failed
T12F2D6C0 016:054.765 - 0.349ms returns 0 (0x0)
T12F2D6C0 016:054.774 JLINK_ReadMemU8(0x00000080, 0x1 Items)
T12F2D6C0 016:054.784   CPU_ReadMem(1 bytes @ 0x00000080)
T12F2D6C0 016:055.130   failed
T12F2D6C0 016:055.139 - 0.366ms returns 0 (0x0)
T12F2D6C0 016:055.146 JLINK_ReadMemU8(0x00000081, 0x1 Items)
T12F2D6C0 016:055.156   CPU_ReadMem(1 bytes @ 0x00000081)
T12F2D6C0 016:055.504   failed
T12F2D6C0 016:055.516 - 0.370ms returns 0 (0x0)
T12F2D6C0 016:055.523 JLINK_ReadMemU8(0x00000082, 0x1 Items)
T12F2D6C0 016:055.532   CPU_ReadMem(1 bytes @ 0x00000082)
T12F2D6C0 016:055.893   failed
T12F2D6C0 016:055.902 - 0.379ms returns 0 (0x0)
T12F2D6C0 016:055.910 JLINK_ReadMemU8(0x00000083, 0x1 Items)
T12F2D6C0 016:055.920   CPU_ReadMem(1 bytes @ 0x00000083)
T12F2D6C0 016:056.254   failed
T12F2D6C0 016:056.266 - 0.357ms returns 0 (0x0)
T12F2D6C0 016:056.275 JLINK_ReadMemU8(0x00000084, 0x1 Items)
T12F2D6C0 016:056.281   CPU_ReadMem(1 bytes @ 0x00000084)
T12F2D6C0 016:056.630   failed
T12F2D6C0 016:056.638 - 0.364ms returns 0 (0x0)
T12F2D6C0 016:056.645 JLINK_ReadMemU8(0x00000085, 0x1 Items)
T12F2D6C0 016:056.655   CPU_ReadMem(1 bytes @ 0x00000085)
T12F2D6C0 016:057.014   failed
T12F2D6C0 016:057.026 - 0.381ms returns 0 (0x0)
T12F2D6C0 016:057.035 JLINK_ReadMemU8(0x00000086, 0x1 Items)
T12F2D6C0 016:057.043   CPU_ReadMem(1 bytes @ 0x00000086)
T12F2D6C0 016:057.382   failed
T12F2D6C0 016:057.396 - 0.361ms returns 0 (0x0)
T12F2D6C0 016:057.406 JLINK_ReadMemU8(0x00000087, 0x1 Items)
T12F2D6C0 016:057.418   CPU_ReadMem(1 bytes @ 0x00000087)
T12F2D6C0 016:057.756   failed
T12F2D6C0 016:057.769 - 0.363ms returns 0 (0x0)
T12F2D6C0 016:057.778 JLINK_ReadMemU8(0x00000088, 0x1 Items)
T12F2D6C0 016:057.787   CPU_ReadMem(1 bytes @ 0x00000088)
T12F2D6C0 016:058.129   failed
T12F2D6C0 016:058.138 - 0.361ms returns 0 (0x0)
T12F2D6C0 016:058.145 JLINK_ReadMemU8(0x00000089, 0x1 Items)
T12F2D6C0 016:058.154   CPU_ReadMem(1 bytes @ 0x00000089)
T12F2D6C0 016:058.505   failed
T12F2D6C0 016:058.516 - 0.371ms returns 0 (0x0)
T12F2D6C0 016:058.523 JLINK_ReadMemU8(0x0000008A, 0x1 Items)
T12F2D6C0 016:058.529   CPU_ReadMem(1 bytes @ 0x0000008A)
T12F2D6C0 016:058.890   failed
T12F2D6C0 016:058.899 - 0.376ms returns 0 (0x0)
T12F2D6C0 016:058.907 JLINK_ReadMemU8(0x0000008B, 0x1 Items)
T12F2D6C0 016:058.916   CPU_ReadMem(1 bytes @ 0x0000008B)
T12F2D6C0 016:059.254   failed
T12F2D6C0 016:059.270 - 0.363ms returns 0 (0x0)
T12F2D6C0 016:059.277 JLINK_ReadMemU8(0x0000008C, 0x1 Items)
T12F2D6C0 016:059.283   CPU_ReadMem(1 bytes @ 0x0000008C)
T12F2D6C0 016:059.630   failed
T12F2D6C0 016:059.639 - 0.362ms returns 0 (0x0)
T12F2D6C0 016:059.645 JLINK_ReadMemU8(0x0000008D, 0x1 Items)
T12F2D6C0 016:059.655   CPU_ReadMem(1 bytes @ 0x0000008D)
T12F2D6C0 016:060.017   failed
T12F2D6C0 016:060.028 - 0.383ms returns 0 (0x0)
T12F2D6C0 016:060.037 JLINK_ReadMemU8(0x0000008E, 0x1 Items)
T12F2D6C0 016:060.045   CPU_ReadMem(1 bytes @ 0x0000008E)
T12F2D6C0 016:060.381   failed
T12F2D6C0 016:060.399 - 0.362ms returns 0 (0x0)
T12F2D6C0 016:060.408 JLINK_ReadMemU8(0x0000008F, 0x1 Items)
T12F2D6C0 016:060.421   CPU_ReadMem(1 bytes @ 0x0000008F)
T12F2D6C0 016:060.755   failed
T12F2D6C0 016:060.769 - 0.360ms returns 0 (0x0)
T12F2D6C0 016:060.777 JLINK_ReadMemEx(0x00000090, 0x10 Bytes, Flags = 0x00000000)
T12F2D6C0 016:060.786   CPU_ReadMem(16 bytes @ 0x00000090)
T12F2D6C0 016:061.130   failed
T12F2D6C0 016:061.141 - 0.364ms returns 0 (0x0)
T12F2D6C0 016:061.149 JLINK_ReadMemU8(0x00000090, 0x1 Items)
T12F2D6C0 016:061.157   CPU_ReadMem(1 bytes @ 0x00000090)
T12F2D6C0 016:061.504   failed
T12F2D6C0 016:061.518 - 0.369ms returns 0 (0x0)
T12F2D6C0 016:061.527 JLINK_ReadMemU8(0x00000091, 0x1 Items)
T12F2D6C0 016:061.536   CPU_ReadMem(1 bytes @ 0x00000091)
T12F2D6C0 016:061.889   failed
T12F2D6C0 016:061.898 - 0.371ms returns 0 (0x0)
T12F2D6C0 016:061.909 JLINK_ReadMemU8(0x00000092, 0x1 Items)
T12F2D6C0 016:061.915   CPU_ReadMem(1 bytes @ 0x00000092)
T12F2D6C0 016:062.253   failed
T12F2D6C0 016:062.279 - 0.370ms returns 0 (0x0)
T12F2D6C0 016:062.287 JLINK_ReadMemU8(0x00000093, 0x1 Items)
T12F2D6C0 016:062.294   CPU_ReadMem(1 bytes @ 0x00000093)
T12F2D6C0 016:062.628   failed
T12F2D6C0 016:062.637 - 0.350ms returns 0 (0x0)
T12F2D6C0 016:062.644 JLINK_ReadMemU8(0x00000094, 0x1 Items)
T12F2D6C0 016:062.650   CPU_ReadMem(1 bytes @ 0x00000094)
T12F2D6C0 016:063.011   failed
T12F2D6C0 016:063.020 - 0.377ms returns 0 (0x0)
T12F2D6C0 016:063.027 JLINK_ReadMemU8(0x00000095, 0x1 Items)
T12F2D6C0 016:063.033   CPU_ReadMem(1 bytes @ 0x00000095)
T12F2D6C0 016:063.378   failed
T12F2D6C0 016:063.388 - 0.361ms returns 0 (0x0)
T12F2D6C0 016:063.395 JLINK_ReadMemU8(0x00000096, 0x1 Items)
T12F2D6C0 016:063.401   CPU_ReadMem(1 bytes @ 0x00000096)
T12F2D6C0 016:063.752   failed
T12F2D6C0 016:063.761 - 0.366ms returns 0 (0x0)
T12F2D6C0 016:063.768 JLINK_ReadMemU8(0x00000097, 0x1 Items)
T12F2D6C0 016:063.774   CPU_ReadMem(1 bytes @ 0x00000097)
T12F2D6C0 016:064.128   failed
T12F2D6C0 016:064.137 - 0.369ms returns 0 (0x0)
T12F2D6C0 016:064.143 JLINK_ReadMemU8(0x00000098, 0x1 Items)
T12F2D6C0 016:064.150   CPU_ReadMem(1 bytes @ 0x00000098)
T12F2D6C0 016:064.503   failed
T12F2D6C0 016:064.513 - 0.370ms returns 0 (0x0)
T12F2D6C0 016:064.520 JLINK_ReadMemU8(0x00000099, 0x1 Items)
T12F2D6C0 016:064.527   CPU_ReadMem(1 bytes @ 0x00000099)
T12F2D6C0 016:064.889   failed
T12F2D6C0 016:064.898 - 0.378ms returns 0 (0x0)
T12F2D6C0 016:064.905 JLINK_ReadMemU8(0x0000009A, 0x1 Items)
T12F2D6C0 016:064.911   CPU_ReadMem(1 bytes @ 0x0000009A)
T12F2D6C0 016:065.253   failed
T12F2D6C0 016:065.265 - 0.360ms returns 0 (0x0)
T12F2D6C0 016:065.273 JLINK_ReadMemU8(0x0000009B, 0x1 Items)
T12F2D6C0 016:065.279   CPU_ReadMem(1 bytes @ 0x0000009B)
T12F2D6C0 016:065.627   failed
T12F2D6C0 016:065.636 - 0.363ms returns 0 (0x0)
T12F2D6C0 016:065.643 JLINK_ReadMemU8(0x0000009C, 0x1 Items)
T12F2D6C0 016:065.649   CPU_ReadMem(1 bytes @ 0x0000009C)
T12F2D6C0 016:066.017   failed
T12F2D6C0 016:066.031 - 0.388ms returns 0 (0x0)
T12F2D6C0 016:066.039 JLINK_ReadMemU8(0x0000009D, 0x1 Items)
T12F2D6C0 016:066.047   CPU_ReadMem(1 bytes @ 0x0000009D)
T12F2D6C0 016:066.378   failed
T12F2D6C0 016:066.389 - 0.349ms returns 0 (0x0)
T12F2D6C0 016:066.395 JLINK_ReadMemU8(0x0000009E, 0x1 Items)
T12F2D6C0 016:066.402   CPU_ReadMem(1 bytes @ 0x0000009E)
T12F2D6C0 016:066.753   failed
T12F2D6C0 016:066.762 - 0.366ms returns 0 (0x0)
T12F2D6C0 016:066.768 JLINK_ReadMemU8(0x0000009F, 0x1 Items)
T12F2D6C0 016:066.775   CPU_ReadMem(1 bytes @ 0x0000009F)
T12F2D6C0 016:067.127   failed
T12F2D6C0 016:067.136 - 0.368ms returns 0 (0x0)
T12F2D6C0 016:067.143 JLINK_ReadMemEx(0x000000A0, 0x10 Bytes, Flags = 0x00000000)
T12F2D6C0 016:067.149   CPU_ReadMem(16 bytes @ 0x000000A0)
T12F2D6C0 016:067.503   failed
T12F2D6C0 016:067.513 - 0.370ms returns 0 (0x0)
T12F2D6C0 016:067.520 JLINK_ReadMemU8(0x000000A0, 0x1 Items)
T12F2D6C0 016:067.527   CPU_ReadMem(1 bytes @ 0x000000A0)
T12F2D6C0 016:067.889   failed
T12F2D6C0 016:067.898 - 0.378ms returns 0 (0x0)
T12F2D6C0 016:067.906 JLINK_ReadMemU8(0x000000A1, 0x1 Items)
T12F2D6C0 016:067.914   CPU_ReadMem(1 bytes @ 0x000000A1)
T12F2D6C0 016:068.252   failed
T12F2D6C0 016:068.264 - 0.358ms returns 0 (0x0)
T12F2D6C0 016:068.273 JLINK_ReadMemU8(0x000000A2, 0x1 Items)
T12F2D6C0 016:068.280   CPU_ReadMem(1 bytes @ 0x000000A2)
T12F2D6C0 016:068.628   failed
T12F2D6C0 016:068.637 - 0.365ms returns 0 (0x0)
T12F2D6C0 016:068.643 JLINK_ReadMemU8(0x000000A3, 0x1 Items)
T12F2D6C0 016:068.650   CPU_ReadMem(1 bytes @ 0x000000A3)
T12F2D6C0 016:069.011   failed
T12F2D6C0 016:069.022 - 0.378ms returns 0 (0x0)
T12F2D6C0 016:069.029 JLINK_ReadMemU8(0x000000A4, 0x1 Items)
T12F2D6C0 016:069.037   CPU_ReadMem(1 bytes @ 0x000000A4)
T12F2D6C0 016:069.377   failed
T12F2D6C0 016:069.387 - 0.358ms returns 0 (0x0)
T12F2D6C0 016:069.395 JLINK_ReadMemU8(0x000000A5, 0x1 Items)
T12F2D6C0 016:069.405   CPU_ReadMem(1 bytes @ 0x000000A5)
T12F2D6C0 016:069.753   failed
T12F2D6C0 016:069.761 - 0.366ms returns 0 (0x0)
T12F2D6C0 016:069.768 JLINK_ReadMemU8(0x000000A6, 0x1 Items)
T12F2D6C0 016:069.775   CPU_ReadMem(1 bytes @ 0x000000A6)
T12F2D6C0 016:070.128   failed
T12F2D6C0 016:070.137 - 0.369ms returns 0 (0x0)
T12F2D6C0 016:070.143 JLINK_ReadMemU8(0x000000A7, 0x1 Items)
T12F2D6C0 016:070.150   CPU_ReadMem(1 bytes @ 0x000000A7)
T12F2D6C0 016:070.503   failed
T12F2D6C0 016:070.514 - 0.370ms returns 0 (0x0)
T12F2D6C0 016:070.520 JLINK_ReadMemU8(0x000000A8, 0x1 Items)
T12F2D6C0 016:070.527   CPU_ReadMem(1 bytes @ 0x000000A8)
T12F2D6C0 016:070.890   failed
T12F2D6C0 016:070.899 - 0.379ms returns 0 (0x0)
T12F2D6C0 016:070.906 JLINK_ReadMemU8(0x000000A9, 0x1 Items)
T12F2D6C0 016:070.912   CPU_ReadMem(1 bytes @ 0x000000A9)
T12F2D6C0 016:071.251   failed
T12F2D6C0 016:071.259 - 0.353ms returns 0 (0x0)
T12F2D6C0 016:071.273 JLINK_ReadMemU8(0x000000AA, 0x1 Items)
T12F2D6C0 016:071.279   CPU_ReadMem(1 bytes @ 0x000000AA)
T12F2D6C0 016:071.628   failed
T12F2D6C0 016:071.637 - 0.364ms returns 0 (0x0)
T12F2D6C0 016:071.644 JLINK_ReadMemU8(0x000000AB, 0x1 Items)
T12F2D6C0 016:071.650   CPU_ReadMem(1 bytes @ 0x000000AB)
T12F2D6C0 016:072.012   failed
T12F2D6C0 016:072.021 - 0.377ms returns 0 (0x0)
T12F2D6C0 016:072.027 JLINK_ReadMemU8(0x000000AC, 0x1 Items)
T12F2D6C0 016:072.034   CPU_ReadMem(1 bytes @ 0x000000AC)
T12F2D6C0 016:072.377   failed
T12F2D6C0 016:072.388 - 0.361ms returns 0 (0x0)
T12F2D6C0 016:072.395 JLINK_ReadMemU8(0x000000AD, 0x1 Items)
T12F2D6C0 016:072.401   CPU_ReadMem(1 bytes @ 0x000000AD)
T12F2D6C0 016:072.751   failed
T12F2D6C0 016:072.760 - 0.365ms returns 0 (0x0)
T12F2D6C0 016:072.766 JLINK_ReadMemU8(0x000000AE, 0x1 Items)
T12F2D6C0 016:072.773   CPU_ReadMem(1 bytes @ 0x000000AE)
T12F2D6C0 016:073.127   failed
T12F2D6C0 016:073.136 - 0.370ms returns 0 (0x0)
T12F2D6C0 016:073.143 JLINK_ReadMemU8(0x000000AF, 0x1 Items)
T12F2D6C0 016:073.150   CPU_ReadMem(1 bytes @ 0x000000AF)
T12F2D6C0 016:073.503   failed
T12F2D6C0 016:073.514 - 0.371ms returns 0 (0x0)
T12F2D6C0 016:073.521 JLINK_ReadMemEx(0x000000B0, 0x10 Bytes, Flags = 0x00000000)
T12F2D6C0 016:073.527   CPU_ReadMem(16 bytes @ 0x000000B0)
T12F2D6C0 016:073.889   failed
T12F2D6C0 016:073.898 - 0.378ms returns 0 (0x0)
T12F2D6C0 016:073.905 JLINK_ReadMemU8(0x000000B0, 0x1 Items)
T12F2D6C0 016:073.911   CPU_ReadMem(1 bytes @ 0x000000B0)
T12F2D6C0 016:074.252   failed
T12F2D6C0 016:074.266 - 0.362ms returns 0 (0x0)
T12F2D6C0 016:074.274 JLINK_ReadMemU8(0x000000B1, 0x1 Items)
T12F2D6C0 016:074.280   CPU_ReadMem(1 bytes @ 0x000000B1)
T12F2D6C0 016:074.627   failed
T12F2D6C0 016:074.636 - 0.362ms returns 0 (0x0)
T12F2D6C0 016:074.644 JLINK_ReadMemU8(0x000000B2, 0x1 Items)
T12F2D6C0 016:074.651   CPU_ReadMem(1 bytes @ 0x000000B2)
T12F2D6C0 016:075.011   failed
T12F2D6C0 016:075.021 - 0.377ms returns 0 (0x0)
T12F2D6C0 016:075.029 JLINK_ReadMemU8(0x000000B3, 0x1 Items)
T12F2D6C0 016:075.037   CPU_ReadMem(1 bytes @ 0x000000B3)
T12F2D6C0 016:075.377   failed
T12F2D6C0 016:075.388 - 0.359ms returns 0 (0x0)
T12F2D6C0 016:075.394 JLINK_ReadMemU8(0x000000B4, 0x1 Items)
T12F2D6C0 016:075.401   CPU_ReadMem(1 bytes @ 0x000000B4)
T12F2D6C0 016:075.753   failed
T12F2D6C0 016:075.762 - 0.368ms returns 0 (0x0)
T12F2D6C0 016:075.768 JLINK_ReadMemU8(0x000000B5, 0x1 Items)
T12F2D6C0 016:075.775   CPU_ReadMem(1 bytes @ 0x000000B5)
T12F2D6C0 016:076.128   failed
T12F2D6C0 016:076.138 - 0.370ms returns 0 (0x0)
T12F2D6C0 016:076.146 JLINK_ReadMemU8(0x000000B6, 0x1 Items)
T12F2D6C0 016:076.152   CPU_ReadMem(1 bytes @ 0x000000B6)
T12F2D6C0 016:076.503   failed
T12F2D6C0 016:076.513 - 0.367ms returns 0 (0x0)
T12F2D6C0 016:076.520 JLINK_ReadMemU8(0x000000B7, 0x1 Items)
T12F2D6C0 016:076.527   CPU_ReadMem(1 bytes @ 0x000000B7)
T12F2D6C0 016:076.889   failed
T12F2D6C0 016:076.898 - 0.378ms returns 0 (0x0)
T12F2D6C0 016:076.906 JLINK_ReadMemU8(0x000000B8, 0x1 Items)
T12F2D6C0 016:076.916   CPU_ReadMem(1 bytes @ 0x000000B8)
T12F2D6C0 016:077.253   failed
T12F2D6C0 016:077.265 - 0.360ms returns 0 (0x0)
T12F2D6C0 016:077.273 JLINK_ReadMemU8(0x000000B9, 0x1 Items)
T12F2D6C0 016:077.280   CPU_ReadMem(1 bytes @ 0x000000B9)
T12F2D6C0 016:077.627   failed
T12F2D6C0 016:077.636 - 0.363ms returns 0 (0x0)
T12F2D6C0 016:077.643 JLINK_ReadMemU8(0x000000BA, 0x1 Items)
T12F2D6C0 016:077.649   CPU_ReadMem(1 bytes @ 0x000000BA)
T12F2D6C0 016:078.010   failed
T12F2D6C0 016:078.019 - 0.376ms returns 0 (0x0)
T12F2D6C0 016:078.027 JLINK_ReadMemU8(0x000000BB, 0x1 Items)
T12F2D6C0 016:078.033   CPU_ReadMem(1 bytes @ 0x000000BB)
T12F2D6C0 016:078.378   failed
T12F2D6C0 016:078.388 - 0.361ms returns 0 (0x0)
T12F2D6C0 016:078.395 JLINK_ReadMemU8(0x000000BC, 0x1 Items)
T12F2D6C0 016:078.401   CPU_ReadMem(1 bytes @ 0x000000BC)
T12F2D6C0 016:078.753   failed
T12F2D6C0 016:078.762 - 0.367ms returns 0 (0x0)
T12F2D6C0 016:078.769 JLINK_ReadMemU8(0x000000BD, 0x1 Items)
T12F2D6C0 016:078.776   CPU_ReadMem(1 bytes @ 0x000000BD)
T12F2D6C0 016:079.128   failed
T12F2D6C0 016:079.138 - 0.370ms returns 0 (0x0)
T12F2D6C0 016:079.146 JLINK_ReadMemU8(0x000000BE, 0x1 Items)
T12F2D6C0 016:079.154   CPU_ReadMem(1 bytes @ 0x000000BE)
T12F2D6C0 016:079.503   failed
T12F2D6C0 016:079.513 - 0.367ms returns 0 (0x0)
T12F2D6C0 016:079.520 JLINK_ReadMemU8(0x000000BF, 0x1 Items)
T12F2D6C0 016:079.527   CPU_ReadMem(1 bytes @ 0x000000BF)
T12F2D6C0 016:079.889   failed
T12F2D6C0 016:079.898 - 0.378ms returns 0 (0x0)
T12F2D6C0 016:079.906 JLINK_ReadMemEx(0x000000C0, 0x10 Bytes, Flags = 0x00000000)
T12F2D6C0 016:079.913   CPU_ReadMem(16 bytes @ 0x000000C0)
T12F2D6C0 016:080.253   failed
T12F2D6C0 016:080.265 - 0.360ms returns 0 (0x0)
T12F2D6C0 016:080.273 JLINK_ReadMemU8(0x000000C0, 0x1 Items)
T12F2D6C0 016:080.280   CPU_ReadMem(1 bytes @ 0x000000C0)
T12F2D6C0 016:080.628   failed
T12F2D6C0 016:080.637 - 0.363ms returns 0 (0x0)
T12F2D6C0 016:080.643 JLINK_ReadMemU8(0x000000C1, 0x1 Items)
T12F2D6C0 016:080.650   CPU_ReadMem(1 bytes @ 0x000000C1)
T12F2D6C0 016:081.011   failed
T12F2D6C0 016:081.020 - 0.376ms returns 0 (0x0)
T12F2D6C0 016:081.026 JLINK_ReadMemU8(0x000000C2, 0x1 Items)
T12F2D6C0 016:081.033   CPU_ReadMem(1 bytes @ 0x000000C2)
T12F2D6C0 016:081.378   failed
T12F2D6C0 016:081.389 - 0.362ms returns 0 (0x0)
T12F2D6C0 016:081.396 JLINK_ReadMemU8(0x000000C3, 0x1 Items)
T12F2D6C0 016:081.404   CPU_ReadMem(1 bytes @ 0x000000C3)
T12F2D6C0 016:081.753   failed
T12F2D6C0 016:081.762 - 0.365ms returns 0 (0x0)
T12F2D6C0 016:081.768 JLINK_ReadMemU8(0x000000C4, 0x1 Items)
T12F2D6C0 016:081.775   CPU_ReadMem(1 bytes @ 0x000000C4)
T12F2D6C0 016:082.127   failed
T12F2D6C0 016:082.136 - 0.368ms returns 0 (0x0)
T12F2D6C0 016:082.143 JLINK_ReadMemU8(0x000000C5, 0x1 Items)
T12F2D6C0 016:082.149   CPU_ReadMem(1 bytes @ 0x000000C5)
T12F2D6C0 016:082.502   failed
T12F2D6C0 016:082.512 - 0.370ms returns 0 (0x0)
T12F2D6C0 016:082.519 JLINK_ReadMemU8(0x000000C6, 0x1 Items)
T12F2D6C0 016:082.526   CPU_ReadMem(1 bytes @ 0x000000C6)
T12F2D6C0 016:082.889   failed
T12F2D6C0 016:082.900 - 0.381ms returns 0 (0x0)
T12F2D6C0 016:082.907 JLINK_ReadMemU8(0x000000C7, 0x1 Items)
T12F2D6C0 016:082.918   CPU_ReadMem(1 bytes @ 0x000000C7)
T12F2D6C0 016:083.253   failed
T12F2D6C0 016:083.266 - 0.359ms returns 0 (0x0)
T12F2D6C0 016:083.275 JLINK_ReadMemU8(0x000000C8, 0x1 Items)
T12F2D6C0 016:083.282   CPU_ReadMem(1 bytes @ 0x000000C8)
T12F2D6C0 016:083.628   failed
T12F2D6C0 016:083.637 - 0.362ms returns 0 (0x0)
T12F2D6C0 016:083.644 JLINK_ReadMemU8(0x000000C9, 0x1 Items)
T12F2D6C0 016:083.654   CPU_ReadMem(1 bytes @ 0x000000C9)
T12F2D6C0 016:084.011   failed
T12F2D6C0 016:084.020 - 0.376ms returns 0 (0x0)
T12F2D6C0 016:084.028 JLINK_ReadMemU8(0x000000CA, 0x1 Items)
T12F2D6C0 016:084.035   CPU_ReadMem(1 bytes @ 0x000000CA)
T12F2D6C0 016:084.377   failed
T12F2D6C0 016:084.387 - 0.359ms returns 0 (0x0)
T12F2D6C0 016:084.395 JLINK_ReadMemU8(0x000000CB, 0x1 Items)
T12F2D6C0 016:084.405   CPU_ReadMem(1 bytes @ 0x000000CB)
T12F2D6C0 016:084.753   failed
T12F2D6C0 016:084.762 - 0.368ms returns 0 (0x0)
T12F2D6C0 016:084.769 JLINK_ReadMemU8(0x000000CC, 0x1 Items)
T12F2D6C0 016:084.776   CPU_ReadMem(1 bytes @ 0x000000CC)
T12F2D6C0 016:085.128   failed
T12F2D6C0 016:085.137 - 0.367ms returns 0 (0x0)
T12F2D6C0 016:085.144 JLINK_ReadMemU8(0x000000CD, 0x1 Items)
T12F2D6C0 016:085.153   CPU_ReadMem(1 bytes @ 0x000000CD)
T12F2D6C0 016:085.501   failed
T12F2D6C0 016:085.511 - 0.367ms returns 0 (0x0)
T12F2D6C0 016:085.518 JLINK_ReadMemU8(0x000000CE, 0x1 Items)
T12F2D6C0 016:085.525   CPU_ReadMem(1 bytes @ 0x000000CE)
T12F2D6C0 016:085.895   failed
T12F2D6C0 016:085.903 - 0.385ms returns 0 (0x0)
T12F2D6C0 016:085.910 JLINK_ReadMemU8(0x000000CF, 0x1 Items)
T12F2D6C0 016:085.920   CPU_ReadMem(1 bytes @ 0x000000CF)
T12F2D6C0 016:086.252   failed
T12F2D6C0 016:086.265 - 0.355ms returns 0 (0x0)
T12F2D6C0 016:086.273 JLINK_ReadMemEx(0x000000D0, 0x10 Bytes, Flags = 0x00000000)
T12F2D6C0 016:086.280   CPU_ReadMem(16 bytes @ 0x000000D0)
T12F2D6C0 016:086.628   failed
T12F2D6C0 016:086.636 - 0.363ms returns 0 (0x0)
T12F2D6C0 016:086.644 JLINK_ReadMemU8(0x000000D0, 0x1 Items)
T12F2D6C0 016:086.653   CPU_ReadMem(1 bytes @ 0x000000D0)
T12F2D6C0 016:087.011   failed
T12F2D6C0 016:087.020 - 0.377ms returns 0 (0x0)
T12F2D6C0 016:087.026 JLINK_ReadMemU8(0x000000D1, 0x1 Items)
T12F2D6C0 016:087.033   CPU_ReadMem(1 bytes @ 0x000000D1)
T12F2D6C0 016:087.378   failed
T12F2D6C0 016:087.388 - 0.362ms returns 0 (0x0)
T12F2D6C0 016:087.396 JLINK_ReadMemU8(0x000000D2, 0x1 Items)
T12F2D6C0 016:087.406   CPU_ReadMem(1 bytes @ 0x000000D2)
T12F2D6C0 016:087.753   failed
T12F2D6C0 016:087.761 - 0.365ms returns 0 (0x0)
T12F2D6C0 016:087.768 JLINK_ReadMemU8(0x000000D3, 0x1 Items)
T12F2D6C0 016:087.775   CPU_ReadMem(1 bytes @ 0x000000D3)
T12F2D6C0 016:088.128   failed
T12F2D6C0 016:088.138 - 0.370ms returns 0 (0x0)
T12F2D6C0 016:088.146 JLINK_ReadMemU8(0x000000D4, 0x1 Items)
T12F2D6C0 016:088.155   CPU_ReadMem(1 bytes @ 0x000000D4)
T12F2D6C0 016:088.503   failed
T12F2D6C0 016:088.514 - 0.367ms returns 0 (0x0)
T12F2D6C0 016:088.520 JLINK_ReadMemU8(0x000000D5, 0x1 Items)
T12F2D6C0 016:088.527   CPU_ReadMem(1 bytes @ 0x000000D5)
T12F2D6C0 016:088.889   failed
T12F2D6C0 016:088.897 - 0.377ms returns 0 (0x0)
T12F2D6C0 016:088.904 JLINK_ReadMemU8(0x000000D6, 0x1 Items)
T12F2D6C0 016:088.913   CPU_ReadMem(1 bytes @ 0x000000D6)
T12F2D6C0 016:089.253   failed
T12F2D6C0 016:089.267 - 0.363ms returns 0 (0x0)
T12F2D6C0 016:089.275 JLINK_ReadMemU8(0x000000D7, 0x1 Items)
T12F2D6C0 016:089.282   CPU_ReadMem(1 bytes @ 0x000000D7)
T12F2D6C0 016:089.627   failed
T12F2D6C0 016:089.636 - 0.361ms returns 0 (0x0)
T12F2D6C0 016:089.643 JLINK_ReadMemU8(0x000000D8, 0x1 Items)
T12F2D6C0 016:089.653   CPU_ReadMem(1 bytes @ 0x000000D8)
T12F2D6C0 016:090.011   failed
T12F2D6C0 016:090.020 - 0.377ms returns 0 (0x0)
T12F2D6C0 016:090.027 JLINK_ReadMemU8(0x000000D9, 0x1 Items)
T12F2D6C0 016:090.035   CPU_ReadMem(1 bytes @ 0x000000D9)
T12F2D6C0 016:090.378   failed
T12F2D6C0 016:090.388 - 0.361ms returns 0 (0x0)
T12F2D6C0 016:090.396 JLINK_ReadMemU8(0x000000DA, 0x1 Items)
T12F2D6C0 016:090.406   CPU_ReadMem(1 bytes @ 0x000000DA)
T12F2D6C0 016:090.753   failed
T12F2D6C0 016:090.762 - 0.365ms returns 0 (0x0)
T12F2D6C0 016:090.768 JLINK_ReadMemU8(0x000000DB, 0x1 Items)
T12F2D6C0 016:090.775   CPU_ReadMem(1 bytes @ 0x000000DB)
T12F2D6C0 016:091.128   failed
T12F2D6C0 016:091.136 - 0.368ms returns 0 (0x0)
T12F2D6C0 016:091.143 JLINK_ReadMemU8(0x000000DC, 0x1 Items)
T12F2D6C0 016:091.153   CPU_ReadMem(1 bytes @ 0x000000DC)
T12F2D6C0 016:091.503   failed
T12F2D6C0 016:091.513 - 0.370ms returns 0 (0x0)
T12F2D6C0 016:091.521 JLINK_ReadMemU8(0x000000DD, 0x1 Items)
T12F2D6C0 016:091.527   CPU_ReadMem(1 bytes @ 0x000000DD)
T12F2D6C0 016:091.889   failed
T12F2D6C0 016:091.898 - 0.377ms returns 0 (0x0)
T12F2D6C0 016:091.905 JLINK_ReadMemU8(0x000000DE, 0x1 Items)
T12F2D6C0 016:091.914   CPU_ReadMem(1 bytes @ 0x000000DE)
T12F2D6C0 016:092.252   failed
T12F2D6C0 016:092.264 - 0.359ms returns 0 (0x0)
T12F2D6C0 016:092.273 JLINK_ReadMemU8(0x000000DF, 0x1 Items)
T12F2D6C0 016:092.279   CPU_ReadMem(1 bytes @ 0x000000DF)
T12F2D6C0 016:092.626   failed
T12F2D6C0 016:092.635 - 0.362ms returns 0 (0x0)
T12F2D6C0 016:092.642 JLINK_ReadMemEx(0x000000E0, 0x10 Bytes, Flags = 0x00000000)
T12F2D6C0 016:092.652   CPU_ReadMem(16 bytes @ 0x000000E0)
T12F2D6C0 016:093.009   failed
T12F2D6C0 016:093.018 - 0.376ms returns 0 (0x0)
T12F2D6C0 016:093.025 JLINK_ReadMemU8(0x000000E0, 0x1 Items)
T12F2D6C0 016:093.031   CPU_ReadMem(1 bytes @ 0x000000E0)
T12F2D6C0 016:093.378   failed
T12F2D6C0 016:093.388 - 0.363ms returns 0 (0x0)
T12F2D6C0 016:093.396 JLINK_ReadMemU8(0x000000E1, 0x1 Items)
T12F2D6C0 016:093.405   CPU_ReadMem(1 bytes @ 0x000000E1)
T12F2D6C0 016:093.752   failed
T12F2D6C0 016:093.761 - 0.365ms returns 0 (0x0)
T12F2D6C0 016:093.768 JLINK_ReadMemU8(0x000000E2, 0x1 Items)
T12F2D6C0 016:093.782   CPU_ReadMem(1 bytes @ 0x000000E2)
T12F2D6C0 016:094.127   failed
T12F2D6C0 016:094.136 - 0.368ms returns 0 (0x0)
T12F2D6C0 016:094.143 JLINK_ReadMemU8(0x000000E3, 0x1 Items)
T12F2D6C0 016:094.152   CPU_ReadMem(1 bytes @ 0x000000E3)
T12F2D6C0 016:094.503   failed
T12F2D6C0 016:094.513 - 0.370ms returns 0 (0x0)
T12F2D6C0 016:094.520 JLINK_ReadMemU8(0x000000E4, 0x1 Items)
T12F2D6C0 016:094.527   CPU_ReadMem(1 bytes @ 0x000000E4)
T12F2D6C0 016:094.888   failed
T12F2D6C0 016:094.897 - 0.377ms returns 0 (0x0)
T12F2D6C0 016:094.904 JLINK_ReadMemU8(0x000000E5, 0x1 Items)
T12F2D6C0 016:094.914   CPU_ReadMem(1 bytes @ 0x000000E5)
T12F2D6C0 016:095.252   failed
T12F2D6C0 016:095.275 - 0.371ms returns 0 (0x0)
T12F2D6C0 016:095.284 JLINK_ReadMemU8(0x000000E6, 0x1 Items)
T12F2D6C0 016:095.290   CPU_ReadMem(1 bytes @ 0x000000E6)
T12F2D6C0 016:095.628   failed
T12F2D6C0 016:095.638 - 0.354ms returns 0 (0x0)
T12F2D6C0 016:095.647 JLINK_ReadMemU8(0x000000E7, 0x1 Items)
T12F2D6C0 016:095.656   CPU_ReadMem(1 bytes @ 0x000000E7)
T12F2D6C0 016:096.014   failed
T12F2D6C0 016:096.024 - 0.377ms returns 0 (0x0)
T12F2D6C0 016:096.032 JLINK_ReadMemU8(0x000000E8, 0x1 Items)
T12F2D6C0 016:096.040   CPU_ReadMem(1 bytes @ 0x000000E8)
T12F2D6C0 016:096.378   failed
T12F2D6C0 016:096.388 - 0.356ms returns 0 (0x0)
T12F2D6C0 016:096.395 JLINK_ReadMemU8(0x000000E9, 0x1 Items)
T12F2D6C0 016:096.405   CPU_ReadMem(1 bytes @ 0x000000E9)
T12F2D6C0 016:096.752   failed
T12F2D6C0 016:096.761 - 0.366ms returns 0 (0x0)
T12F2D6C0 016:096.768 JLINK_ReadMemU8(0x000000EA, 0x1 Items)
T12F2D6C0 016:096.774   CPU_ReadMem(1 bytes @ 0x000000EA)
T12F2D6C0 016:097.125   failed
T12F2D6C0 016:097.134 - 0.366ms returns 0 (0x0)
T12F2D6C0 016:097.141 JLINK_ReadMemU8(0x000000EB, 0x1 Items)
T12F2D6C0 016:097.150   CPU_ReadMem(1 bytes @ 0x000000EB)
T12F2D6C0 016:097.503   failed
T12F2D6C0 016:097.513 - 0.372ms returns 0 (0x0)
T12F2D6C0 016:097.520 JLINK_ReadMemU8(0x000000EC, 0x1 Items)
T12F2D6C0 016:097.527   CPU_ReadMem(1 bytes @ 0x000000EC)
T12F2D6C0 016:097.889   failed
T12F2D6C0 016:097.897 - 0.377ms returns 0 (0x0)
T12F2D6C0 016:097.905 JLINK_ReadMemU8(0x000000ED, 0x1 Items)
T12F2D6C0 016:097.915   CPU_ReadMem(1 bytes @ 0x000000ED)
T12F2D6C0 016:098.252   failed
T12F2D6C0 016:098.266 - 0.361ms returns 0 (0x0)
T12F2D6C0 016:098.274 JLINK_ReadMemU8(0x000000EE, 0x1 Items)
T12F2D6C0 016:098.281   CPU_ReadMem(1 bytes @ 0x000000EE)
T12F2D6C0 016:098.627   failed
T12F2D6C0 016:098.636 - 0.362ms returns 0 (0x0)
T12F2D6C0 016:098.643 JLINK_ReadMemU8(0x000000EF, 0x1 Items)
T12F2D6C0 016:098.655   CPU_ReadMem(1 bytes @ 0x000000EF)
T12F2D6C0 016:099.010   failed
T12F2D6C0 016:099.019 - 0.376ms returns 0 (0x0)
T12F2D6C0 016:099.026 JLINK_ReadMemEx(0x000000F0, 0x10 Bytes, Flags = 0x00000000)
T12F2D6C0 016:099.032   CPU_ReadMem(16 bytes @ 0x000000F0)
T12F2D6C0 016:099.378   failed
T12F2D6C0 016:099.389 - 0.363ms returns 0 (0x0)
T12F2D6C0 016:099.396 JLINK_ReadMemU8(0x000000F0, 0x1 Items)
T12F2D6C0 016:099.405   CPU_ReadMem(1 bytes @ 0x000000F0)
T12F2D6C0 016:099.753   failed
T12F2D6C0 016:099.762 - 0.366ms returns 0 (0x0)
T12F2D6C0 016:099.769 JLINK_ReadMemU8(0x000000F1, 0x1 Items)
T12F2D6C0 016:099.775   CPU_ReadMem(1 bytes @ 0x000000F1)
T12F2D6C0 016:100.128   failed
T12F2D6C0 016:100.138 - 0.369ms returns 0 (0x0)
T12F2D6C0 016:100.145 JLINK_ReadMemU8(0x000000F2, 0x1 Items)
T12F2D6C0 016:100.154   CPU_ReadMem(1 bytes @ 0x000000F2)
T12F2D6C0 016:100.503   failed
T12F2D6C0 016:100.513 - 0.368ms returns 0 (0x0)
T12F2D6C0 016:100.520 JLINK_ReadMemU8(0x000000F3, 0x1 Items)
T12F2D6C0 016:100.527   CPU_ReadMem(1 bytes @ 0x000000F3)
T12F2D6C0 016:100.889   failed
T12F2D6C0 016:100.898 - 0.377ms returns 0 (0x0)
T12F2D6C0 016:100.906 JLINK_ReadMemU8(0x000000F4, 0x1 Items)
T12F2D6C0 016:100.915   CPU_ReadMem(1 bytes @ 0x000000F4)
T12F2D6C0 016:101.252   failed
T12F2D6C0 016:101.265 - 0.358ms returns 0 (0x0)
T12F2D6C0 016:101.273 JLINK_ReadMemU8(0x000000F5, 0x1 Items)
T12F2D6C0 016:101.280   CPU_ReadMem(1 bytes @ 0x000000F5)
T12F2D6C0 016:101.629   failed
T12F2D6C0 016:101.637 - 0.364ms returns 0 (0x0)
T12F2D6C0 016:101.645 JLINK_ReadMemU8(0x000000F6, 0x1 Items)
T12F2D6C0 016:101.653   CPU_ReadMem(1 bytes @ 0x000000F6)
T12F2D6C0 016:102.008   failed
T12F2D6C0 016:102.017 - 0.373ms returns 0 (0x0)
T12F2D6C0 016:102.024 JLINK_ReadMemU8(0x000000F7, 0x1 Items)
T12F2D6C0 016:102.030   CPU_ReadMem(1 bytes @ 0x000000F7)
T12F2D6C0 016:102.377   failed
T12F2D6C0 016:102.388 - 0.364ms returns 0 (0x0)
T12F2D6C0 016:102.395 JLINK_ReadMemU8(0x000000F8, 0x1 Items)
T12F2D6C0 016:102.404   CPU_ReadMem(1 bytes @ 0x000000F8)
T12F2D6C0 016:102.752   failed
T12F2D6C0 016:102.761 - 0.366ms returns 0 (0x0)
T12F2D6C0 016:102.768 JLINK_ReadMemU8(0x000000F9, 0x1 Items)
T12F2D6C0 016:102.774   CPU_ReadMem(1 bytes @ 0x000000F9)
T12F2D6C0 016:103.127   failed
T12F2D6C0 016:103.136 - 0.368ms returns 0 (0x0)
T12F2D6C0 016:103.144 JLINK_ReadMemU8(0x000000FA, 0x1 Items)
T12F2D6C0 016:103.153   CPU_ReadMem(1 bytes @ 0x000000FA)
T12F2D6C0 016:103.502   failed
T12F2D6C0 016:103.512 - 0.368ms returns 0 (0x0)
T12F2D6C0 016:103.519 JLINK_ReadMemU8(0x000000FB, 0x1 Items)
T12F2D6C0 016:103.526   CPU_ReadMem(1 bytes @ 0x000000FB)
T12F2D6C0 016:103.889   failed
T12F2D6C0 016:103.898 - 0.379ms returns 0 (0x0)
T12F2D6C0 016:103.905 JLINK_ReadMemU8(0x000000FC, 0x1 Items)
T12F2D6C0 016:103.914   CPU_ReadMem(1 bytes @ 0x000000FC)
T12F2D6C0 016:104.256   failed
T12F2D6C0 016:104.277 - 0.372ms returns 0 (0x0)
T12F2D6C0 016:104.288 JLINK_ReadMemU8(0x000000FD, 0x1 Items)
T12F2D6C0 016:104.298   CPU_ReadMem(1 bytes @ 0x000000FD)
T12F2D6C0 016:104.636   failed
T12F2D6C0 016:104.655 - 0.367ms returns 0 (0x0)
T12F2D6C0 016:104.671 JLINK_ReadMemU8(0x000000FE, 0x1 Items)
T12F2D6C0 016:104.684   CPU_ReadMem(1 bytes @ 0x000000FE)
T12F2D6C0 016:105.018   failed
T12F2D6C0 016:105.036 - 0.364ms returns 0 (0x0)
T12F2D6C0 016:105.048 JLINK_ReadMemU8(0x000000FF, 0x1 Items)
T12F2D6C0 016:105.061   CPU_ReadMem(1 bytes @ 0x000000FF)
T12F2D6C0 016:105.381   failed
T12F2D6C0 016:105.401 - 0.354ms returns 0 (0x0)
T12F2D6C0 016:105.413 JLINK_ReadMemEx(0x00000100, 0x10 Bytes, Flags = 0x00000000)
T12F2D6C0 016:105.427   CPU_ReadMem(16 bytes @ 0x00000100)
T12F2D6C0 016:105.755   failed
T12F2D6C0 016:105.770 - 0.357ms returns 0 (0x0)
T12F2D6C0 016:105.782 JLINK_ReadMemU8(0x00000100, 0x1 Items)
T12F2D6C0 016:105.795   CPU_ReadMem(1 bytes @ 0x00000100)
T12F2D6C0 016:106.129   failed
T12F2D6C0 016:106.143 - 0.361ms returns 0 (0x0)
T12F2D6C0 016:106.153 JLINK_ReadMemU8(0x00000101, 0x1 Items)
T12F2D6C0 016:106.163   CPU_ReadMem(1 bytes @ 0x00000101)
T12F2D6C0 016:106.505   failed
T12F2D6C0 016:106.522 - 0.370ms returns 0 (0x0)
T12F2D6C0 016:106.532 JLINK_ReadMemU8(0x00000102, 0x1 Items)
T12F2D6C0 016:106.542   CPU_ReadMem(1 bytes @ 0x00000102)
T12F2D6C0 016:106.891   failed
T12F2D6C0 016:106.904 - 0.372ms returns 0 (0x0)
T12F2D6C0 016:106.914 JLINK_ReadMemU8(0x00000103, 0x1 Items)
T12F2D6C0 016:106.924   CPU_ReadMem(1 bytes @ 0x00000103)
T12F2D6C0 016:107.255   failed
T12F2D6C0 016:107.274 - 0.360ms returns 0 (0x0)
T12F2D6C0 016:107.291 JLINK_ReadMemU8(0x00000104, 0x1 Items)
T12F2D6C0 016:107.301   CPU_ReadMem(1 bytes @ 0x00000104)
T12F2D6C0 016:107.629   failed
T12F2D6C0 016:107.643 - 0.352ms returns 0 (0x0)
T12F2D6C0 016:107.653 JLINK_ReadMemU8(0x00000105, 0x1 Items)
T12F2D6C0 016:107.662   CPU_ReadMem(1 bytes @ 0x00000105)
T12F2D6C0 016:108.018   failed
T12F2D6C0 016:108.032 - 0.379ms returns 0 (0x0)
T12F2D6C0 016:108.042 JLINK_ReadMemU8(0x00000106, 0x1 Items)
T12F2D6C0 016:108.053   CPU_ReadMem(1 bytes @ 0x00000106)
T12F2D6C0 016:108.380   failed
T12F2D6C0 016:108.397 - 0.355ms returns 0 (0x0)
T12F2D6C0 016:108.407 JLINK_ReadMemU8(0x00000107, 0x1 Items)
T12F2D6C0 016:108.417   CPU_ReadMem(1 bytes @ 0x00000107)
T12F2D6C0 016:108.755   failed
T12F2D6C0 016:108.770 - 0.362ms returns 0 (0x0)
T12F2D6C0 016:108.779 JLINK_ReadMemU8(0x00000108, 0x1 Items)
T12F2D6C0 016:108.789   CPU_ReadMem(1 bytes @ 0x00000108)
T12F2D6C0 016:109.130   failed
T12F2D6C0 016:109.143 - 0.363ms returns 0 (0x0)
T12F2D6C0 016:109.152 JLINK_ReadMemU8(0x00000109, 0x1 Items)
T12F2D6C0 016:109.163   CPU_ReadMem(1 bytes @ 0x00000109)
T12F2D6C0 016:109.504   failed
T12F2D6C0 016:109.521 - 0.369ms returns 0 (0x0)
T12F2D6C0 016:109.531 JLINK_ReadMemU8(0x0000010A, 0x1 Items)
T12F2D6C0 016:109.541   CPU_ReadMem(1 bytes @ 0x0000010A)
T12F2D6C0 016:109.890   failed
T12F2D6C0 016:109.899 - 0.368ms returns 0 (0x0)
T12F2D6C0 016:109.908 JLINK_ReadMemU8(0x0000010B, 0x1 Items)
T12F2D6C0 016:109.915   CPU_ReadMem(1 bytes @ 0x0000010B)
T12F2D6C0 016:110.253   failed
T12F2D6C0 016:110.265 - 0.357ms returns 0 (0x0)
T12F2D6C0 016:110.274 JLINK_ReadMemU8(0x0000010C, 0x1 Items)
T12F2D6C0 016:110.281   CPU_ReadMem(1 bytes @ 0x0000010C)
T12F2D6C0 016:110.628   failed
T12F2D6C0 016:110.637 - 0.363ms returns 0 (0x0)
T12F2D6C0 016:110.646 JLINK_ReadMemU8(0x0000010D, 0x1 Items)
T12F2D6C0 016:110.653   CPU_ReadMem(1 bytes @ 0x0000010D)
T12F2D6C0 016:111.018   failed
T12F2D6C0 016:111.029 - 0.383ms returns 0 (0x0)
T12F2D6C0 016:111.039 JLINK_ReadMemU8(0x0000010E, 0x1 Items)
T12F2D6C0 016:111.047   CPU_ReadMem(1 bytes @ 0x0000010E)
T12F2D6C0 016:111.380   failed
T12F2D6C0 016:111.393 - 0.354ms returns 0 (0x0)
T12F2D6C0 016:111.402 JLINK_ReadMemU8(0x0000010F, 0x1 Items)
T12F2D6C0 016:111.411   CPU_ReadMem(1 bytes @ 0x0000010F)
T12F2D6C0 016:111.755   failed
T12F2D6C0 016:111.767 - 0.364ms returns 0 (0x0)
T12F2D6C0 016:111.775 JLINK_ReadMemEx(0x00000110, 0x10 Bytes, Flags = 0x00000000)
T12F2D6C0 016:111.784   CPU_ReadMem(16 bytes @ 0x00000110)
T12F2D6C0 016:112.129   failed
T12F2D6C0 016:112.139 - 0.363ms returns 0 (0x0)
T12F2D6C0 016:112.145 JLINK_ReadMemU8(0x00000110, 0x1 Items)
T12F2D6C0 016:112.152   CPU_ReadMem(1 bytes @ 0x00000110)
T12F2D6C0 016:112.503   failed
T12F2D6C0 016:112.515 - 0.370ms returns 0 (0x0)
T12F2D6C0 016:112.522 JLINK_ReadMemU8(0x00000111, 0x1 Items)
T12F2D6C0 016:112.530   CPU_ReadMem(1 bytes @ 0x00000111)
T12F2D6C0 016:112.888   failed
T12F2D6C0 016:112.898 - 0.376ms returns 0 (0x0)
T12F2D6C0 016:112.904 JLINK_ReadMemU8(0x00000112, 0x1 Items)
T12F2D6C0 016:112.911   CPU_ReadMem(1 bytes @ 0x00000112)
T12F2D6C0 016:113.252   failed
T12F2D6C0 016:113.266 - 0.361ms returns 0 (0x0)
T12F2D6C0 016:113.274 JLINK_ReadMemU8(0x00000113, 0x1 Items)
T12F2D6C0 016:113.282   CPU_ReadMem(1 bytes @ 0x00000113)
T12F2D6C0 016:113.628   failed
T12F2D6C0 016:113.637 - 0.363ms returns 0 (0x0)
T12F2D6C0 016:113.645 JLINK_ReadMemU8(0x00000114, 0x1 Items)
T12F2D6C0 016:113.652   CPU_ReadMem(1 bytes @ 0x00000114)
T12F2D6C0 016:114.019   failed
T12F2D6C0 016:114.032 - 0.387ms returns 0 (0x0)
T12F2D6C0 016:114.042 JLINK_ReadMemU8(0x00000115, 0x1 Items)
T12F2D6C0 016:114.051   CPU_ReadMem(1 bytes @ 0x00000115)
T12F2D6C0 016:114.387   failed
T12F2D6C0 016:114.409 - 0.367ms returns 0 (0x0)
T12F2D6C0 016:114.420 JLINK_ReadMemU8(0x00000116, 0x1 Items)
T12F2D6C0 016:114.435   CPU_ReadMem(1 bytes @ 0x00000116)
T12F2D6C0 016:114.756   failed
T12F2D6C0 016:114.774 - 0.354ms returns 0 (0x0)
T12F2D6C0 016:114.792 JLINK_ReadMemU8(0x00000117, 0x1 Items)
T12F2D6C0 016:114.804   CPU_ReadMem(1 bytes @ 0x00000117)
T12F2D6C0 016:115.125   failed
T12F2D6C0 016:115.135 - 0.343ms returns 0 (0x0)
T12F2D6C0 016:115.142 JLINK_ReadMemU8(0x00000118, 0x1 Items)
T12F2D6C0 016:115.149   CPU_ReadMem(1 bytes @ 0x00000118)
T12F2D6C0 016:115.502   failed
T12F2D6C0 016:115.515 - 0.373ms returns 0 (0x0)
T12F2D6C0 016:115.523 JLINK_ReadMemU8(0x00000119, 0x1 Items)
T12F2D6C0 016:115.531   CPU_ReadMem(1 bytes @ 0x00000119)
T12F2D6C0 016:115.893   failed
T12F2D6C0 016:115.904 - 0.381ms returns 0 (0x0)
T12F2D6C0 016:115.911 JLINK_ReadMemU8(0x0000011A, 0x1 Items)
T12F2D6C0 016:115.918   CPU_ReadMem(1 bytes @ 0x0000011A)
T12F2D6C0 016:116.250   failed
T12F2D6C0 016:116.265 - 0.354ms returns 0 (0x0)
T12F2D6C0 016:116.274 JLINK_ReadMemU8(0x0000011B, 0x1 Items)
T12F2D6C0 016:116.280   CPU_ReadMem(1 bytes @ 0x0000011B)
T12F2D6C0 016:116.625   failed
T12F2D6C0 016:116.636 - 0.362ms returns 0 (0x0)
T12F2D6C0 016:116.644 JLINK_ReadMemU8(0x0000011C, 0x1 Items)
T12F2D6C0 016:116.652   CPU_ReadMem(1 bytes @ 0x0000011C)
T12F2D6C0 016:117.013   failed
T12F2D6C0 016:117.024 - 0.380ms returns 0 (0x0)
T12F2D6C0 016:117.032 JLINK_ReadMemU8(0x0000011D, 0x1 Items)
T12F2D6C0 016:117.041   CPU_ReadMem(1 bytes @ 0x0000011D)
T12F2D6C0 016:117.377   failed
T12F2D6C0 016:117.388 - 0.355ms returns 0 (0x0)
T12F2D6C0 016:117.395 JLINK_ReadMemU8(0x0000011E, 0x1 Items)
T12F2D6C0 016:117.401   CPU_ReadMem(1 bytes @ 0x0000011E)
T12F2D6C0 016:117.749   failed
T12F2D6C0 016:117.758 - 0.364ms returns 0 (0x0)
T12F2D6C0 016:117.765 JLINK_ReadMemU8(0x0000011F, 0x1 Items)
T12F2D6C0 016:117.772   CPU_ReadMem(1 bytes @ 0x0000011F)
T12F2D6C0 016:118.124   failed
T12F2D6C0 016:118.133 - 0.368ms returns 0 (0x0)
T12F2D6C0 016:118.140 JLINK_ReadMemEx(0x00000120, 0x10 Bytes, Flags = 0x00000000)
T12F2D6C0 016:118.147   CPU_ReadMem(16 bytes @ 0x00000120)
T12F2D6C0 016:118.502   failed
T12F2D6C0 016:118.512 - 0.372ms returns 0 (0x0)
T12F2D6C0 016:118.519 JLINK_ReadMemU8(0x00000120, 0x1 Items)
T12F2D6C0 016:118.526   CPU_ReadMem(1 bytes @ 0x00000120)
T12F2D6C0 016:118.886   failed
T12F2D6C0 016:118.897 - 0.378ms returns 0 (0x0)
T12F2D6C0 016:118.906 JLINK_ReadMemU8(0x00000121, 0x1 Items)
T12F2D6C0 016:118.914   CPU_ReadMem(1 bytes @ 0x00000121)
T12F2D6C0 016:119.252   failed
T12F2D6C0 016:119.265 - 0.359ms returns 0 (0x0)
T12F2D6C0 016:119.273 JLINK_ReadMemU8(0x00000122, 0x1 Items)
T12F2D6C0 016:119.280   CPU_ReadMem(1 bytes @ 0x00000122)
T12F2D6C0 016:119.626   failed
T12F2D6C0 016:119.635 - 0.361ms returns 0 (0x0)
T12F2D6C0 016:119.641 JLINK_ReadMemU8(0x00000123, 0x1 Items)
T12F2D6C0 016:119.648   CPU_ReadMem(1 bytes @ 0x00000123)
T12F2D6C0 016:120.014   failed
T12F2D6C0 016:120.023 - 0.382ms returns 0 (0x0)
T12F2D6C0 016:120.029 JLINK_ReadMemU8(0x00000124, 0x1 Items)
T12F2D6C0 016:120.036   CPU_ReadMem(1 bytes @ 0x00000124)
T12F2D6C0 016:120.375   failed
T12F2D6C0 016:120.385 - 0.356ms returns 0 (0x0)
T12F2D6C0 016:120.392 JLINK_ReadMemU8(0x00000125, 0x1 Items)
T12F2D6C0 016:120.399   CPU_ReadMem(1 bytes @ 0x00000125)
T12F2D6C0 016:120.750   failed
T12F2D6C0 016:120.758 - 0.366ms returns 0 (0x0)
T12F2D6C0 016:120.765 JLINK_ReadMemU8(0x00000126, 0x1 Items)
T12F2D6C0 016:120.771   CPU_ReadMem(1 bytes @ 0x00000126)
T12F2D6C0 016:121.126   failed
T12F2D6C0 016:121.135 - 0.370ms returns 0 (0x0)
T12F2D6C0 016:121.142 JLINK_ReadMemU8(0x00000127, 0x1 Items)
T12F2D6C0 016:121.148   CPU_ReadMem(1 bytes @ 0x00000127)
T12F2D6C0 016:121.499   failed
T12F2D6C0 016:121.510 - 0.367ms returns 0 (0x0)
T12F2D6C0 016:121.516 JLINK_ReadMemU8(0x00000128, 0x1 Items)
T12F2D6C0 016:121.523   CPU_ReadMem(1 bytes @ 0x00000128)
T12F2D6C0 016:121.886   failed
T12F2D6C0 016:121.897 - 0.381ms returns 0 (0x0)
T12F2D6C0 016:121.905 JLINK_ReadMemU8(0x00000129, 0x1 Items)
T12F2D6C0 016:121.913   CPU_ReadMem(1 bytes @ 0x00000129)
T12F2D6C0 016:122.251   failed
T12F2D6C0 016:122.267 - 0.363ms returns 0 (0x0)
T12F2D6C0 016:122.275 JLINK_ReadMemU8(0x0000012A, 0x1 Items)
T12F2D6C0 016:122.286   CPU_ReadMem(1 bytes @ 0x0000012A)
T12F2D6C0 016:122.626   failed
T12F2D6C0 016:122.635 - 0.360ms returns 0 (0x0)
T12F2D6C0 016:122.643 JLINK_ReadMemU8(0x0000012B, 0x1 Items)
T12F2D6C0 016:122.651   CPU_ReadMem(1 bytes @ 0x0000012B)
T12F2D6C0 016:123.012   failed
T12F2D6C0 016:123.021 - 0.378ms returns 0 (0x0)
T12F2D6C0 016:123.028 JLINK_ReadMemU8(0x0000012C, 0x1 Items)
T12F2D6C0 016:123.034   CPU_ReadMem(1 bytes @ 0x0000012C)
T12F2D6C0 016:123.376   failed
T12F2D6C0 016:123.386 - 0.358ms returns 0 (0x0)
T12F2D6C0 016:123.393 JLINK_ReadMemU8(0x0000012D, 0x1 Items)
T12F2D6C0 016:123.400   CPU_ReadMem(1 bytes @ 0x0000012D)
T12F2D6C0 016:123.750   failed
T12F2D6C0 016:123.760 - 0.367ms returns 0 (0x0)
T12F2D6C0 016:123.768 JLINK_ReadMemU8(0x0000012E, 0x1 Items)
T12F2D6C0 016:123.776   CPU_ReadMem(1 bytes @ 0x0000012E)
T12F2D6C0 016:124.125   failed
T12F2D6C0 016:124.134 - 0.366ms returns 0 (0x0)
T12F2D6C0 016:124.141 JLINK_ReadMemU8(0x0000012F, 0x1 Items)
T12F2D6C0 016:124.149   CPU_ReadMem(1 bytes @ 0x0000012F)
T12F2D6C0 016:124.499   failed
T12F2D6C0 016:124.509 - 0.368ms returns 0 (0x0)
T12F2D6C0 016:124.516 JLINK_ReadMemEx(0x00000130, 0x10 Bytes, Flags = 0x00000000)
T12F2D6C0 016:124.523   CPU_ReadMem(16 bytes @ 0x00000130)
T12F2D6C0 016:124.886   failed
T12F2D6C0 016:124.895 - 0.378ms returns 0 (0x0)
T12F2D6C0 016:124.901 JLINK_ReadMemU8(0x00000130, 0x1 Items)
T12F2D6C0 016:124.908   CPU_ReadMem(1 bytes @ 0x00000130)
T12F2D6C0 016:125.249   failed
T12F2D6C0 016:125.258 - 0.357ms returns 0 (0x0)
T12F2D6C0 016:125.272 JLINK_ReadMemU8(0x00000131, 0x1 Items)
T12F2D6C0 016:125.278   CPU_ReadMem(1 bytes @ 0x00000131)
T12F2D6C0 016:125.624   failed
T12F2D6C0 016:125.633 - 0.361ms returns 0 (0x0)
T12F2D6C0 016:125.640 JLINK_ReadMemU8(0x00000132, 0x1 Items)
T12F2D6C0 016:125.646   CPU_ReadMem(1 bytes @ 0x00000132)
T12F2D6C0 016:126.019   failed
T12F2D6C0 016:126.028 - 0.388ms returns 0 (0x0)
T12F2D6C0 016:126.035 JLINK_ReadMemU8(0x00000133, 0x1 Items)
T12F2D6C0 016:126.041   CPU_ReadMem(1 bytes @ 0x00000133)
T12F2D6C0 016:126.374   failed
T12F2D6C0 016:126.385 - 0.350ms returns 0 (0x0)
T12F2D6C0 016:126.392 JLINK_ReadMemU8(0x00000134, 0x1 Items)
T12F2D6C0 016:126.398   CPU_ReadMem(1 bytes @ 0x00000134)
T12F2D6C0 016:126.749   failed
T12F2D6C0 016:126.758 - 0.367ms returns 0 (0x0)
T12F2D6C0 016:126.765 JLINK_ReadMemU8(0x00000135, 0x1 Items)
T12F2D6C0 016:126.771   CPU_ReadMem(1 bytes @ 0x00000135)
T12F2D6C0 016:127.126   failed
T12F2D6C0 016:127.134 - 0.369ms returns 0 (0x0)
T12F2D6C0 016:127.141 JLINK_ReadMemU8(0x00000136, 0x1 Items)
T12F2D6C0 016:127.147   CPU_ReadMem(1 bytes @ 0x00000136)
T12F2D6C0 016:127.500   failed
T12F2D6C0 016:127.510 - 0.369ms returns 0 (0x0)
T12F2D6C0 016:127.517 JLINK_ReadMemU8(0x00000137, 0x1 Items)
T12F2D6C0 016:127.524   CPU_ReadMem(1 bytes @ 0x00000137)
T12F2D6C0 016:127.887   failed
T12F2D6C0 016:127.896 - 0.379ms returns 0 (0x0)
T12F2D6C0 016:127.903 JLINK_ReadMemU8(0x00000138, 0x1 Items)
T12F2D6C0 016:127.909   CPU_ReadMem(1 bytes @ 0x00000138)
T12F2D6C0 016:128.251   failed
T12F2D6C0 016:128.260 - 0.357ms returns 0 (0x0)
T12F2D6C0 016:128.272 JLINK_ReadMemU8(0x00000139, 0x1 Items)
T12F2D6C0 016:128.278   CPU_ReadMem(1 bytes @ 0x00000139)
T12F2D6C0 016:128.624   failed
T12F2D6C0 016:128.635 - 0.363ms returns 0 (0x0)
T12F2D6C0 016:128.643 JLINK_ReadMemU8(0x0000013A, 0x1 Items)
T12F2D6C0 016:128.651   CPU_ReadMem(1 bytes @ 0x0000013A)
T12F2D6C0 016:129.014   failed
T12F2D6C0 016:129.023 - 0.380ms returns 0 (0x0)
T12F2D6C0 016:129.029 JLINK_ReadMemU8(0x0000013B, 0x1 Items)
T12F2D6C0 016:129.036   CPU_ReadMem(1 bytes @ 0x0000013B)
T12F2D6C0 016:129.376   failed
T12F2D6C0 016:129.386 - 0.357ms returns 0 (0x0)
T12F2D6C0 016:129.393 JLINK_ReadMemU8(0x0000013C, 0x1 Items)
T12F2D6C0 016:129.399   CPU_ReadMem(1 bytes @ 0x0000013C)
T12F2D6C0 016:129.751   failed
T12F2D6C0 016:129.759 - 0.366ms returns 0 (0x0)
T12F2D6C0 016:129.766 JLINK_ReadMemU8(0x0000013D, 0x1 Items)
T12F2D6C0 016:129.777   CPU_ReadMem(1 bytes @ 0x0000013D)
T12F2D6C0 016:130.124   failed
T12F2D6C0 016:130.133 - 0.367ms returns 0 (0x0)
T12F2D6C0 016:130.140 JLINK_ReadMemU8(0x0000013E, 0x1 Items)
T12F2D6C0 016:130.146   CPU_ReadMem(1 bytes @ 0x0000013E)
T12F2D6C0 016:130.499   failed
T12F2D6C0 016:130.510 - 0.369ms returns 0 (0x0)
T12F2D6C0 016:130.516 JLINK_ReadMemU8(0x0000013F, 0x1 Items)
T12F2D6C0 016:130.523   CPU_ReadMem(1 bytes @ 0x0000013F)
T12F2D6C0 016:130.886   failed
T12F2D6C0 016:130.895 - 0.378ms returns 0 (0x0)
T12F2D6C0 016:130.901 JLINK_ReadMemEx(0x00000140, 0x10 Bytes, Flags = 0x00000000)
T12F2D6C0 016:130.908   CPU_ReadMem(16 bytes @ 0x00000140)
T12F2D6C0 016:131.249   failed
T12F2D6C0 016:131.260 - 0.359ms returns 0 (0x0)
T12F2D6C0 016:131.275 JLINK_ReadMemU8(0x00000140, 0x1 Items)
T12F2D6C0 016:131.283   CPU_ReadMem(1 bytes @ 0x00000140)
T12F2D6C0 016:131.624   failed
T12F2D6C0 016:131.633 - 0.358ms returns 0 (0x0)
T12F2D6C0 016:131.640 JLINK_ReadMemU8(0x00000141, 0x1 Items)
T12F2D6C0 016:131.646   CPU_ReadMem(1 bytes @ 0x00000141)
T12F2D6C0 016:132.013   failed
T12F2D6C0 016:132.024 - 0.384ms returns 0 (0x0)
T12F2D6C0 016:132.032 JLINK_ReadMemU8(0x00000142, 0x1 Items)
T12F2D6C0 016:132.040   CPU_ReadMem(1 bytes @ 0x00000142)
T12F2D6C0 016:132.374   failed
T12F2D6C0 016:132.386 - 0.354ms returns 0 (0x0)
T12F2D6C0 016:132.395 JLINK_ReadMemU8(0x00000143, 0x1 Items)
T12F2D6C0 016:132.403   CPU_ReadMem(1 bytes @ 0x00000143)
T12F2D6C0 016:132.749   failed
T12F2D6C0 016:132.758 - 0.363ms returns 0 (0x0)
T12F2D6C0 016:132.765 JLINK_ReadMemU8(0x00000144, 0x1 Items)
T12F2D6C0 016:132.772   CPU_ReadMem(1 bytes @ 0x00000144)
T12F2D6C0 016:133.127   failed
T12F2D6C0 016:133.137 - 0.372ms returns 0 (0x0)
T12F2D6C0 016:133.146 JLINK_ReadMemU8(0x00000145, 0x1 Items)
T12F2D6C0 016:133.154   CPU_ReadMem(1 bytes @ 0x00000145)
T12F2D6C0 016:133.502   failed
T12F2D6C0 016:133.513 - 0.368ms returns 0 (0x0)
T12F2D6C0 016:133.519 JLINK_ReadMemU8(0x00000146, 0x1 Items)
T12F2D6C0 016:133.526   CPU_ReadMem(1 bytes @ 0x00000146)
T12F2D6C0 016:133.885   failed
T12F2D6C0 016:133.894 - 0.375ms returns 0 (0x0)
T12F2D6C0 016:133.901 JLINK_ReadMemU8(0x00000147, 0x1 Items)
T12F2D6C0 016:133.907   CPU_ReadMem(1 bytes @ 0x00000147)
T12F2D6C0 016:134.252   failed
T12F2D6C0 016:134.265 - 0.364ms returns 0 (0x0)
T12F2D6C0 016:134.273 JLINK_ReadMemU8(0x00000148, 0x1 Items)
T12F2D6C0 016:134.280   CPU_ReadMem(1 bytes @ 0x00000148)
T12F2D6C0 016:134.627   failed
T12F2D6C0 016:134.636 - 0.363ms returns 0 (0x0)
T12F2D6C0 016:134.643 JLINK_ReadMemU8(0x00000149, 0x1 Items)
T12F2D6C0 016:134.650   CPU_ReadMem(1 bytes @ 0x00000149)
T12F2D6C0 016:135.014   failed
T12F2D6C0 016:135.023 - 0.380ms returns 0 (0x0)
T12F2D6C0 016:135.031 JLINK_ReadMemU8(0x0000014A, 0x1 Items)
T12F2D6C0 016:135.039   CPU_ReadMem(1 bytes @ 0x0000014A)
T12F2D6C0 016:135.377   failed
T12F2D6C0 016:135.390 - 0.359ms returns 0 (0x0)
T12F2D6C0 016:135.398 JLINK_ReadMemU8(0x0000014B, 0x1 Items)
T12F2D6C0 016:135.406   CPU_ReadMem(1 bytes @ 0x0000014B)
T12F2D6C0 016:135.752   failed
T12F2D6C0 016:135.761 - 0.363ms returns 0 (0x0)
T12F2D6C0 016:135.768 JLINK_ReadMemU8(0x0000014C, 0x1 Items)
T12F2D6C0 016:135.775   CPU_ReadMem(1 bytes @ 0x0000014C)
T12F2D6C0 016:136.126   failed
T12F2D6C0 016:136.135 - 0.367ms returns 0 (0x0)
T12F2D6C0 016:136.142 JLINK_ReadMemU8(0x0000014D, 0x1 Items)
T12F2D6C0 016:136.148   CPU_ReadMem(1 bytes @ 0x0000014D)
T12F2D6C0 016:136.502   failed
T12F2D6C0 016:136.512 - 0.370ms returns 0 (0x0)
T12F2D6C0 016:136.519 JLINK_ReadMemU8(0x0000014E, 0x1 Items)
T12F2D6C0 016:136.525   CPU_ReadMem(1 bytes @ 0x0000014E)
T12F2D6C0 016:136.885   failed
T12F2D6C0 016:136.894 - 0.375ms returns 0 (0x0)
T12F2D6C0 016:136.901 JLINK_ReadMemU8(0x0000014F, 0x1 Items)
T12F2D6C0 016:136.907   CPU_ReadMem(1 bytes @ 0x0000014F)
T12F2D6C0 016:137.252   failed
T12F2D6C0 016:137.265 - 0.364ms returns 0 (0x0)
T12F2D6C0 016:137.273 JLINK_ReadMemEx(0x00000150, 0x10 Bytes, Flags = 0x00000000)
T12F2D6C0 016:137.280   CPU_ReadMem(16 bytes @ 0x00000150)
T12F2D6C0 016:137.627   failed
T12F2D6C0 016:137.638 - 0.365ms returns 0 (0x0)
T12F2D6C0 016:137.646 JLINK_ReadMemU8(0x00000150, 0x1 Items)
T12F2D6C0 016:137.654   CPU_ReadMem(1 bytes @ 0x00000150)
T12F2D6C0 016:138.013   failed
T12F2D6C0 016:138.022 - 0.376ms returns 0 (0x0)
T12F2D6C0 016:138.028 JLINK_ReadMemU8(0x00000151, 0x1 Items)
T12F2D6C0 016:138.035   CPU_ReadMem(1 bytes @ 0x00000151)
T12F2D6C0 016:138.377   failed
T12F2D6C0 016:138.389 - 0.361ms returns 0 (0x0)
T12F2D6C0 016:138.397 JLINK_ReadMemU8(0x00000152, 0x1 Items)
T12F2D6C0 016:138.403   CPU_ReadMem(1 bytes @ 0x00000152)
T12F2D6C0 016:138.752   failed
T12F2D6C0 016:138.763 - 0.365ms returns 0 (0x0)
T12F2D6C0 016:138.770 JLINK_ReadMemU8(0x00000153, 0x1 Items)
T12F2D6C0 016:138.777   CPU_ReadMem(1 bytes @ 0x00000153)
T12F2D6C0 016:139.127   failed
T12F2D6C0 016:139.138 - 0.367ms returns 0 (0x0)
T12F2D6C0 016:139.145 JLINK_ReadMemU8(0x00000154, 0x1 Items)
T12F2D6C0 016:139.152   CPU_ReadMem(1 bytes @ 0x00000154)
T12F2D6C0 016:139.502   failed
T12F2D6C0 016:139.514 - 0.369ms returns 0 (0x0)
T12F2D6C0 016:139.522 JLINK_ReadMemU8(0x00000155, 0x1 Items)
T12F2D6C0 016:139.530   CPU_ReadMem(1 bytes @ 0x00000155)
T12F2D6C0 016:139.886   failed
T12F2D6C0 016:139.896 - 0.374ms returns 0 (0x0)
T12F2D6C0 016:139.903 JLINK_ReadMemU8(0x00000156, 0x1 Items)
T12F2D6C0 016:139.909   CPU_ReadMem(1 bytes @ 0x00000156)
T12F2D6C0 016:140.252   failed
T12F2D6C0 016:140.266 - 0.363ms returns 0 (0x0)
T12F2D6C0 016:140.274 JLINK_ReadMemU8(0x00000157, 0x1 Items)
T12F2D6C0 016:140.281   CPU_ReadMem(1 bytes @ 0x00000157)
T12F2D6C0 016:140.624   failed
T12F2D6C0 016:140.635 - 0.361ms returns 0 (0x0)
T12F2D6C0 016:140.641 JLINK_ReadMemU8(0x00000158, 0x1 Items)
T12F2D6C0 016:140.649   CPU_ReadMem(1 bytes @ 0x00000158)
T12F2D6C0 016:141.013   failed
T12F2D6C0 016:141.022 - 0.381ms returns 0 (0x0)
T12F2D6C0 016:141.028 JLINK_ReadMemU8(0x00000159, 0x1 Items)
T12F2D6C0 016:141.035   CPU_ReadMem(1 bytes @ 0x00000159)
T12F2D6C0 016:141.375   failed
T12F2D6C0 016:141.387 - 0.359ms returns 0 (0x0)
T12F2D6C0 016:141.395 JLINK_ReadMemU8(0x0000015A, 0x1 Items)
T12F2D6C0 016:141.403   CPU_ReadMem(1 bytes @ 0x0000015A)
T12F2D6C0 016:141.751   failed
T12F2D6C0 016:141.762 - 0.367ms returns 0 (0x0)
T12F2D6C0 016:141.770 JLINK_ReadMemU8(0x0000015B, 0x1 Items)
T12F2D6C0 016:141.778   CPU_ReadMem(1 bytes @ 0x0000015B)
T12F2D6C0 016:142.124   failed
T12F2D6C0 016:142.133 - 0.363ms returns 0 (0x0)
T12F2D6C0 016:142.139 JLINK_ReadMemU8(0x0000015C, 0x1 Items)
T12F2D6C0 016:142.148   CPU_ReadMem(1 bytes @ 0x0000015C)
T12F2D6C0 016:142.501   failed
T12F2D6C0 016:142.512 - 0.373ms returns 0 (0x0)
T12F2D6C0 016:142.519 JLINK_ReadMemU8(0x0000015D, 0x1 Items)
T12F2D6C0 016:142.525   CPU_ReadMem(1 bytes @ 0x0000015D)
T12F2D6C0 016:142.885   failed
T12F2D6C0 016:142.896 - 0.377ms returns 0 (0x0)
T12F2D6C0 016:142.903 JLINK_ReadMemU8(0x0000015E, 0x1 Items)
T12F2D6C0 016:142.912   CPU_ReadMem(1 bytes @ 0x0000015E)
T12F2D6C0 016:143.253   failed
T12F2D6C0 016:143.268 - 0.364ms returns 0 (0x0)
T12F2D6C0 016:143.277 JLINK_ReadMemU8(0x0000015F, 0x1 Items)
T12F2D6C0 016:143.284   CPU_ReadMem(1 bytes @ 0x0000015F)
T12F2D6C0 016:143.627   failed
T12F2D6C0 016:143.636 - 0.359ms returns 0 (0x0)
T12F2D6C0 016:143.645 JLINK_ReadMemEx(0x00000160, 0x10 Bytes, Flags = 0x00000000)
T12F2D6C0 016:143.651   CPU_ReadMem(16 bytes @ 0x00000160)
T12F2D6C0 016:144.014   failed
T12F2D6C0 016:144.023 - 0.378ms returns 0 (0x0)
T12F2D6C0 016:144.030 JLINK_ReadMemU8(0x00000160, 0x1 Items)
T12F2D6C0 016:144.036   CPU_ReadMem(1 bytes @ 0x00000160)
T12F2D6C0 016:144.376   failed
T12F2D6C0 016:144.388 - 0.359ms returns 0 (0x0)
T12F2D6C0 016:144.395 JLINK_ReadMemU8(0x00000161, 0x1 Items)
T12F2D6C0 016:144.402   CPU_ReadMem(1 bytes @ 0x00000161)
T12F2D6C0 016:144.752   failed
T12F2D6C0 016:144.762 - 0.367ms returns 0 (0x0)
T12F2D6C0 016:144.769 JLINK_ReadMemU8(0x00000162, 0x1 Items)
T12F2D6C0 016:144.776   CPU_ReadMem(1 bytes @ 0x00000162)
T12F2D6C0 016:145.127   failed
T12F2D6C0 016:145.137 - 0.368ms returns 0 (0x0)
T12F2D6C0 016:145.144 JLINK_ReadMemU8(0x00000163, 0x1 Items)
T12F2D6C0 016:145.152   CPU_ReadMem(1 bytes @ 0x00000163)
T12F2D6C0 016:145.502   failed
T12F2D6C0 016:145.513 - 0.369ms returns 0 (0x0)
T12F2D6C0 016:145.520 JLINK_ReadMemU8(0x00000164, 0x1 Items)
T12F2D6C0 016:145.527   CPU_ReadMem(1 bytes @ 0x00000164)
T12F2D6C0 016:145.891   failed
T12F2D6C0 016:145.902 - 0.382ms returns 0 (0x0)
T12F2D6C0 016:145.908 JLINK_ReadMemU8(0x00000165, 0x1 Items)
T12F2D6C0 016:145.915   CPU_ReadMem(1 bytes @ 0x00000165)
T12F2D6C0 016:146.252   failed
T12F2D6C0 016:146.260 - 0.352ms returns 0 (0x0)
T12F2D6C0 016:146.273 JLINK_ReadMemU8(0x00000166, 0x1 Items)
T12F2D6C0 016:146.279   CPU_ReadMem(1 bytes @ 0x00000166)
T12F2D6C0 016:146.627   failed
T12F2D6C0 016:146.636 - 0.363ms returns 0 (0x0)
T12F2D6C0 016:146.643 JLINK_ReadMemU8(0x00000167, 0x1 Items)
T12F2D6C0 016:146.649   CPU_ReadMem(1 bytes @ 0x00000167)
T12F2D6C0 016:147.014   failed
T12F2D6C0 016:147.025 - 0.381ms returns 0 (0x0)
T12F2D6C0 016:147.031 JLINK_ReadMemU8(0x00000168, 0x1 Items)
T12F2D6C0 016:147.040   CPU_ReadMem(1 bytes @ 0x00000168)
T12F2D6C0 016:147.377   failed
T12F2D6C0 016:147.388 - 0.357ms returns 0 (0x0)
T12F2D6C0 016:147.395 JLINK_ReadMemU8(0x00000169, 0x1 Items)
T12F2D6C0 016:147.402   CPU_ReadMem(1 bytes @ 0x00000169)
T12F2D6C0 016:147.752   failed
T12F2D6C0 016:147.761 - 0.366ms returns 0 (0x0)
T12F2D6C0 016:147.768 JLINK_ReadMemU8(0x0000016A, 0x1 Items)
T12F2D6C0 016:147.775   CPU_ReadMem(1 bytes @ 0x0000016A)
T12F2D6C0 016:148.127   failed
T12F2D6C0 016:148.137 - 0.369ms returns 0 (0x0)
T12F2D6C0 016:148.144 JLINK_ReadMemU8(0x0000016B, 0x1 Items)
T12F2D6C0 016:148.152   CPU_ReadMem(1 bytes @ 0x0000016B)
T12F2D6C0 016:148.502   failed
T12F2D6C0 016:148.513 - 0.369ms returns 0 (0x0)
T12F2D6C0 016:148.520 JLINK_ReadMemU8(0x0000016C, 0x1 Items)
T12F2D6C0 016:148.528   CPU_ReadMem(1 bytes @ 0x0000016C)
T12F2D6C0 016:148.885   failed
T12F2D6C0 016:148.896 - 0.376ms returns 0 (0x0)
T12F2D6C0 016:148.903 JLINK_ReadMemU8(0x0000016D, 0x1 Items)
T12F2D6C0 016:148.909   CPU_ReadMem(1 bytes @ 0x0000016D)
T12F2D6C0 016:149.252   failed
T12F2D6C0 016:149.267 - 0.364ms returns 0 (0x0)
T12F2D6C0 016:149.277 JLINK_ReadMemU8(0x0000016E, 0x1 Items)
T12F2D6C0 016:149.283   CPU_ReadMem(1 bytes @ 0x0000016E)
T12F2D6C0 016:149.625   failed
T12F2D6C0 016:149.636 - 0.358ms returns 0 (0x0)
T12F2D6C0 016:149.642 JLINK_ReadMemU8(0x0000016F, 0x1 Items)
T12F2D6C0 016:149.650   CPU_ReadMem(1 bytes @ 0x0000016F)
T12F2D6C0 016:150.015   failed
T12F2D6C0 016:150.026 - 0.383ms returns 0 (0x0)
T12F2D6C0 016:150.034 JLINK_ReadMemEx(0x00000170, 0x10 Bytes, Flags = 0x00000000)
T12F2D6C0 016:150.042   CPU_ReadMem(16 bytes @ 0x00000170)
T12F2D6C0 016:150.377   failed
T12F2D6C0 016:150.387 - 0.354ms returns 0 (0x0)
T12F2D6C0 016:150.394 JLINK_ReadMemU8(0x00000170, 0x1 Items)
T12F2D6C0 016:150.401   CPU_ReadMem(1 bytes @ 0x00000170)
T12F2D6C0 016:150.752   failed
T12F2D6C0 016:150.761 - 0.367ms returns 0 (0x0)
T12F2D6C0 016:150.767 JLINK_ReadMemU8(0x00000171, 0x1 Items)
T12F2D6C0 016:150.773   CPU_ReadMem(1 bytes @ 0x00000171)
T12F2D6C0 016:151.126   failed
T12F2D6C0 016:151.135 - 0.368ms returns 0 (0x0)
T12F2D6C0 016:151.142 JLINK_ReadMemU8(0x00000172, 0x1 Items)
T12F2D6C0 016:151.148   CPU_ReadMem(1 bytes @ 0x00000172)
T12F2D6C0 016:151.501   failed
T12F2D6C0 016:151.512 - 0.369ms returns 0 (0x0)
T12F2D6C0 016:151.518 JLINK_ReadMemU8(0x00000173, 0x1 Items)
T12F2D6C0 016:151.525   CPU_ReadMem(1 bytes @ 0x00000173)
T12F2D6C0 016:151.885   failed
T12F2D6C0 016:151.893 - 0.375ms returns 0 (0x0)
T12F2D6C0 016:151.900 JLINK_ReadMemU8(0x00000174, 0x1 Items)
T12F2D6C0 016:151.906   CPU_ReadMem(1 bytes @ 0x00000174)
T12F2D6C0 016:152.252   failed
T12F2D6C0 016:152.276 - 0.376ms returns 0 (0x0)
T12F2D6C0 016:152.284 JLINK_ReadMemU8(0x00000175, 0x1 Items)
T12F2D6C0 016:152.290   CPU_ReadMem(1 bytes @ 0x00000175)
T12F2D6C0 016:152.627   failed
T12F2D6C0 016:152.639 - 0.355ms returns 0 (0x0)
T12F2D6C0 016:152.646 JLINK_ReadMemU8(0x00000176, 0x1 Items)
T12F2D6C0 016:152.653   CPU_ReadMem(1 bytes @ 0x00000176)
T12F2D6C0 016:153.013   failed
T12F2D6C0 016:153.021 - 0.375ms returns 0 (0x0)
T12F2D6C0 016:153.028 JLINK_ReadMemU8(0x00000177, 0x1 Items)
T12F2D6C0 016:153.034   CPU_ReadMem(1 bytes @ 0x00000177)
T12F2D6C0 016:153.377   failed
T12F2D6C0 016:153.387 - 0.359ms returns 0 (0x0)
T12F2D6C0 016:153.394 JLINK_ReadMemU8(0x00000178, 0x1 Items)
T12F2D6C0 016:153.400   CPU_ReadMem(1 bytes @ 0x00000178)
T12F2D6C0 016:153.752   failed
T12F2D6C0 016:153.762 - 0.368ms returns 0 (0x0)
T12F2D6C0 016:153.770 JLINK_ReadMemU8(0x00000179, 0x1 Items)
T12F2D6C0 016:153.778   CPU_ReadMem(1 bytes @ 0x00000179)
T12F2D6C0 016:154.127   failed
T12F2D6C0 016:154.138 - 0.368ms returns 0 (0x0)
T12F2D6C0 016:154.146 JLINK_ReadMemU8(0x0000017A, 0x1 Items)
T12F2D6C0 016:154.154   CPU_ReadMem(1 bytes @ 0x0000017A)
T12F2D6C0 016:154.502   failed
T12F2D6C0 016:154.521 - 0.375ms returns 0 (0x0)
T12F2D6C0 016:154.530 JLINK_ReadMemU8(0x0000017B, 0x1 Items)
T12F2D6C0 016:154.536   CPU_ReadMem(1 bytes @ 0x0000017B)
T12F2D6C0 016:154.885   failed
T12F2D6C0 016:154.894 - 0.365ms returns 0 (0x0)
T12F2D6C0 016:154.901 JLINK_ReadMemU8(0x0000017C, 0x1 Items)
T12F2D6C0 016:154.907   CPU_ReadMem(1 bytes @ 0x0000017C)
T12F2D6C0 016:155.252   failed
T12F2D6C0 016:155.265 - 0.360ms returns 0 (0x0)
T12F2D6C0 016:155.273 JLINK_ReadMemU8(0x0000017D, 0x1 Items)
T12F2D6C0 016:155.280   CPU_ReadMem(1 bytes @ 0x0000017D)
T12F2D6C0 016:155.627   failed
T12F2D6C0 016:155.636 - 0.363ms returns 0 (0x0)
T12F2D6C0 016:155.642 JLINK_ReadMemU8(0x0000017E, 0x1 Items)
T12F2D6C0 016:155.649   CPU_ReadMem(1 bytes @ 0x0000017E)
T12F2D6C0 016:156.018   failed
T12F2D6C0 016:156.027 - 0.385ms returns 0 (0x0)
T12F2D6C0 016:156.034 JLINK_ReadMemU8(0x0000017F, 0x1 Items)
T12F2D6C0 016:156.040   CPU_ReadMem(1 bytes @ 0x0000017F)
T12F2D6C0 016:156.376   failed
T12F2D6C0 016:156.387 - 0.353ms returns 0 (0x0)
T12F2D6C0 016:156.393 JLINK_ReadMemEx(0x00000180, 0x10 Bytes, Flags = 0x00000000)
T12F2D6C0 016:156.400   CPU_ReadMem(16 bytes @ 0x00000180)
T12F2D6C0 016:156.752   failed
T12F2D6C0 016:156.760 - 0.367ms returns 0 (0x0)
T12F2D6C0 016:156.767 JLINK_ReadMemU8(0x00000180, 0x1 Items)
T12F2D6C0 016:156.774   CPU_ReadMem(1 bytes @ 0x00000180)
T12F2D6C0 016:157.127   failed
T12F2D6C0 016:157.137 - 0.370ms returns 0 (0x0)
T12F2D6C0 016:157.146 JLINK_ReadMemU8(0x00000181, 0x1 Items)
T12F2D6C0 016:157.153   CPU_ReadMem(1 bytes @ 0x00000181)
T12F2D6C0 016:157.502   failed
T12F2D6C0 016:157.513 - 0.367ms returns 0 (0x0)
T12F2D6C0 016:157.519 JLINK_ReadMemU8(0x00000182, 0x1 Items)
T12F2D6C0 016:157.526   CPU_ReadMem(1 bytes @ 0x00000182)
T12F2D6C0 016:157.886   failed
T12F2D6C0 016:157.895 - 0.376ms returns 0 (0x0)
T12F2D6C0 016:157.902 JLINK_ReadMemU8(0x00000183, 0x1 Items)
T12F2D6C0 016:157.909   CPU_ReadMem(1 bytes @ 0x00000183)
T12F2D6C0 016:158.251   failed
T12F2D6C0 016:158.265 - 0.363ms returns 0 (0x0)
T12F2D6C0 016:158.273 JLINK_ReadMemU8(0x00000184, 0x1 Items)
T12F2D6C0 016:158.280   CPU_ReadMem(1 bytes @ 0x00000184)
T12F2D6C0 016:158.626   failed
T12F2D6C0 016:158.635 - 0.362ms returns 0 (0x0)
T12F2D6C0 016:158.642 JLINK_ReadMemU8(0x00000185, 0x1 Items)
T12F2D6C0 016:158.650   CPU_ReadMem(1 bytes @ 0x00000185)
T12F2D6C0 016:159.013   failed
T12F2D6C0 016:159.022 - 0.379ms returns 0 (0x0)
T12F2D6C0 016:159.028 JLINK_ReadMemU8(0x00000186, 0x1 Items)
T12F2D6C0 016:159.034   CPU_ReadMem(1 bytes @ 0x00000186)
T12F2D6C0 016:159.377   failed
T12F2D6C0 016:159.388 - 0.359ms returns 0 (0x0)
T12F2D6C0 016:159.394 JLINK_ReadMemU8(0x00000187, 0x1 Items)
T12F2D6C0 016:159.401   CPU_ReadMem(1 bytes @ 0x00000187)
T12F2D6C0 016:159.751   failed
T12F2D6C0 016:159.760 - 0.366ms returns 0 (0x0)
T12F2D6C0 016:159.766 JLINK_ReadMemU8(0x00000188, 0x1 Items)
T12F2D6C0 016:159.773   CPU_ReadMem(1 bytes @ 0x00000188)
T12F2D6C0 016:160.127   failed
T12F2D6C0 016:160.137 - 0.371ms returns 0 (0x0)
T12F2D6C0 016:160.147 JLINK_ReadMemU8(0x00000189, 0x1 Items)
T12F2D6C0 016:160.154   CPU_ReadMem(1 bytes @ 0x00000189)
T12F2D6C0 016:160.502   failed
T12F2D6C0 016:160.512 - 0.365ms returns 0 (0x0)
T12F2D6C0 016:160.519 JLINK_ReadMemU8(0x0000018A, 0x1 Items)
T12F2D6C0 016:160.525   CPU_ReadMem(1 bytes @ 0x0000018A)
T12F2D6C0 016:160.885   failed
T12F2D6C0 016:160.894 - 0.375ms returns 0 (0x0)
T12F2D6C0 016:160.902 JLINK_ReadMemU8(0x0000018B, 0x1 Items)
T12F2D6C0 016:160.910   CPU_ReadMem(1 bytes @ 0x0000018B)
T12F2D6C0 016:161.252   failed
T12F2D6C0 016:161.266 - 0.359ms returns 0 (0x0)
T12F2D6C0 016:161.274 JLINK_ReadMemU8(0x0000018C, 0x1 Items)
T12F2D6C0 016:161.281   CPU_ReadMem(1 bytes @ 0x0000018C)
T12F2D6C0 016:161.627   failed
T12F2D6C0 016:161.636 - 0.362ms returns 0 (0x0)
T12F2D6C0 016:161.643 JLINK_ReadMemU8(0x0000018D, 0x1 Items)
T12F2D6C0 016:161.650   CPU_ReadMem(1 bytes @ 0x0000018D)
T12F2D6C0 016:162.013   failed
T12F2D6C0 016:162.022 - 0.379ms returns 0 (0x0)
T12F2D6C0 016:162.029 JLINK_ReadMemU8(0x0000018E, 0x1 Items)
T12F2D6C0 016:162.036   CPU_ReadMem(1 bytes @ 0x0000018E)
T12F2D6C0 016:162.377   failed
T12F2D6C0 016:162.387 - 0.359ms returns 0 (0x0)
T12F2D6C0 016:162.394 JLINK_ReadMemU8(0x0000018F, 0x1 Items)
T12F2D6C0 016:162.400   CPU_ReadMem(1 bytes @ 0x0000018F)
T12F2D6C0 016:162.751   failed
T12F2D6C0 016:162.760 - 0.366ms returns 0 (0x0)
T12F2D6C0 016:162.767 JLINK_ReadMemEx(0x00000190, 0x10 Bytes, Flags = 0x00000000)
T12F2D6C0 016:162.773   CPU_ReadMem(16 bytes @ 0x00000190)
T12F2D6C0 016:163.127   failed
T12F2D6C0 016:163.135 - 0.369ms returns 0 (0x0)
T12F2D6C0 016:163.143 JLINK_ReadMemU8(0x00000190, 0x1 Items)
T12F2D6C0 016:163.150   CPU_ReadMem(1 bytes @ 0x00000190)
T12F2D6C0 016:163.502   failed
T12F2D6C0 016:163.512 - 0.369ms returns 0 (0x0)
T12F2D6C0 016:163.519 JLINK_ReadMemU8(0x00000191, 0x1 Items)
T12F2D6C0 016:163.526   CPU_ReadMem(1 bytes @ 0x00000191)
T12F2D6C0 016:163.885   failed
T12F2D6C0 016:163.894 - 0.375ms returns 0 (0x0)
T12F2D6C0 016:163.900 JLINK_ReadMemU8(0x00000192, 0x1 Items)
T12F2D6C0 016:163.907   CPU_ReadMem(1 bytes @ 0x00000192)
T12F2D6C0 016:164.251   failed
T12F2D6C0 016:164.260 - 0.360ms returns 0 (0x0)
T12F2D6C0 016:164.273 JLINK_ReadMemU8(0x00000193, 0x1 Items)
T12F2D6C0 016:164.279   CPU_ReadMem(1 bytes @ 0x00000193)
T12F2D6C0 016:164.624   failed
T12F2D6C0 016:164.633 - 0.360ms returns 0 (0x0)
T12F2D6C0 016:164.640 JLINK_ReadMemU8(0x00000194, 0x1 Items)
T12F2D6C0 016:164.646   CPU_ReadMem(1 bytes @ 0x00000194)
T12F2D6C0 016:165.013   failed
T12F2D6C0 016:165.022 - 0.382ms returns 0 (0x0)
T12F2D6C0 016:165.030 JLINK_ReadMemU8(0x00000195, 0x1 Items)
T12F2D6C0 016:165.038   CPU_ReadMem(1 bytes @ 0x00000195)
T12F2D6C0 016:165.377   failed
T12F2D6C0 016:165.387 - 0.357ms returns 0 (0x0)
T12F2D6C0 016:165.394 JLINK_ReadMemU8(0x00000196, 0x1 Items)
T12F2D6C0 016:165.400   CPU_ReadMem(1 bytes @ 0x00000196)
T12F2D6C0 016:165.751   failed
T12F2D6C0 016:165.762 - 0.368ms returns 0 (0x0)
T12F2D6C0 016:165.768 JLINK_ReadMemU8(0x00000197, 0x1 Items)
T12F2D6C0 016:165.775   CPU_ReadMem(1 bytes @ 0x00000197)
T12F2D6C0 016:166.126   failed
T12F2D6C0 016:166.138 - 0.369ms returns 0 (0x0)
T12F2D6C0 016:166.146 JLINK_ReadMemU8(0x00000198, 0x1 Items)
T12F2D6C0 016:166.154   CPU_ReadMem(1 bytes @ 0x00000198)
T12F2D6C0 016:166.501   failed
T12F2D6C0 016:166.511 - 0.365ms returns 0 (0x0)
T12F2D6C0 016:166.518 JLINK_ReadMemU8(0x00000199, 0x1 Items)
T12F2D6C0 016:166.525   CPU_ReadMem(1 bytes @ 0x00000199)
T12F2D6C0 016:166.885   failed
T12F2D6C0 016:166.894 - 0.376ms returns 0 (0x0)
T12F2D6C0 016:166.901 JLINK_ReadMemU8(0x0000019A, 0x1 Items)
T12F2D6C0 016:166.908   CPU_ReadMem(1 bytes @ 0x0000019A)
T12F2D6C0 016:167.251   failed
T12F2D6C0 016:167.267 - 0.366ms returns 0 (0x0)
T12F2D6C0 016:167.275 JLINK_ReadMemU8(0x0000019B, 0x1 Items)
T12F2D6C0 016:167.282   CPU_ReadMem(1 bytes @ 0x0000019B)
T12F2D6C0 016:167.626   failed
T12F2D6C0 016:167.635 - 0.360ms returns 0 (0x0)
T12F2D6C0 016:167.646 JLINK_ReadMemU8(0x0000019C, 0x1 Items)
T12F2D6C0 016:167.654   CPU_ReadMem(1 bytes @ 0x0000019C)
T12F2D6C0 016:168.015   failed
T12F2D6C0 016:168.025 - 0.379ms returns 0 (0x0)
T12F2D6C0 016:168.033 JLINK_ReadMemU8(0x0000019D, 0x1 Items)
T12F2D6C0 016:168.041   CPU_ReadMem(1 bytes @ 0x0000019D)
T12F2D6C0 016:168.376   failed
T12F2D6C0 016:168.389 - 0.356ms returns 0 (0x0)
T12F2D6C0 016:168.397 JLINK_ReadMemU8(0x0000019E, 0x1 Items)
T12F2D6C0 016:168.405   CPU_ReadMem(1 bytes @ 0x0000019E)
T12F2D6C0 016:168.751   failed
T12F2D6C0 016:168.761 - 0.364ms returns 0 (0x0)
T12F2D6C0 016:168.769 JLINK_ReadMemU8(0x0000019F, 0x1 Items)
T12F2D6C0 016:168.777   CPU_ReadMem(1 bytes @ 0x0000019F)
T12F2D6C0 016:169.126   failed
T12F2D6C0 016:169.135 - 0.366ms returns 0 (0x0)
T12F2D6C0 016:169.142 JLINK_ReadMemEx(0x000001A0, 0x10 Bytes, Flags = 0x00000000)
T12F2D6C0 016:169.148   CPU_ReadMem(16 bytes @ 0x000001A0)
T12F2D6C0 016:169.501   failed
T12F2D6C0 016:169.513 - 0.371ms returns 0 (0x0)
T12F2D6C0 016:169.522 JLINK_ReadMemU8(0x000001A0, 0x1 Items)
T12F2D6C0 016:169.530   CPU_ReadMem(1 bytes @ 0x000001A0)
T12F2D6C0 016:169.884   failed
T12F2D6C0 016:169.895 - 0.374ms returns 0 (0x0)
T12F2D6C0 016:169.901 JLINK_ReadMemU8(0x000001A1, 0x1 Items)
T12F2D6C0 016:169.908   CPU_ReadMem(1 bytes @ 0x000001A1)
T12F2D6C0 016:170.251   failed
T12F2D6C0 016:170.265 - 0.364ms returns 0 (0x0)
T12F2D6C0 016:170.273 JLINK_ReadMemU8(0x000001A2, 0x1 Items)
T12F2D6C0 016:170.279   CPU_ReadMem(1 bytes @ 0x000001A2)
T12F2D6C0 016:170.626   failed
T12F2D6C0 016:170.635 - 0.363ms returns 0 (0x0)
T12F2D6C0 016:170.644 JLINK_ReadMemU8(0x000001A3, 0x1 Items)
T12F2D6C0 016:170.655   CPU_ReadMem(1 bytes @ 0x000001A3)
T12F2D6C0 016:171.013   failed
T12F2D6C0 016:171.022 - 0.378ms returns 0 (0x0)
T12F2D6C0 016:171.030 JLINK_ReadMemU8(0x000001A4, 0x1 Items)
T12F2D6C0 016:171.040   CPU_ReadMem(1 bytes @ 0x000001A4)
T12F2D6C0 016:171.376   failed
T12F2D6C0 016:171.386 - 0.356ms returns 0 (0x0)
T12F2D6C0 016:171.393 JLINK_ReadMemU8(0x000001A5, 0x1 Items)
T12F2D6C0 016:171.403   CPU_ReadMem(1 bytes @ 0x000001A5)
T12F2D6C0 016:171.751   failed
T12F2D6C0 016:171.760 - 0.366ms returns 0 (0x0)
T12F2D6C0 016:171.767 JLINK_ReadMemU8(0x000001A6, 0x1 Items)
T12F2D6C0 016:171.777   CPU_ReadMem(1 bytes @ 0x000001A6)
T12F2D6C0 016:172.124   failed
T12F2D6C0 016:172.133 - 0.366ms returns 0 (0x0)
T12F2D6C0 016:172.141 JLINK_ReadMemU8(0x000001A7, 0x1 Items)
T12F2D6C0 016:172.151   CPU_ReadMem(1 bytes @ 0x000001A7)
T12F2D6C0 016:172.502   failed
T12F2D6C0 016:172.512 - 0.371ms returns 0 (0x0)
T12F2D6C0 016:172.520 JLINK_ReadMemU8(0x000001A8, 0x1 Items)
T12F2D6C0 016:172.529   CPU_ReadMem(1 bytes @ 0x000001A8)
T12F2D6C0 016:172.885   failed
T12F2D6C0 016:172.895 - 0.376ms returns 0 (0x0)
T12F2D6C0 016:172.904 JLINK_ReadMemU8(0x000001A9, 0x1 Items)
T12F2D6C0 016:172.913   CPU_ReadMem(1 bytes @ 0x000001A9)
T12F2D6C0 016:173.251   failed
T12F2D6C0 016:173.267 - 0.363ms returns 0 (0x0)
T12F2D6C0 016:173.276 JLINK_ReadMemU8(0x000001AA, 0x1 Items)
T12F2D6C0 016:173.285   CPU_ReadMem(1 bytes @ 0x000001AA)
T12F2D6C0 016:173.627   failed
T12F2D6C0 016:173.637 - 0.361ms returns 0 (0x0)
T12F2D6C0 016:173.645 JLINK_ReadMemU8(0x000001AB, 0x1 Items)
T12F2D6C0 016:173.655   CPU_ReadMem(1 bytes @ 0x000001AB)
T12F2D6C0 016:174.013   failed
T12F2D6C0 016:174.022 - 0.377ms returns 0 (0x0)
T12F2D6C0 016:174.029 JLINK_ReadMemU8(0x000001AC, 0x1 Items)
T12F2D6C0 016:174.038   CPU_ReadMem(1 bytes @ 0x000001AC)
T12F2D6C0 016:174.374   failed
T12F2D6C0 016:174.385 - 0.356ms returns 0 (0x0)
T12F2D6C0 016:174.392 JLINK_ReadMemU8(0x000001AD, 0x1 Items)
T12F2D6C0 016:174.402   CPU_ReadMem(1 bytes @ 0x000001AD)
T12F2D6C0 016:174.751   failed
T12F2D6C0 016:174.760 - 0.368ms returns 0 (0x0)
T12F2D6C0 016:174.768 JLINK_ReadMemU8(0x000001AE, 0x1 Items)
T12F2D6C0 016:174.777   CPU_ReadMem(1 bytes @ 0x000001AE)
T12F2D6C0 016:175.124   failed
T12F2D6C0 016:175.133 - 0.366ms returns 0 (0x0)
T12F2D6C0 016:175.141 JLINK_ReadMemU8(0x000001AF, 0x1 Items)
T12F2D6C0 016:175.154   CPU_ReadMem(1 bytes @ 0x000001AF)
T12F2D6C0 016:175.501   failed
T12F2D6C0 016:175.512 - 0.371ms returns 0 (0x0)
T12F2D6C0 016:175.520 JLINK_ReadMemEx(0x000001B0, 0x10 Bytes, Flags = 0x00000000)
T12F2D6C0 016:175.530   CPU_ReadMem(16 bytes @ 0x000001B0)
T12F2D6C0 016:175.888   failed
T12F2D6C0 016:175.897 - 0.377ms returns 0 (0x0)
T12F2D6C0 016:175.905 JLINK_ReadMemU8(0x000001B0, 0x1 Items)
T12F2D6C0 016:175.913   CPU_ReadMem(1 bytes @ 0x000001B0)
T12F2D6C0 016:176.251   failed
T12F2D6C0 016:176.260 - 0.356ms returns 0 (0x0)
T12F2D6C0 016:176.275 JLINK_ReadMemU8(0x000001B1, 0x1 Items)
T12F2D6C0 016:176.285   CPU_ReadMem(1 bytes @ 0x000001B1)
T12F2D6C0 016:176.626   failed
T12F2D6C0 016:176.635 - 0.360ms returns 0 (0x0)
T12F2D6C0 016:176.642 JLINK_ReadMemU8(0x000001B2, 0x1 Items)
T12F2D6C0 016:176.653   CPU_ReadMem(1 bytes @ 0x000001B2)
T12F2D6C0 016:177.013   failed
T12F2D6C0 016:177.023 - 0.381ms returns 0 (0x0)
T12F2D6C0 016:177.031 JLINK_ReadMemU8(0x000001B3, 0x1 Items)
T12F2D6C0 016:177.040   CPU_ReadMem(1 bytes @ 0x000001B3)
T12F2D6C0 016:177.376   failed
T12F2D6C0 016:177.386 - 0.355ms returns 0 (0x0)
T12F2D6C0 016:177.394 JLINK_ReadMemU8(0x000001B4, 0x1 Items)
T12F2D6C0 016:177.403   CPU_ReadMem(1 bytes @ 0x000001B4)
T12F2D6C0 016:177.752   failed
T12F2D6C0 016:177.760 - 0.366ms returns 0 (0x0)
T12F2D6C0 016:177.768 JLINK_ReadMemU8(0x000001B5, 0x1 Items)
T12F2D6C0 016:177.777   CPU_ReadMem(1 bytes @ 0x000001B5)
T12F2D6C0 016:178.126   failed
T12F2D6C0 016:178.135 - 0.368ms returns 0 (0x0)
T12F2D6C0 016:178.143 JLINK_ReadMemU8(0x000001B6, 0x1 Items)
T12F2D6C0 016:178.152   CPU_ReadMem(1 bytes @ 0x000001B6)
T12F2D6C0 016:178.501   failed
T12F2D6C0 016:178.512 - 0.369ms returns 0 (0x0)
T12F2D6C0 016:178.519 JLINK_ReadMemU8(0x000001B7, 0x1 Items)
T12F2D6C0 016:178.528   CPU_ReadMem(1 bytes @ 0x000001B7)
T12F2D6C0 016:178.885   failed
T12F2D6C0 016:178.894 - 0.375ms returns 0 (0x0)
T12F2D6C0 016:178.901 JLINK_ReadMemU8(0x000001B8, 0x1 Items)
T12F2D6C0 016:178.911   CPU_ReadMem(1 bytes @ 0x000001B8)
T12F2D6C0 016:179.249   failed
T12F2D6C0 016:179.258 - 0.357ms returns 0 (0x0)
T12F2D6C0 016:179.273 JLINK_ReadMemU8(0x000001B9, 0x1 Items)
T12F2D6C0 016:179.321   CPU_ReadMem(1 bytes @ 0x000001B9)
T12F2D6C0 016:179.634   failed
T12F2D6C0 016:179.648 - 0.376ms returns 0 (0x0)
T12F2D6C0 016:179.659 JLINK_ReadMemU8(0x000001BA, 0x1 Items)
T12F2D6C0 016:179.669   CPU_ReadMem(1 bytes @ 0x000001BA)
T12F2D6C0 016:180.016   failed
T12F2D6C0 016:180.029 - 0.370ms returns 0 (0x0)
T12F2D6C0 016:180.039 JLINK_ReadMemU8(0x000001BB, 0x1 Items)
T12F2D6C0 016:180.048   CPU_ReadMem(1 bytes @ 0x000001BB)
T12F2D6C0 016:180.383   failed
T12F2D6C0 016:180.401 - 0.362ms returns 0 (0x0)
T12F2D6C0 016:180.412 JLINK_ReadMemU8(0x000001BC, 0x1 Items)
T12F2D6C0 016:180.421   CPU_ReadMem(1 bytes @ 0x000001BC)
T12F2D6C0 016:180.759   failed
T12F2D6C0 016:180.786 - 0.374ms returns 0 (0x0)
T12F2D6C0 016:180.806 JLINK_ReadMemU8(0x000001BD, 0x1 Items)
T12F2D6C0 016:180.821   CPU_ReadMem(1 bytes @ 0x000001BD)
T12F2D6C0 016:181.133   failed
T12F2D6C0 016:181.153 - 0.348ms returns 0 (0x0)
T12F2D6C0 016:181.167 JLINK_ReadMemU8(0x000001BE, 0x1 Items)
T12F2D6C0 016:181.179   CPU_ReadMem(1 bytes @ 0x000001BE)
T12F2D6C0 016:181.505   failed
T12F2D6C0 016:181.528 - 0.361ms returns 0 (0x0)
T12F2D6C0 016:181.541 JLINK_ReadMemU8(0x000001BF, 0x1 Items)
T12F2D6C0 016:181.555   CPU_ReadMem(1 bytes @ 0x000001BF)
T12F2D6C0 016:181.890   failed
T12F2D6C0 016:181.903 - 0.362ms returns 0 (0x0)
T12F2D6C0 016:181.914 JLINK_ReadMemEx(0x000001C0, 0x10 Bytes, Flags = 0x00000000)
T12F2D6C0 016:181.924   CPU_ReadMem(16 bytes @ 0x000001C0)
T12F2D6C0 016:182.255   failed
T12F2D6C0 016:182.277 - 0.363ms returns 0 (0x0)
T12F2D6C0 016:182.288 JLINK_ReadMemU8(0x000001C0, 0x1 Items)
T12F2D6C0 016:182.298   CPU_ReadMem(1 bytes @ 0x000001C0)
T12F2D6C0 016:182.630   failed
T12F2D6C0 016:182.643 - 0.355ms returns 0 (0x0)
T12F2D6C0 016:182.654 JLINK_ReadMemU8(0x000001C1, 0x1 Items)
T12F2D6C0 016:182.674   CPU_ReadMem(1 bytes @ 0x000001C1)
T12F2D6C0 016:183.015   failed
T12F2D6C0 016:183.032 - 0.377ms returns 0 (0x0)
T12F2D6C0 016:183.043 JLINK_ReadMemU8(0x000001C2, 0x1 Items)
T12F2D6C0 016:183.056   CPU_ReadMem(1 bytes @ 0x000001C2)
T12F2D6C0 016:183.381   failed
T12F2D6C0 016:183.397 - 0.353ms returns 0 (0x0)
T12F2D6C0 016:183.410 JLINK_ReadMemU8(0x000001C3, 0x1 Items)
T12F2D6C0 016:183.421   CPU_ReadMem(1 bytes @ 0x000001C3)
T12F2D6C0 016:183.755   failed
T12F2D6C0 016:183.770 - 0.360ms returns 0 (0x0)
T12F2D6C0 016:183.781 JLINK_ReadMemU8(0x000001C4, 0x1 Items)
T12F2D6C0 016:183.793   CPU_ReadMem(1 bytes @ 0x000001C4)
T12F2D6C0 016:184.129   failed
T12F2D6C0 016:184.145 - 0.364ms returns 0 (0x0)
T12F2D6C0 016:184.157 JLINK_ReadMemU8(0x000001C5, 0x1 Items)
T12F2D6C0 016:184.167   CPU_ReadMem(1 bytes @ 0x000001C5)
T12F2D6C0 016:184.504   failed
T12F2D6C0 016:184.520 - 0.363ms returns 0 (0x0)
T12F2D6C0 016:184.531 JLINK_ReadMemU8(0x000001C6, 0x1 Items)
T12F2D6C0 016:184.541   CPU_ReadMem(1 bytes @ 0x000001C6)
T12F2D6C0 016:184.891   failed
T12F2D6C0 016:184.908 - 0.377ms returns 0 (0x0)
T12F2D6C0 016:184.919 JLINK_ReadMemU8(0x000001C7, 0x1 Items)
T12F2D6C0 016:184.930   CPU_ReadMem(1 bytes @ 0x000001C7)
T12F2D6C0 016:185.254   failed
T12F2D6C0 016:185.275 - 0.357ms returns 0 (0x0)
T12F2D6C0 016:185.287 JLINK_ReadMemU8(0x000001C8, 0x1 Items)
T12F2D6C0 016:185.297   CPU_ReadMem(1 bytes @ 0x000001C8)
T12F2D6C0 016:185.631   failed
T12F2D6C0 016:185.644 - 0.357ms returns 0 (0x0)
T12F2D6C0 016:185.654 JLINK_ReadMemU8(0x000001C9, 0x1 Items)
T12F2D6C0 016:185.661   CPU_ReadMem(1 bytes @ 0x000001C9)
T12F2D6C0 016:186.020   failed
T12F2D6C0 016:186.030 - 0.377ms returns 0 (0x0)
T12F2D6C0 016:186.040 JLINK_ReadMemU8(0x000001CA, 0x1 Items)
T12F2D6C0 016:186.048   CPU_ReadMem(1 bytes @ 0x000001CA)
T12F2D6C0 016:186.377   failed
T12F2D6C0 016:186.391 - 0.351ms returns 0 (0x0)
T12F2D6C0 016:186.399 JLINK_ReadMemU8(0x000001CB, 0x1 Items)
T12F2D6C0 016:186.408   CPU_ReadMem(1 bytes @ 0x000001CB)
T12F2D6C0 016:186.754   failed
T12F2D6C0 016:186.766 - 0.367ms returns 0 (0x0)
T12F2D6C0 016:186.774 JLINK_ReadMemU8(0x000001CC, 0x1 Items)
T12F2D6C0 016:186.784   CPU_ReadMem(1 bytes @ 0x000001CC)
T12F2D6C0 016:187.128   failed
T12F2D6C0 016:187.138 - 0.364ms returns 0 (0x0)
T12F2D6C0 016:187.148 JLINK_ReadMemU8(0x000001CD, 0x1 Items)
T12F2D6C0 016:187.155   CPU_ReadMem(1 bytes @ 0x000001CD)
T12F2D6C0 016:187.506   failed
T12F2D6C0 016:187.516 - 0.368ms returns 0 (0x0)
T12F2D6C0 016:187.526 JLINK_ReadMemU8(0x000001CE, 0x1 Items)
T12F2D6C0 016:187.535   CPU_ReadMem(1 bytes @ 0x000001CE)
T12F2D6C0 016:187.892   failed
T12F2D6C0 016:187.902 - 0.376ms returns 0 (0x0)
T12F2D6C0 016:187.911 JLINK_ReadMemU8(0x000001CF, 0x1 Items)
T12F2D6C0 016:187.918   CPU_ReadMem(1 bytes @ 0x000001CF)
T12F2D6C0 016:188.253   failed
T12F2D6C0 016:188.266 - 0.355ms returns 0 (0x0)
T12F2D6C0 016:188.275 JLINK_ReadMemEx(0x000001D0, 0x10 Bytes, Flags = 0x00000000)
T12F2D6C0 016:188.282   CPU_ReadMem(16 bytes @ 0x000001D0)
T12F2D6C0 016:188.627   failed
T12F2D6C0 016:188.637 - 0.362ms returns 0 (0x0)
T12F2D6C0 016:188.646 JLINK_ReadMemU8(0x000001D0, 0x1 Items)
T12F2D6C0 016:188.654   CPU_ReadMem(1 bytes @ 0x000001D0)
T12F2D6C0 016:189.015   failed
T12F2D6C0 016:189.027 - 0.381ms returns 0 (0x0)
T12F2D6C0 016:189.037 JLINK_ReadMemU8(0x000001D1, 0x1 Items)
T12F2D6C0 016:189.046   CPU_ReadMem(1 bytes @ 0x000001D1)
T12F2D6C0 016:189.379   failed
T12F2D6C0 016:189.396 - 0.359ms returns 0 (0x0)
T12F2D6C0 016:189.406 JLINK_ReadMemU8(0x000001D2, 0x1 Items)
T12F2D6C0 016:189.415   CPU_ReadMem(1 bytes @ 0x000001D2)
T12F2D6C0 016:189.753   failed
T12F2D6C0 016:189.765 - 0.360ms returns 0 (0x0)
T12F2D6C0 016:189.775 JLINK_ReadMemU8(0x000001D3, 0x1 Items)
T12F2D6C0 016:189.786   CPU_ReadMem(1 bytes @ 0x000001D3)
T12F2D6C0 016:190.131   failed
T12F2D6C0 016:190.140 - 0.365ms returns 0 (0x0)
T12F2D6C0 016:190.149 JLINK_ReadMemU8(0x000001D4, 0x1 Items)
T12F2D6C0 016:190.156   CPU_ReadMem(1 bytes @ 0x000001D4)
T12F2D6C0 016:190.503   failed
T12F2D6C0 016:190.515 - 0.366ms returns 0 (0x0)
T12F2D6C0 016:190.522 JLINK_ReadMemU8(0x000001D5, 0x1 Items)
T12F2D6C0 016:190.532   CPU_ReadMem(1 bytes @ 0x000001D5)
T12F2D6C0 016:190.890   failed
T12F2D6C0 016:190.900 - 0.378ms returns 0 (0x0)
T12F2D6C0 016:190.908 JLINK_ReadMemU8(0x000001D6, 0x1 Items)
T12F2D6C0 016:190.916   CPU_ReadMem(1 bytes @ 0x000001D6)
T12F2D6C0 016:191.252   failed
T12F2D6C0 016:191.269 - 0.361ms returns 0 (0x0)
T12F2D6C0 016:191.278 JLINK_ReadMemU8(0x000001D7, 0x1 Items)
T12F2D6C0 016:191.285   CPU_ReadMem(1 bytes @ 0x000001D7)
T12F2D6C0 016:191.627   failed
T12F2D6C0 016:191.637 - 0.359ms returns 0 (0x0)
T12F2D6C0 016:191.645 JLINK_ReadMemU8(0x000001D8, 0x1 Items)
T12F2D6C0 016:191.652   CPU_ReadMem(1 bytes @ 0x000001D8)
T12F2D6C0 016:192.015   failed
T12F2D6C0 016:192.028 - 0.383ms returns 0 (0x0)
T12F2D6C0 016:192.038 JLINK_ReadMemU8(0x000001D9, 0x1 Items)
T12F2D6C0 016:192.047   CPU_ReadMem(1 bytes @ 0x000001D9)
T12F2D6C0 016:192.379   failed
T12F2D6C0 016:192.394 - 0.356ms returns 0 (0x0)
T12F2D6C0 016:192.405 JLINK_ReadMemU8(0x000001DA, 0x1 Items)
T12F2D6C0 016:192.414   CPU_ReadMem(1 bytes @ 0x000001DA)
T12F2D6C0 016:192.755   failed
T12F2D6C0 016:192.768 - 0.363ms returns 0 (0x0)
T12F2D6C0 016:192.778 JLINK_ReadMemU8(0x000001DB, 0x1 Items)
T12F2D6C0 016:192.787   CPU_ReadMem(1 bytes @ 0x000001DB)
T12F2D6C0 016:193.127   failed
T12F2D6C0 016:193.136 - 0.358ms returns 0 (0x0)
T12F2D6C0 016:193.144 JLINK_ReadMemU8(0x000001DC, 0x1 Items)
T12F2D6C0 016:193.151   CPU_ReadMem(1 bytes @ 0x000001DC)
T12F2D6C0 016:193.501   failed
T12F2D6C0 016:193.512 - 0.368ms returns 0 (0x0)
T12F2D6C0 016:193.520 JLINK_ReadMemU8(0x000001DD, 0x1 Items)
T12F2D6C0 016:193.527   CPU_ReadMem(1 bytes @ 0x000001DD)
T12F2D6C0 016:193.891   failed
T12F2D6C0 016:193.900 - 0.380ms returns 0 (0x0)
T12F2D6C0 016:193.908 JLINK_ReadMemU8(0x000001DE, 0x1 Items)
T12F2D6C0 016:193.915   CPU_ReadMem(1 bytes @ 0x000001DE)
T12F2D6C0 016:194.251   failed
T12F2D6C0 016:194.266 - 0.358ms returns 0 (0x0)
T12F2D6C0 016:194.279 JLINK_ReadMemU8(0x000001DF, 0x1 Items)
T12F2D6C0 016:194.287   CPU_ReadMem(1 bytes @ 0x000001DF)
T12F2D6C0 016:194.626   failed
T12F2D6C0 016:194.635 - 0.356ms returns 0 (0x0)
T12F2D6C0 016:194.644 JLINK_ReadMemEx(0x000001E0, 0x10 Bytes, Flags = 0x00000000)
T12F2D6C0 016:194.651   CPU_ReadMem(16 bytes @ 0x000001E0)
T12F2D6C0 016:195.014   failed
T12F2D6C0 016:195.024 - 0.380ms returns 0 (0x0)
T12F2D6C0 016:195.031 JLINK_ReadMemU8(0x000001E0, 0x1 Items)
T12F2D6C0 016:195.038   CPU_ReadMem(1 bytes @ 0x000001E0)
T12F2D6C0 016:195.376   failed
T12F2D6C0 016:195.387 - 0.356ms returns 0 (0x0)
T12F2D6C0 016:195.396 JLINK_ReadMemU8(0x000001E1, 0x1 Items)
T12F2D6C0 016:195.403   CPU_ReadMem(1 bytes @ 0x000001E1)
T12F2D6C0 016:195.752   failed
T12F2D6C0 016:195.761 - 0.365ms returns 0 (0x0)
T12F2D6C0 016:195.770 JLINK_ReadMemU8(0x000001E2, 0x1 Items)
T12F2D6C0 016:195.777   CPU_ReadMem(1 bytes @ 0x000001E2)
T12F2D6C0 016:196.127   failed
T12F2D6C0 016:196.137 - 0.367ms returns 0 (0x0)
T12F2D6C0 016:196.146 JLINK_ReadMemU8(0x000001E3, 0x1 Items)
T12F2D6C0 016:196.153   CPU_ReadMem(1 bytes @ 0x000001E3)
T12F2D6C0 016:196.501   failed
T12F2D6C0 016:196.513 - 0.367ms returns 0 (0x0)
T12F2D6C0 016:196.520 JLINK_ReadMemU8(0x000001E4, 0x1 Items)
T12F2D6C0 016:196.527   CPU_ReadMem(1 bytes @ 0x000001E4)
T12F2D6C0 016:196.890   failed
T12F2D6C0 016:196.900 - 0.379ms returns 0 (0x0)
T12F2D6C0 016:196.908 JLINK_ReadMemU8(0x000001E5, 0x1 Items)
T12F2D6C0 016:196.914   CPU_ReadMem(1 bytes @ 0x000001E5)
T12F2D6C0 016:197.252   failed
T12F2D6C0 016:197.266 - 0.359ms returns 0 (0x0)
T12F2D6C0 016:197.276 JLINK_ReadMemU8(0x000001E6, 0x1 Items)
T12F2D6C0 016:197.283   CPU_ReadMem(1 bytes @ 0x000001E6)
T12F2D6C0 016:197.637   failed
T12F2D6C0 016:197.662 - 0.387ms returns 0 (0x0)
T12F2D6C0 016:197.675 JLINK_ReadMemU8(0x000001E7, 0x1 Items)
T12F2D6C0 016:197.688   CPU_ReadMem(1 bytes @ 0x000001E7)
T12F2D6C0 016:198.016   failed
T12F2D6C0 016:198.028 - 0.354ms returns 0 (0x0)
T12F2D6C0 016:198.041 JLINK_ReadMemU8(0x000001E8, 0x1 Items)
T12F2D6C0 016:198.050   CPU_ReadMem(1 bytes @ 0x000001E8)
T12F2D6C0 016:198.379   failed
T12F2D6C0 016:198.396 - 0.355ms returns 0 (0x0)
T12F2D6C0 016:198.406 JLINK_ReadMemU8(0x000001E9, 0x1 Items)
T12F2D6C0 016:198.415   CPU_ReadMem(1 bytes @ 0x000001E9)
T12F2D6C0 016:198.751   failed
T12F2D6C0 016:198.764 - 0.359ms returns 0 (0x0)
T12F2D6C0 016:198.773 JLINK_ReadMemU8(0x000001EA, 0x1 Items)
T12F2D6C0 016:198.782   CPU_ReadMem(1 bytes @ 0x000001EA)
T12F2D6C0 016:199.126   failed
T12F2D6C0 016:199.135 - 0.362ms returns 0 (0x0)
T12F2D6C0 016:199.142 JLINK_ReadMemU8(0x000001EB, 0x1 Items)
T12F2D6C0 016:199.149   CPU_ReadMem(1 bytes @ 0x000001EB)
T12F2D6C0 016:199.500   failed
T12F2D6C0 016:199.511 - 0.369ms returns 0 (0x0)
T12F2D6C0 016:199.518 JLINK_ReadMemU8(0x000001EC, 0x1 Items)
T12F2D6C0 016:199.525   CPU_ReadMem(1 bytes @ 0x000001EC)
T12F2D6C0 016:199.888   failed
T12F2D6C0 016:199.899 - 0.381ms returns 0 (0x0)
T12F2D6C0 016:199.906 JLINK_ReadMemU8(0x000001ED, 0x1 Items)
T12F2D6C0 016:199.914   CPU_ReadMem(1 bytes @ 0x000001ED)
T12F2D6C0 016:200.250   failed
T12F2D6C0 016:200.259 - 0.352ms returns 0 (0x0)
T12F2D6C0 016:200.272 JLINK_ReadMemU8(0x000001EE, 0x1 Items)
T12F2D6C0 016:200.280   CPU_ReadMem(1 bytes @ 0x000001EE)
T12F2D6C0 016:200.624   failed
T12F2D6C0 016:200.633 - 0.361ms returns 0 (0x0)
T12F2D6C0 016:200.640 JLINK_ReadMemU8(0x000001EF, 0x1 Items)
T12F2D6C0 016:200.647   CPU_ReadMem(1 bytes @ 0x000001EF)
T12F2D6C0 016:201.014   failed
T12F2D6C0 016:201.026 - 0.386ms returns 0 (0x0)
T12F2D6C0 016:201.036 JLINK_ReadMemEx(0x000001F0, 0x10 Bytes, Flags = 0x00000000)
T12F2D6C0 016:201.044   CPU_ReadMem(16 bytes @ 0x000001F0)
T12F2D6C0 016:201.378   failed
T12F2D6C0 016:201.393 - 0.358ms returns 0 (0x0)
T12F2D6C0 016:201.402 JLINK_ReadMemU8(0x000001F0, 0x1 Items)
T12F2D6C0 016:201.411   CPU_ReadMem(1 bytes @ 0x000001F0)
T12F2D6C0 016:201.751   failed
T12F2D6C0 016:201.764 - 0.361ms returns 0 (0x0)
T12F2D6C0 016:201.772 JLINK_ReadMemU8(0x000001F1, 0x1 Items)
T12F2D6C0 016:201.781   CPU_ReadMem(1 bytes @ 0x000001F1)
T12F2D6C0 016:202.124   failed
T12F2D6C0 016:202.135 - 0.363ms returns 0 (0x0)
T12F2D6C0 016:202.143 JLINK_ReadMemU8(0x000001F2, 0x1 Items)
T12F2D6C0 016:202.151   CPU_ReadMem(1 bytes @ 0x000001F2)
T12F2D6C0 016:202.500   failed
T12F2D6C0 016:202.510 - 0.367ms returns 0 (0x0)
T12F2D6C0 016:202.517 JLINK_ReadMemU8(0x000001F3, 0x1 Items)
T12F2D6C0 016:202.523   CPU_ReadMem(1 bytes @ 0x000001F3)
T12F2D6C0 016:202.888   failed
T12F2D6C0 016:202.897 - 0.379ms returns 0 (0x0)
T12F2D6C0 016:202.903 JLINK_ReadMemU8(0x000001F4, 0x1 Items)
T12F2D6C0 016:202.910   CPU_ReadMem(1 bytes @ 0x000001F4)
T12F2D6C0 016:203.250   failed
T12F2D6C0 016:203.260 - 0.357ms returns 0 (0x0)
T12F2D6C0 016:203.273 JLINK_ReadMemU8(0x000001F5, 0x1 Items)
T12F2D6C0 016:203.279   CPU_ReadMem(1 bytes @ 0x000001F5)
T12F2D6C0 016:203.626   failed
T12F2D6C0 016:203.637 - 0.365ms returns 0 (0x0)
T12F2D6C0 016:203.645 JLINK_ReadMemU8(0x000001F6, 0x1 Items)
T12F2D6C0 016:203.653   CPU_ReadMem(1 bytes @ 0x000001F6)
T12F2D6C0 016:204.017   failed
T12F2D6C0 016:204.029 - 0.383ms returns 0 (0x0)
T12F2D6C0 016:204.038 JLINK_ReadMemU8(0x000001F7, 0x1 Items)
T12F2D6C0 016:204.047   CPU_ReadMem(1 bytes @ 0x000001F7)
T12F2D6C0 016:204.377   failed
T12F2D6C0 016:204.391 - 0.353ms returns 0 (0x0)
T12F2D6C0 016:204.400 JLINK_ReadMemU8(0x000001F8, 0x1 Items)
T12F2D6C0 016:204.410   CPU_ReadMem(1 bytes @ 0x000001F8)
T12F2D6C0 016:204.751   failed
T12F2D6C0 016:204.763 - 0.363ms returns 0 (0x0)
T12F2D6C0 016:204.774 JLINK_ReadMemU8(0x000001F9, 0x1 Items)
T12F2D6C0 016:204.783   CPU_ReadMem(1 bytes @ 0x000001F9)
T12F2D6C0 016:205.125   failed
T12F2D6C0 016:205.135 - 0.361ms returns 0 (0x0)
T12F2D6C0 016:205.143 JLINK_ReadMemU8(0x000001FA, 0x1 Items)
T12F2D6C0 016:205.151   CPU_ReadMem(1 bytes @ 0x000001FA)
T12F2D6C0 016:205.501   failed
T12F2D6C0 016:205.515 - 0.372ms returns 0 (0x0)
T12F2D6C0 016:205.522 JLINK_ReadMemU8(0x000001FB, 0x1 Items)
T12F2D6C0 016:205.528   CPU_ReadMem(1 bytes @ 0x000001FB)
T12F2D6C0 016:205.892   failed
T12F2D6C0 016:205.902 - 0.380ms returns 0 (0x0)
T12F2D6C0 016:205.909 JLINK_ReadMemU8(0x000001FC, 0x1 Items)
T12F2D6C0 016:205.915   CPU_ReadMem(1 bytes @ 0x000001FC)
T12F2D6C0 016:206.251   failed
T12F2D6C0 016:206.265 - 0.356ms returns 0 (0x0)
T12F2D6C0 016:206.274 JLINK_ReadMemU8(0x000001FD, 0x1 Items)
T12F2D6C0 016:206.281   CPU_ReadMem(1 bytes @ 0x000001FD)
T12F2D6C0 016:206.624   failed
T12F2D6C0 016:206.633 - 0.359ms returns 0 (0x0)
T12F2D6C0 016:206.640 JLINK_ReadMemU8(0x000001FE, 0x1 Items)
T12F2D6C0 016:206.646   CPU_ReadMem(1 bytes @ 0x000001FE)
T12F2D6C0 016:207.013   failed
T12F2D6C0 016:207.023 - 0.383ms returns 0 (0x0)
T12F2D6C0 016:207.031 JLINK_ReadMemU8(0x000001FF, 0x1 Items)
T12F2D6C0 016:207.040   CPU_ReadMem(1 bytes @ 0x000001FF)
T12F2D6C0 016:207.375   failed
T12F2D6C0 016:207.387 - 0.356ms returns 0 (0x0)
T12F2D6C0 016:207.395 JLINK_ReadMemEx(0x00000200, 0x10 Bytes, Flags = 0x00000000)
T12F2D6C0 016:207.401   CPU_ReadMem(16 bytes @ 0x00000200)
T12F2D6C0 016:207.752   failed
T12F2D6C0 016:207.761 - 0.367ms returns 0 (0x0)
T12F2D6C0 016:207.769 JLINK_ReadMemU8(0x00000200, 0x1 Items)
T12F2D6C0 016:207.778   CPU_ReadMem(1 bytes @ 0x00000200)
T12F2D6C0 016:208.127   failed
T12F2D6C0 016:208.137 - 0.368ms returns 0 (0x0)
T12F2D6C0 016:208.145 JLINK_ReadMemU8(0x00000201, 0x1 Items)
T12F2D6C0 016:208.153   CPU_ReadMem(1 bytes @ 0x00000201)
T12F2D6C0 016:208.502   failed
T12F2D6C0 016:208.512 - 0.367ms returns 0 (0x0)
T12F2D6C0 016:208.518 JLINK_ReadMemU8(0x00000202, 0x1 Items)
T12F2D6C0 016:208.525   CPU_ReadMem(1 bytes @ 0x00000202)
T12F2D6C0 016:208.888   failed
T12F2D6C0 016:208.901 - 0.383ms returns 0 (0x0)
T12F2D6C0 016:208.910 JLINK_ReadMemU8(0x00000203, 0x1 Items)
T12F2D6C0 016:208.919   CPU_ReadMem(1 bytes @ 0x00000203)
T12F2D6C0 016:209.253   failed
T12F2D6C0 016:209.273 - 0.363ms returns 0 (0x0)
T12F2D6C0 016:209.282 JLINK_ReadMemU8(0x00000204, 0x1 Items)
T12F2D6C0 016:209.292   CPU_ReadMem(1 bytes @ 0x00000204)
T12F2D6C0 016:209.629   failed
T12F2D6C0 016:209.641 - 0.359ms returns 0 (0x0)
T12F2D6C0 016:209.650 JLINK_ReadMemU8(0x00000205, 0x1 Items)
T12F2D6C0 016:209.659   CPU_ReadMem(1 bytes @ 0x00000205)
T12F2D6C0 016:210.013   failed
T12F2D6C0 016:210.024 - 0.374ms returns 0 (0x0)
T12F2D6C0 016:210.031 JLINK_ReadMemU8(0x00000206, 0x1 Items)
T12F2D6C0 016:210.037   CPU_ReadMem(1 bytes @ 0x00000206)
T12F2D6C0 016:210.378   failed
T12F2D6C0 016:210.390 - 0.359ms returns 0 (0x0)
T12F2D6C0 016:210.397 JLINK_ReadMemU8(0x00000207, 0x1 Items)
T12F2D6C0 016:210.405   CPU_ReadMem(1 bytes @ 0x00000207)
T12F2D6C0 016:210.752   failed
T12F2D6C0 016:210.763 - 0.366ms returns 0 (0x0)
T12F2D6C0 016:210.771 JLINK_ReadMemU8(0x00000208, 0x1 Items)
T12F2D6C0 016:210.779   CPU_ReadMem(1 bytes @ 0x00000208)
T12F2D6C0 016:211.127   failed
T12F2D6C0 016:211.137 - 0.366ms returns 0 (0x0)
T12F2D6C0 016:211.145 JLINK_ReadMemU8(0x00000209, 0x1 Items)
T12F2D6C0 016:211.151   CPU_ReadMem(1 bytes @ 0x00000209)
T12F2D6C0 016:211.503   failed
T12F2D6C0 016:211.514 - 0.369ms returns 0 (0x0)
T12F2D6C0 016:211.522 JLINK_ReadMemU8(0x0000020A, 0x1 Items)
T12F2D6C0 016:211.530   CPU_ReadMem(1 bytes @ 0x0000020A)
T12F2D6C0 016:211.888   failed
T12F2D6C0 016:211.897 - 0.375ms returns 0 (0x0)
T12F2D6C0 016:211.904 JLINK_ReadMemU8(0x0000020B, 0x1 Items)
T12F2D6C0 016:211.910   CPU_ReadMem(1 bytes @ 0x0000020B)
T12F2D6C0 016:212.252   failed
T12F2D6C0 016:212.265 - 0.361ms returns 0 (0x0)
T12F2D6C0 016:212.274 JLINK_ReadMemU8(0x0000020C, 0x1 Items)
T12F2D6C0 016:212.281   CPU_ReadMem(1 bytes @ 0x0000020C)
T12F2D6C0 016:212.627   failed
T12F2D6C0 016:212.637 - 0.363ms returns 0 (0x0)
T12F2D6C0 016:212.645 JLINK_ReadMemU8(0x0000020D, 0x1 Items)
T12F2D6C0 016:212.653   CPU_ReadMem(1 bytes @ 0x0000020D)
T12F2D6C0 016:213.015   failed
T12F2D6C0 016:213.027 - 0.382ms returns 0 (0x0)
T12F2D6C0 016:213.043 JLINK_ReadMemU8(0x0000020E, 0x1 Items)
T12F2D6C0 016:213.054   CPU_ReadMem(1 bytes @ 0x0000020E)
T12F2D6C0 016:213.380   failed
T12F2D6C0 016:213.394 - 0.351ms returns 0 (0x0)
T12F2D6C0 016:213.403 JLINK_ReadMemU8(0x0000020F, 0x1 Items)
T12F2D6C0 016:213.413   CPU_ReadMem(1 bytes @ 0x0000020F)
T12F2D6C0 016:213.753   failed
T12F2D6C0 016:213.765 - 0.362ms returns 0 (0x0)
T12F2D6C0 016:213.775 JLINK_ReadMemEx(0x00000210, 0x10 Bytes, Flags = 0x00000000)
T12F2D6C0 016:213.783   CPU_ReadMem(16 bytes @ 0x00000210)
T12F2D6C0 016:214.127   failed
T12F2D6C0 016:214.138 - 0.364ms returns 0 (0x0)
T12F2D6C0 016:214.144 JLINK_ReadMemU8(0x00000210, 0x1 Items)
T12F2D6C0 016:214.151   CPU_ReadMem(1 bytes @ 0x00000210)
T12F2D6C0 016:214.502   failed
T12F2D6C0 016:214.514 - 0.369ms returns 0 (0x0)
T12F2D6C0 016:214.521 JLINK_ReadMemU8(0x00000211, 0x1 Items)
T12F2D6C0 016:214.529   CPU_ReadMem(1 bytes @ 0x00000211)
T12F2D6C0 016:214.889   failed
T12F2D6C0 016:214.900 - 0.379ms returns 0 (0x0)
T12F2D6C0 016:214.917 JLINK_ReadMemU8(0x00000212, 0x1 Items)
T12F2D6C0 016:214.925   CPU_ReadMem(1 bytes @ 0x00000212)
T12F2D6C0 016:215.254   failed
T12F2D6C0 016:215.278 - 0.361ms returns 0 (0x0)
T12F2D6C0 016:215.289 JLINK_ReadMemU8(0x00000213, 0x1 Items)
T12F2D6C0 016:215.302   CPU_ReadMem(1 bytes @ 0x00000213)
T12F2D6C0 016:215.627   failed
T12F2D6C0 016:215.639 - 0.351ms returns 0 (0x0)
T12F2D6C0 016:215.648 JLINK_ReadMemU8(0x00000214, 0x1 Items)
T12F2D6C0 016:215.660   CPU_ReadMem(1 bytes @ 0x00000214)
T12F2D6C0 016:216.018   failed
T12F2D6C0 016:216.029 - 0.381ms returns 0 (0x0)
T12F2D6C0 016:216.037 JLINK_ReadMemU8(0x00000215, 0x1 Items)
T12F2D6C0 016:216.048   CPU_ReadMem(1 bytes @ 0x00000215)
T12F2D6C0 016:216.376   failed
T12F2D6C0 016:216.387 - 0.350ms returns 0 (0x0)
T12F2D6C0 016:216.395 JLINK_ReadMemU8(0x00000216, 0x1 Items)
T12F2D6C0 016:216.404   CPU_ReadMem(1 bytes @ 0x00000216)
T12F2D6C0 016:216.751   failed
T12F2D6C0 016:216.760 - 0.366ms returns 0 (0x0)
T12F2D6C0 016:216.768 JLINK_ReadMemU8(0x00000217, 0x1 Items)
T12F2D6C0 016:216.776   CPU_ReadMem(1 bytes @ 0x00000217)
T12F2D6C0 016:217.126   failed
T12F2D6C0 016:217.136 - 0.368ms returns 0 (0x0)
T12F2D6C0 016:217.143 JLINK_ReadMemU8(0x00000218, 0x1 Items)
T12F2D6C0 016:217.152   CPU_ReadMem(1 bytes @ 0x00000218)
T12F2D6C0 016:217.501   failed
T12F2D6C0 016:217.512 - 0.369ms returns 0 (0x0)
T12F2D6C0 016:217.521 JLINK_ReadMemU8(0x00000219, 0x1 Items)
T12F2D6C0 016:217.530   CPU_ReadMem(1 bytes @ 0x00000219)
T12F2D6C0 016:217.887   failed
T12F2D6C0 016:217.897 - 0.375ms returns 0 (0x0)
T12F2D6C0 016:217.905 JLINK_ReadMemU8(0x0000021A, 0x1 Items)
T12F2D6C0 016:217.913   CPU_ReadMem(1 bytes @ 0x0000021A)
T12F2D6C0 016:218.251   failed
T12F2D6C0 016:218.260 - 0.355ms returns 0 (0x0)
T12F2D6C0 016:218.274 JLINK_ReadMemU8(0x0000021B, 0x1 Items)
T12F2D6C0 016:218.284   CPU_ReadMem(1 bytes @ 0x0000021B)
T12F2D6C0 016:218.626   failed
T12F2D6C0 016:218.637 - 0.362ms returns 0 (0x0)
T12F2D6C0 016:218.644 JLINK_ReadMemU8(0x0000021C, 0x1 Items)
T12F2D6C0 016:218.653   CPU_ReadMem(1 bytes @ 0x0000021C)
T12F2D6C0 016:219.012   failed
T12F2D6C0 016:219.023 - 0.379ms returns 0 (0x0)
T12F2D6C0 016:219.031 JLINK_ReadMemU8(0x0000021D, 0x1 Items)
T12F2D6C0 016:219.040   CPU_ReadMem(1 bytes @ 0x0000021D)
T12F2D6C0 016:219.374   failed
T12F2D6C0 016:219.385 - 0.354ms returns 0 (0x0)
T12F2D6C0 016:219.392 JLINK_ReadMemU8(0x0000021E, 0x1 Items)
T12F2D6C0 016:219.402   CPU_ReadMem(1 bytes @ 0x0000021E)
T12F2D6C0 016:219.751   failed
T12F2D6C0 016:219.760 - 0.368ms returns 0 (0x0)
T12F2D6C0 016:219.767 JLINK_ReadMemU8(0x0000021F, 0x1 Items)
T12F2D6C0 016:219.776   CPU_ReadMem(1 bytes @ 0x0000021F)
T12F2D6C0 016:220.123   failed
T12F2D6C0 016:220.132 - 0.365ms returns 0 (0x0)
T12F2D6C0 016:220.141 JLINK_ReadMemEx(0x00000220, 0x10 Bytes, Flags = 0x00000000)
T12F2D6C0 016:220.150   CPU_ReadMem(16 bytes @ 0x00000220)
T12F2D6C0 016:220.501   failed
T12F2D6C0 016:220.512 - 0.371ms returns 0 (0x0)
T12F2D6C0 016:220.524 JLINK_ReadMemU8(0x00000220, 0x1 Items)
T12F2D6C0 016:220.536   CPU_ReadMem(1 bytes @ 0x00000220)
T12F2D6C0 016:220.886   failed
T12F2D6C0 016:220.897 - 0.373ms returns 0 (0x0)
T12F2D6C0 016:220.906 JLINK_ReadMemU8(0x00000221, 0x1 Items)
T12F2D6C0 016:220.914   CPU_ReadMem(1 bytes @ 0x00000221)
T12F2D6C0 016:221.251   failed
T12F2D6C0 016:221.265 - 0.359ms returns 0 (0x0)
T12F2D6C0 016:221.275 JLINK_ReadMemU8(0x00000222, 0x1 Items)
T12F2D6C0 016:221.284   CPU_ReadMem(1 bytes @ 0x00000222)
T12F2D6C0 016:221.625   failed
T12F2D6C0 016:221.634 - 0.360ms returns 0 (0x0)
T12F2D6C0 016:221.641 JLINK_ReadMemU8(0x00000223, 0x1 Items)
T12F2D6C0 016:221.651   CPU_ReadMem(1 bytes @ 0x00000223)
T12F2D6C0 016:222.012   failed
T12F2D6C0 016:222.023 - 0.382ms returns 0 (0x0)
T12F2D6C0 016:222.030 JLINK_ReadMemU8(0x00000224, 0x1 Items)
T12F2D6C0 016:222.040   CPU_ReadMem(1 bytes @ 0x00000224)
T12F2D6C0 016:222.376   failed
T12F2D6C0 016:222.386 - 0.356ms returns 0 (0x0)
T12F2D6C0 016:222.394 JLINK_ReadMemU8(0x00000225, 0x1 Items)
T12F2D6C0 016:222.403   CPU_ReadMem(1 bytes @ 0x00000225)
T12F2D6C0 016:222.751   failed
T12F2D6C0 016:222.759 - 0.366ms returns 0 (0x0)
T12F2D6C0 016:222.768 JLINK_ReadMemU8(0x00000226, 0x1 Items)
T12F2D6C0 016:222.776   CPU_ReadMem(1 bytes @ 0x00000226)
T12F2D6C0 016:223.125   failed
T12F2D6C0 016:223.136 - 0.368ms returns 0 (0x0)
T12F2D6C0 016:223.144 JLINK_ReadMemU8(0x00000227, 0x1 Items)
T12F2D6C0 016:223.152   CPU_ReadMem(1 bytes @ 0x00000227)
T12F2D6C0 016:223.501   failed
T12F2D6C0 016:223.511 - 0.367ms returns 0 (0x0)
T12F2D6C0 016:223.520 JLINK_ReadMemU8(0x00000228, 0x1 Items)
T12F2D6C0 016:223.529   CPU_ReadMem(1 bytes @ 0x00000228)
T12F2D6C0 016:223.887   failed
T12F2D6C0 016:223.896 - 0.377ms returns 0 (0x0)
T12F2D6C0 016:223.903 JLINK_ReadMemU8(0x00000229, 0x1 Items)
T12F2D6C0 016:223.912   CPU_ReadMem(1 bytes @ 0x00000229)
T12F2D6C0 016:224.250   failed
T12F2D6C0 016:224.259 - 0.356ms returns 0 (0x0)
T12F2D6C0 016:224.272 JLINK_ReadMemU8(0x0000022A, 0x1 Items)
T12F2D6C0 016:224.281   CPU_ReadMem(1 bytes @ 0x0000022A)
T12F2D6C0 016:224.626   failed
T12F2D6C0 016:224.637 - 0.365ms returns 0 (0x0)
T12F2D6C0 016:224.645 JLINK_ReadMemU8(0x0000022B, 0x1 Items)
T12F2D6C0 016:224.654   CPU_ReadMem(1 bytes @ 0x0000022B)
T12F2D6C0 016:225.011   failed
T12F2D6C0 016:225.022 - 0.377ms returns 0 (0x0)
T12F2D6C0 016:225.030 JLINK_ReadMemU8(0x0000022C, 0x1 Items)
T12F2D6C0 016:225.039   CPU_ReadMem(1 bytes @ 0x0000022C)
T12F2D6C0 016:225.375   failed
T12F2D6C0 016:225.389 - 0.359ms returns 0 (0x0)
T12F2D6C0 016:225.396 JLINK_ReadMemU8(0x0000022D, 0x1 Items)
T12F2D6C0 016:225.406   CPU_ReadMem(1 bytes @ 0x0000022D)
T12F2D6C0 016:225.751   failed
T12F2D6C0 016:225.760 - 0.363ms returns 0 (0x0)
T12F2D6C0 016:225.767 JLINK_ReadMemU8(0x0000022E, 0x1 Items)
T12F2D6C0 016:225.776   CPU_ReadMem(1 bytes @ 0x0000022E)
T12F2D6C0 016:226.126   failed
T12F2D6C0 016:226.135 - 0.368ms returns 0 (0x0)
T12F2D6C0 016:226.142 JLINK_ReadMemU8(0x0000022F, 0x1 Items)
T12F2D6C0 016:226.151   CPU_ReadMem(1 bytes @ 0x0000022F)
T12F2D6C0 016:226.501   failed
T12F2D6C0 016:226.511 - 0.369ms returns 0 (0x0)
T12F2D6C0 016:226.518 JLINK_ReadMemEx(0x00000230, 0x10 Bytes, Flags = 0x00000000)
T12F2D6C0 016:226.528   CPU_ReadMem(16 bytes @ 0x00000230)
T12F2D6C0 016:226.887   failed
T12F2D6C0 016:226.896 - 0.378ms returns 0 (0x0)
T12F2D6C0 016:226.903 JLINK_ReadMemU8(0x00000230, 0x1 Items)
T12F2D6C0 016:226.912   CPU_ReadMem(1 bytes @ 0x00000230)
T12F2D6C0 016:227.251   failed
T12F2D6C0 016:227.265 - 0.362ms returns 0 (0x0)
T12F2D6C0 016:227.274 JLINK_ReadMemU8(0x00000231, 0x1 Items)
T12F2D6C0 016:227.284   CPU_ReadMem(1 bytes @ 0x00000231)
T12F2D6C0 016:227.625   failed
T12F2D6C0 016:227.634 - 0.360ms returns 0 (0x0)
T12F2D6C0 016:227.641 JLINK_ReadMemU8(0x00000232, 0x1 Items)
T12F2D6C0 016:227.651   CPU_ReadMem(1 bytes @ 0x00000232)
T12F2D6C0 016:228.012   failed
T12F2D6C0 016:228.021 - 0.380ms returns 0 (0x0)
T12F2D6C0 016:228.029 JLINK_ReadMemU8(0x00000233, 0x1 Items)
T12F2D6C0 016:228.042   CPU_ReadMem(1 bytes @ 0x00000233)
T12F2D6C0 016:228.375   failed
T12F2D6C0 016:228.388 - 0.359ms returns 0 (0x0)
T12F2D6C0 016:228.396 JLINK_ReadMemU8(0x00000234, 0x1 Items)
T12F2D6C0 016:228.406   CPU_ReadMem(1 bytes @ 0x00000234)
T12F2D6C0 016:228.751   failed
T12F2D6C0 016:228.762 - 0.365ms returns 0 (0x0)
T12F2D6C0 016:228.770 JLINK_ReadMemU8(0x00000235, 0x1 Items)
T12F2D6C0 016:228.779   CPU_ReadMem(1 bytes @ 0x00000235)
T12F2D6C0 016:229.125   failed
T12F2D6C0 016:229.134 - 0.364ms returns 0 (0x0)
T12F2D6C0 016:229.141 JLINK_ReadMemU8(0x00000236, 0x1 Items)
T12F2D6C0 016:229.153   CPU_ReadMem(1 bytes @ 0x00000236)
T12F2D6C0 016:229.501   failed
T12F2D6C0 016:229.511 - 0.370ms returns 0 (0x0)
T12F2D6C0 016:229.518 JLINK_ReadMemU8(0x00000237, 0x1 Items)
T12F2D6C0 016:229.528   CPU_ReadMem(1 bytes @ 0x00000237)
T12F2D6C0 016:229.886   failed
T12F2D6C0 016:229.897 - 0.379ms returns 0 (0x0)
T12F2D6C0 016:229.905 JLINK_ReadMemU8(0x00000238, 0x1 Items)
T12F2D6C0 016:229.914   CPU_ReadMem(1 bytes @ 0x00000238)
T12F2D6C0 016:230.251   failed
T12F2D6C0 016:230.260 - 0.355ms returns 0 (0x0)
T12F2D6C0 016:230.287 JLINK_ReadMemU8(0x00000239, 0x1 Items)
T12F2D6C0 016:230.300   CPU_ReadMem(1 bytes @ 0x00000239)
T12F2D6C0 016:230.625   failed
T12F2D6C0 016:230.637 - 0.349ms returns 0 (0x0)
T12F2D6C0 016:230.644 JLINK_ReadMemU8(0x0000023A, 0x1 Items)
T12F2D6C0 016:230.654   CPU_ReadMem(1 bytes @ 0x0000023A)
T12F2D6C0 016:231.012   failed
T12F2D6C0 016:231.021 - 0.377ms returns 0 (0x0)
T12F2D6C0 016:231.029 JLINK_ReadMemU8(0x0000023B, 0x1 Items)
T12F2D6C0 016:231.038   CPU_ReadMem(1 bytes @ 0x0000023B)
T12F2D6C0 016:231.376   failed
T12F2D6C0 016:231.389 - 0.359ms returns 0 (0x0)
T12F2D6C0 016:231.398 JLINK_ReadMemU8(0x0000023C, 0x1 Items)
T12F2D6C0 016:231.409   CPU_ReadMem(1 bytes @ 0x0000023C)
T12F2D6C0 016:231.751   failed
T12F2D6C0 016:231.762 - 0.364ms returns 0 (0x0)
T12F2D6C0 016:231.771 JLINK_ReadMemU8(0x0000023D, 0x1 Items)
T12F2D6C0 016:231.781   CPU_ReadMem(1 bytes @ 0x0000023D)
T12F2D6C0 016:232.126   failed
T12F2D6C0 016:232.135 - 0.364ms returns 0 (0x0)
T12F2D6C0 016:232.142 JLINK_ReadMemU8(0x0000023E, 0x1 Items)
T12F2D6C0 016:232.152   CPU_ReadMem(1 bytes @ 0x0000023E)
T12F2D6C0 016:232.501   failed
T12F2D6C0 016:232.511 - 0.369ms returns 0 (0x0)
T12F2D6C0 016:232.519 JLINK_ReadMemU8(0x0000023F, 0x1 Items)
T12F2D6C0 016:232.529   CPU_ReadMem(1 bytes @ 0x0000023F)
T12F2D6C0 016:232.887   failed
T12F2D6C0 016:232.898 - 0.379ms returns 0 (0x0)
T146D67C0 016:232.912 JLINK_IsHalted()
T146D67C0 016:233.068 - 0.156ms returns TRUE
T146D67C0 016:233.078 JLINK_ReadRegs_64(NumRegs = 1, Indexes: 
T146D67C0 016:233.085   9)
T146D67C0 016:233.100    -- R15 (PC)=0x80000000
T146D67C0 016:233.109 - 0.031ms returns 0
T12F2D6C0 020:590.908 JLINK_IsHalted()
T12F2D6C0 020:591.087 - 0.178ms returns TRUE
T12F2D6C0 025:391.732 JLINK_FindBP(Addr = 0x80000F1C)
T12F2D6C0 025:391.764 - 0.033ms returns 0
T12F2D6C0 025:391.779 JLINK_SetBPEx_64(Addr = 0x80000F1C, Type = 0xFFFFFFF1)
T12F2D6C0 025:391.795 - 0.017ms returns 0x00000001
T12F2D6C0 025:391.805 JLINK_FindBP(Addr = 0x80000F1C)
T12F2D6C0 025:391.815 - 0.010ms returns 1
T12F2D6C0 025:391.827 JLINK_GetBPInfoEx(iBP = -1)
T12F2D6C0 025:391.836 - 0.010ms returns 1
T12F2D6C0 025:392.014 JLINK_GoEx(MaxEmulInsts = -1, Flags = 0x01)
T12F2D6C0 025:392.314   CPU_WriteMem(4 bytes @ 0x80001100)
T12F2D6C0 025:392.551   CPU_WriteMem(4 bytes @ 0x80001140)
T12F2D6C0 025:392.799   CPU_WriteMem(4 bytes @ 0x80001144)
T12F2D6C0 025:393.049   CPU_WriteMem(4 bytes @ 0x80001148)
T12F2D6C0 025:393.302   CPU_WriteMem(4 bytes @ 0x8000114C)
T12F2D6C0 025:393.549   CPU_WriteMem(4 bytes @ 0x80001150)
T12F2D6C0 025:393.800   CPU_WriteMem(4 bytes @ 0x80001154)
T12F2D6C0 025:395.014   Memory map 'after startup completion point' is active
T12F2D6C0 025:395.032 - 3.018ms
T12F2D6C0 025:395.042 JLINK_IsHalted()
T12F2D6C0 025:395.179 - 0.137ms returns FALSE
T12F2D6C0 025:445.451 JLINK_IsHalted()
T12F2D6C0 025:446.320 - 0.870ms returns TRUE
T12F2D6C0 025:446.336 JLINK_ReadRegs_64(NumRegs = 1, Indexes: 
T12F2D6C0 025:446.344   9)
T12F2D6C0 025:446.359    -- R15 (PC)=0x80000F1C
T12F2D6C0 025:446.371 - 0.035ms returns 0
T12F2D6C0 025:446.379 JLINK_ReadRegs_64(NumRegs = 1, Indexes: 
T12F2D6C0 025:446.388   79)
T12F2D6C0 025:446.862    -- R13=0x8002B6B8
T12F2D6C0 025:446.874 - 0.495ms returns 0
T12F2D6C0 025:446.893 JLINK_FindBP(Addr = 0x80000F1C)
T12F2D6C0 025:446.901 - 0.008ms returns 1
T12F2D6C0 025:446.911 JLINK_ClrBPEx(BPHandle = 0x00000001)
T12F2D6C0 025:446.920 - 0.009ms returns 0x00
T146D67C0 025:448.314 JLINK_IsHalted()
T146D67C0 025:448.332 - 0.018ms returns TRUE
T146D67C0 025:448.338 JLINK_ReadRegs_64(NumRegs = 1, Indexes: 
T146D67C0 025:448.346   8)
T146D67C0 025:448.360    -- CPSR=0x6000019F
T146D67C0 025:448.369 - 0.031ms returns 0
T146D67C0 025:448.377 JLINK_ReadRegs_64(NumRegs = 1, Indexes: 
T146D67C0 025:448.383   80)
T146D67C0 025:448.392    -- R14=0x800000E4
T146D67C0 025:448.402 - 0.025ms returns 0
T12F2D6C0 025:448.465 JLINK_ExecCommand("ReadIntoTraceCache 0x80000000 0x1786D", ...). 
T12F2D6C0 025:448.493   CPU_ReadMem(96384 bytes @ 0x80000000)
T12F2D6C0 025:573.698    -- Updating DA cache (96384 bytes @ 0x80000000)
T12F2D6C0 025:573.740    -- Read from DA cache (96365 bytes @ 0x80000000)
T12F2D6C0 025:573.764 - 125.289ms returns 0x00
T146D67C0 025:573.787 JLINK_ReadMemU32(0x40301840, 0x1 Items)
T146D67C0 025:573.811   CPU_ReadMem(64 bytes @ 0x40301840)
T146D67C0 025:574.239    -- Updating C cache (64 bytes @ 0x40301840)
T146D67C0 025:574.251    -- Read from C cache (4 bytes @ 0x40301840)
T146D67C0 025:574.267   Data:  53 45 47 47
T146D67C0 025:574.285 - 0.499ms returns 1 (0x1)
T12F2D6C0 025:574.395 JLINK_ReadMemEx(0x80000000, 0x1786D Bytes, Flags = 0x00000000)
T12F2D6C0 025:574.414    -- Read from DA cache (96365 bytes @ 0x80000000)
T12F2D6C0 025:574.430   Data:  00 00 0F E1 C0 00 80 E3 00 F0 21 E1 00 00 0F E1 ...
T12F2D6C0 025:574.465 - 0.071ms returns 96365 (0x1786D)
T146D67C0 025:574.736 JLINK_ReadMemU32(0x40301844, 0x1 Items)
T146D67C0 025:574.753    -- Read from C cache (4 bytes @ 0x40301844)
T146D67C0 025:574.770   Data:  45 52 20 52
T146D67C0 025:574.788 - 0.052ms returns 1 (0x1)
T146D67C0 025:574.931 JLINK_ReadMemU32(0x40301848, 0x1 Items)
T146D67C0 025:574.947    -- Read from C cache (4 bytes @ 0x40301848)
T146D67C0 025:574.963   Data:  54 54 00 00
T146D67C0 025:574.979 - 0.048ms returns 1 (0x1)
T146D67C0 025:575.096 JLINK_ReadMemU32(0x4030184C, 0x1 Items)
T146D67C0 025:575.109    -- Read from C cache (4 bytes @ 0x4030184C)
T146D67C0 025:575.122   Data:  00 00 00 00
T146D67C0 025:575.134 - 0.038ms returns 1 (0x1)
T146D67C0 025:575.241 JLINK_ReadMemU32(0x40301850, 0x1 Items)
T146D67C0 025:575.253    -- Read from C cache (4 bytes @ 0x40301850)
T146D67C0 025:575.270   Data:  03 00 00 00
T146D67C0 025:575.283 - 0.042ms returns 1 (0x1)
T146D67C0 025:575.387 JLINK_ReadMemU32(0x40301854, 0x1 Items)
T146D67C0 025:575.400    -- Read from C cache (4 bytes @ 0x40301854)
T146D67C0 025:575.412   Data:  03 00 00 00
T146D67C0 025:575.424 - 0.037ms returns 1 (0x1)
T12F2D6C0 025:575.606 JLINK_ExecCommand("SetRTTSearchRanges 0x40300000 0x10000", ...). 
T12F2D6C0 025:575.620 - 0.003ms returns 0x00
T12F2D6C0 025:575.628 JLINK_ExecCommand("SetRTTAddr 0x40301840", ...). 
T12F2D6C0 025:575.636 - 0.000ms returns 0x00
T12F2D6C0 025:575.645 JLINK_RTTERMINAL_Control(Cmd = JLINKARM_RTTERMINAL_CMD_START)
T12F2D6C0 025:575.651 - 0.007ms returns 0x00
T12F2D6C0 025:576.249 JLINK_GoEx(MaxEmulInsts = -1, Flags = 0x01)
T12F2D6C0 025:576.373   CPU_WriteMem(4 bytes @ 0x80001140)
T12F2D6C0 025:576.549   CPU_WriteMem(4 bytes @ 0x80001144)
T12F2D6C0 025:576.798   CPU_WriteMem(4 bytes @ 0x80001148)
T12F2D6C0 025:577.048   CPU_WriteMem(4 bytes @ 0x8000114C)
T12F2D6C0 025:577.297   CPU_WriteMem(4 bytes @ 0x80001150)
T12F2D6C0 025:577.546   CPU_WriteMem(4 bytes @ 0x80001154)
T12F2D6C0 025:578.655 - 2.406ms
T12F2D6C0 025:578.665 JLINK_IsHalted()
T12F2D6C0 025:578.802 - 0.137ms returns FALSE
T12F2D6C0 025:591.522 JLINK_RTTERMINAL_Read(BufferIndex = 0, BufferSize = 0x00030D40)
T12F2D6C0 025:591.558 - 0.037ms returns 0
T59FF6C0 025:599.470   CPU_ReadMem(24 bytes @ 0x40301840)
T59FF6C0 025:599.669   Periodic RTT: RTT CB verified. Started data handling
T59FF6C0 025:610.545   CPU_ReadMem(32 bytes @ 0x80017820)
T12F2D6C0 025:611.569 JLINK_RTTERMINAL_Read(BufferIndex = 0, BufferSize = 0x00030D40)
T12F2D6C0 025:611.588 - 0.019ms returns 991
T12F2D6C0 025:631.632 JLINK_IsHalted()
T12F2D6C0 025:631.928 - 0.296ms returns FALSE
T12F2D6C0 025:631.939 JLINK_RTTERMINAL_Read(BufferIndex = 0, BufferSize = 0x00030D40)
T12F2D6C0 025:631.948 - 0.009ms returns 0
T12F2D6C0 025:651.678 JLINK_RTTERMINAL_Read(BufferIndex = 0, BufferSize = 0x00030D40)
T12F2D6C0 025:651.695 - 0.016ms returns 0
T12F2D6C0 025:671.681 JLINK_RTTERMINAL_Read(BufferIndex = 0, BufferSize = 0x00030D40)
T12F2D6C0 025:671.695 - 0.013ms returns 0
T12F2D6C0 025:691.823 JLINK_IsHalted()
T12F2D6C0 025:693.563 - 1.740ms returns FALSE
T12F2D6C0 025:693.581 JLINK_RTTERMINAL_Read(BufferIndex = 0, BufferSize = 0x00030D40)
T12F2D6C0 025:693.587 - 0.006ms returns 0
T12F2D6C0 025:712.399 JLINK_RTTERMINAL_Read(BufferIndex = 0, BufferSize = 0x00030D40)
T12F2D6C0 025:712.416 - 0.018ms returns 0
T12F2D6C0 025:732.453 JLINK_RTTERMINAL_Read(BufferIndex = 0, BufferSize = 0x00030D40)
T12F2D6C0 025:732.470 - 0.017ms returns 0
T12F2D6C0 025:742.544 JLINK_IsHalted()
T12F2D6C0 025:742.984 - 0.439ms returns FALSE
T12F2D6C0 025:752.517 JLINK_RTTERMINAL_Read(BufferIndex = 0, BufferSize = 0x00030D40)
T12F2D6C0 025:752.534 - 0.018ms returns 0
T12F2D6C0 025:772.581 JLINK_RTTERMINAL_Read(BufferIndex = 0, BufferSize = 0x00030D40)
T12F2D6C0 025:772.600 - 0.019ms returns 0
T12F2D6C0 025:792.641 JLINK_RTTERMINAL_Read(BufferIndex = 0, BufferSize = 0x00030D40)
T12F2D6C0 025:792.660 - 0.019ms returns 0
T12F2D6C0 025:802.730 JLINK_IsHalted()
T12F2D6C0 025:803.129 - 0.399ms returns FALSE
T12F2D6C0 025:812.688 JLINK_RTTERMINAL_Read(BufferIndex = 0, BufferSize = 0x00030D40)
T12F2D6C0 025:812.700 - 0.013ms returns 0
T12F2D6C0 025:832.816 JLINK_RTTERMINAL_Read(BufferIndex = 0, BufferSize = 0x00030D40)
T12F2D6C0 025:832.837 - 0.021ms returns 0
T12F2D6C0 025:852.875 JLINK_RTTERMINAL_Read(BufferIndex = 0, BufferSize = 0x00030D40)
T12F2D6C0 025:852.906 - 0.031ms returns 0
T12F2D6C0 025:862.981 JLINK_IsHalted()
T12F2D6C0 025:863.394 - 0.414ms returns FALSE
T12F2D6C0 025:872.917 JLINK_RTTERMINAL_Read(BufferIndex = 0, BufferSize = 0x00030D40)
T12F2D6C0 025:872.929 - 0.013ms returns 0
T12F2D6C0 025:892.973 JLINK_RTTERMINAL_Read(BufferIndex = 0, BufferSize = 0x00030D40)
T12F2D6C0 025:892.988 - 0.015ms returns 0
T12F2D6C0 025:913.044 JLINK_RTTERMINAL_Read(BufferIndex = 0, BufferSize = 0x00030D40)
T12F2D6C0 025:913.061 - 0.018ms returns 0
T12F2D6C0 025:923.143 JLINK_IsHalted()
T12F2D6C0 025:923.561 - 0.418ms returns FALSE
T12F2D6C0 025:933.105 JLINK_RTTERMINAL_Read(BufferIndex = 0, BufferSize = 0x00030D40)
T12F2D6C0 025:933.121 - 0.015ms returns 0
T12F2D6C0 025:953.163 JLINK_RTTERMINAL_Read(BufferIndex = 0, BufferSize = 0x00030D40)
T12F2D6C0 025:953.178 - 0.015ms returns 0
T12F2D6C0 025:973.216 JLINK_RTTERMINAL_Read(BufferIndex = 0, BufferSize = 0x00030D40)
T12F2D6C0 025:973.229 - 0.014ms returns 0
T12F2D6C0 025:983.298 JLINK_IsHalted()
T12F2D6C0 025:983.735 - 0.437ms returns FALSE
T12F2D6C0 025:993.287 JLINK_RTTERMINAL_Read(BufferIndex = 0, BufferSize = 0x00030D40)
T12F2D6C0 025:993.307 - 0.019ms returns 0
T12F2D6C0 026:013.301 JLINK_RTTERMINAL_Read(BufferIndex = 0, BufferSize = 0x00030D40)
T12F2D6C0 026:013.324 - 0.024ms returns 0
T12F2D6C0 026:033.353 JLINK_RTTERMINAL_Read(BufferIndex = 0, BufferSize = 0x00030D40)
T12F2D6C0 026:033.370 - 0.017ms returns 0
T12F2D6C0 026:043.440 JLINK_IsHalted()
T12F2D6C0 026:043.595 - 0.155ms returns FALSE
T12F2D6C0 026:053.406 JLINK_RTTERMINAL_Read(BufferIndex = 0, BufferSize = 0x00030D40)
T12F2D6C0 026:053.421 - 0.015ms returns 0
T12F2D6C0 026:073.479 JLINK_RTTERMINAL_Read(BufferIndex = 0, BufferSize = 0x00030D40)
T12F2D6C0 026:073.530 - 0.050ms returns 0
T12F2D6C0 026:095.124 JLINK_IsHalted()
T12F2D6C0 026:095.281 - 0.157ms returns FALSE
T12F2D6C0 026:095.293 JLINK_RTTERMINAL_Read(BufferIndex = 0, BufferSize = 0x00030D40)
T12F2D6C0 026:095.302 - 0.008ms returns 0
T12F2D6C0 026:115.178 JLINK_RTTERMINAL_Read(BufferIndex = 0, BufferSize = 0x00030D40)
T12F2D6C0 026:115.196 - 0.018ms returns 0
T12F2D6C0 026:135.272 JLINK_RTTERMINAL_Read(BufferIndex = 0, BufferSize = 0x00030D40)
T12F2D6C0 026:135.297 - 0.025ms returns 0
T12F2D6C0 026:145.379 JLINK_IsHalted()
T12F2D6C0 026:145.868 - 0.488ms returns FALSE
T12F2D6C0 026:155.459 JLINK_RTTERMINAL_Read(BufferIndex = 0, BufferSize = 0x00030D40)
T12F2D6C0 026:155.483 - 0.024ms returns 0
T12F2D6C0 026:175.350 JLINK_RTTERMINAL_Read(BufferIndex = 0, BufferSize = 0x00030D40)
T12F2D6C0 026:175.365 - 0.015ms returns 0
T12F2D6C0 026:195.421 JLINK_RTTERMINAL_Read(BufferIndex = 0, BufferSize = 0x00030D40)
T12F2D6C0 026:195.440 - 0.019ms returns 0
T12F2D6C0 026:205.524 JLINK_IsHalted()
T12F2D6C0 026:205.681 - 0.156ms returns FALSE
T12F2D6C0 026:215.483 JLINK_RTTERMINAL_Read(BufferIndex = 0, BufferSize = 0x00030D40)
T12F2D6C0 026:215.501 - 0.017ms returns 0
T12F2D6C0 026:235.549 JLINK_RTTERMINAL_Read(BufferIndex = 0, BufferSize = 0x00030D40)
T12F2D6C0 026:235.575 - 0.028ms returns 0
T12F2D6C0 026:255.594 JLINK_RTTERMINAL_Read(BufferIndex = 0, BufferSize = 0x00030D40)
T12F2D6C0 026:255.611 - 0.017ms returns 0
T12F2D6C0 026:265.684 JLINK_IsHalted()
T12F2D6C0 026:265.870 - 0.187ms returns FALSE
T12F2D6C0 026:275.651 JLINK_RTTERMINAL_Read(BufferIndex = 0, BufferSize = 0x00030D40)
T12F2D6C0 026:275.666 - 0.015ms returns 0
T12F2D6C0 026:295.713 JLINK_RTTERMINAL_Read(BufferIndex = 0, BufferSize = 0x00030D40)
T12F2D6C0 026:295.730 - 0.018ms returns 0
T12F2D6C0 026:315.780 JLINK_RTTERMINAL_Read(BufferIndex = 0, BufferSize = 0x00030D40)
T12F2D6C0 026:315.806 - 0.027ms returns 0
T12F2D6C0 026:325.878 JLINK_IsHalted()
T12F2D6C0 026:326.076 - 0.198ms returns FALSE
T12F2D6C0 026:335.822 JLINK_RTTERMINAL_Read(BufferIndex = 0, BufferSize = 0x00030D40)
T12F2D6C0 026:335.835 - 0.014ms returns 0
T12F2D6C0 026:355.868 JLINK_RTTERMINAL_Read(BufferIndex = 0, BufferSize = 0x00030D40)
T12F2D6C0 026:355.880 - 0.012ms returns 0
T12F2D6C0 026:376.005 JLINK_RTTERMINAL_Read(BufferIndex = 0, BufferSize = 0x00030D40)
T12F2D6C0 026:376.023 - 0.018ms returns 0
T12F2D6C0 026:386.097 JLINK_IsHalted()
T12F2D6C0 026:386.255 - 0.157ms returns FALSE
T12F2D6C0 026:396.000 JLINK_RTTERMINAL_Read(BufferIndex = 0, BufferSize = 0x00030D40)
T12F2D6C0 026:396.020 - 0.020ms returns 0
T12F2D6C0 026:416.050 JLINK_RTTERMINAL_Read(BufferIndex = 0, BufferSize = 0x00030D40)
T12F2D6C0 026:416.064 - 0.014ms returns 0
T12F2D6C0 026:436.110 JLINK_RTTERMINAL_Read(BufferIndex = 0, BufferSize = 0x00030D40)
T12F2D6C0 026:436.125 - 0.015ms returns 0
T12F2D6C0 026:446.195 JLINK_IsHalted()
T12F2D6C0 026:446.409 - 0.214ms returns FALSE
T12F2D6C0 026:456.204 JLINK_RTTERMINAL_Read(BufferIndex = 0, BufferSize = 0x00030D40)
T12F2D6C0 026:456.227 - 0.023ms returns 0
T12F2D6C0 026:476.234 JLINK_RTTERMINAL_Read(BufferIndex = 0, BufferSize = 0x00030D40)
T12F2D6C0 026:476.252 - 0.018ms returns 0
T12F2D6C0 026:496.289 JLINK_IsHalted()
T12F2D6C0 026:496.716 - 0.428ms returns FALSE
T12F2D6C0 026:496.728 JLINK_RTTERMINAL_Read(BufferIndex = 0, BufferSize = 0x00030D40)
T12F2D6C0 026:496.736 - 0.008ms returns 0
T12F2D6C0 026:516.347 JLINK_RTTERMINAL_Read(BufferIndex = 0, BufferSize = 0x00030D40)
T12F2D6C0 026:516.359 - 0.012ms returns 0
T12F2D6C0 026:536.436 JLINK_RTTERMINAL_Read(BufferIndex = 0, BufferSize = 0x00030D40)
T12F2D6C0 026:536.461 - 0.026ms returns 0
T12F2D6C0 026:556.477 JLINK_IsHalted()
T12F2D6C0 026:556.906 - 0.429ms returns FALSE
T12F2D6C0 026:556.916 JLINK_RTTERMINAL_Read(BufferIndex = 0, BufferSize = 0x00030D40)
T12F2D6C0 026:556.924 - 0.008ms returns 0
T12F2D6C0 026:576.705 JLINK_RTTERMINAL_Read(BufferIndex = 0, BufferSize = 0x00030D40)
T12F2D6C0 026:576.722 - 0.018ms returns 0
T12F2D6C0 026:596.565 JLINK_RTTERMINAL_Read(BufferIndex = 0, BufferSize = 0x00030D40)
T12F2D6C0 026:596.584 - 0.019ms returns 0
T12F2D6C0 026:616.630 JLINK_IsHalted()
T12F2D6C0 026:617.065 - 0.435ms returns FALSE
T12F2D6C0 026:617.075 JLINK_RTTERMINAL_Read(BufferIndex = 0, BufferSize = 0x00030D40)
T12F2D6C0 026:617.083 - 0.007ms returns 0
T12F2D6C0 026:636.697 JLINK_RTTERMINAL_Read(BufferIndex = 0, BufferSize = 0x00030D40)
T12F2D6C0 026:636.715 - 0.017ms returns 0
T12F2D6C0 026:656.768 JLINK_RTTERMINAL_Read(BufferIndex = 0, BufferSize = 0x00030D40)
T12F2D6C0 026:656.785 - 0.017ms returns 0
T12F2D6C0 026:676.818 JLINK_IsHalted()
T12F2D6C0 026:677.253 - 0.435ms returns FALSE
T12F2D6C0 026:677.283 JLINK_RTTERMINAL_Read(BufferIndex = 0, BufferSize = 0x00030D40)
T12F2D6C0 026:677.293 - 0.011ms returns 0
T12F2D6C0 026:696.864 JLINK_RTTERMINAL_Read(BufferIndex = 0, BufferSize = 0x00030D40)
T12F2D6C0 026:696.883 - 0.018ms returns 0
T12F2D6C0 026:716.923 JLINK_RTTERMINAL_Read(BufferIndex = 0, BufferSize = 0x00030D40)
T12F2D6C0 026:716.934 - 0.011ms returns 0
T12F2D6C0 026:736.978 JLINK_IsHalted()
T12F2D6C0 026:737.422 - 0.445ms returns FALSE
T12F2D6C0 026:737.434 JLINK_RTTERMINAL_Read(BufferIndex = 0, BufferSize = 0x00030D40)
T12F2D6C0 026:737.442 - 0.008ms returns 0
T12F2D6C0 026:757.042 JLINK_RTTERMINAL_Read(BufferIndex = 0, BufferSize = 0x00030D40)
T12F2D6C0 026:757.058 - 0.015ms returns 0
T12F2D6C0 026:777.106 JLINK_RTTERMINAL_Read(BufferIndex = 0, BufferSize = 0x00030D40)
T12F2D6C0 026:777.126 - 0.021ms returns 0
T12F2D6C0 026:797.159 JLINK_IsHalted()
T12F2D6C0 026:797.355 - 0.196ms returns FALSE
T12F2D6C0 026:797.367 JLINK_RTTERMINAL_Read(BufferIndex = 0, BufferSize = 0x00030D40)
T12F2D6C0 026:797.375 - 0.008ms returns 0
T12F2D6C0 026:817.228 JLINK_RTTERMINAL_Read(BufferIndex = 0, BufferSize = 0x00030D40)
T12F2D6C0 026:817.246 - 0.018ms returns 0
T12F2D6C0 026:837.301 JLINK_RTTERMINAL_Read(BufferIndex = 0, BufferSize = 0x00030D40)
T12F2D6C0 026:837.330 - 0.029ms returns 0
T12F2D6C0 026:847.405 JLINK_IsHalted()
T12F2D6C0 026:847.661 - 0.256ms returns FALSE
T12F2D6C0 026:857.343 JLINK_RTTERMINAL_Read(BufferIndex = 0, BufferSize = 0x00030D40)
T12F2D6C0 026:857.357 - 0.014ms returns 0
T12F2D6C0 026:877.403 JLINK_RTTERMINAL_Read(BufferIndex = 0, BufferSize = 0x00030D40)
T12F2D6C0 026:877.418 - 0.016ms returns 0
T12F2D6C0 026:897.469 JLINK_RTTERMINAL_Read(BufferIndex = 0, BufferSize = 0x00030D40)
T12F2D6C0 026:897.486 - 0.017ms returns 0
T12F2D6C0 026:907.561 JLINK_IsHalted()
T12F2D6C0 026:907.836 - 0.275ms returns FALSE
T12F2D6C0 026:917.531 JLINK_RTTERMINAL_Read(BufferIndex = 0, BufferSize = 0x00030D40)
T12F2D6C0 026:917.551 - 0.021ms returns 0
T12F2D6C0 026:937.579 JLINK_RTTERMINAL_Read(BufferIndex = 0, BufferSize = 0x00030D40)
T12F2D6C0 026:937.596 - 0.018ms returns 0
T12F2D6C0 026:957.634 JLINK_RTTERMINAL_Read(BufferIndex = 0, BufferSize = 0x00030D40)
T12F2D6C0 026:957.652 - 0.017ms returns 0
T12F2D6C0 026:967.724 JLINK_IsHalted()
T12F2D6C0 026:968.001 - 0.277ms returns FALSE
T12F2D6C0 026:977.693 JLINK_RTTERMINAL_Read(BufferIndex = 0, BufferSize = 0x00030D40)
T12F2D6C0 026:977.706 - 0.013ms returns 0
T12F2D6C0 026:997.759 JLINK_RTTERMINAL_Read(BufferIndex = 0, BufferSize = 0x00030D40)
T12F2D6C0 026:997.779 - 0.019ms returns 0
T12F2D6C0 027:017.807 JLINK_RTTERMINAL_Read(BufferIndex = 0, BufferSize = 0x00030D40)
T12F2D6C0 027:017.822 - 0.015ms returns 0
T12F2D6C0 027:027.891 JLINK_IsHalted()
T12F2D6C0 027:028.144 - 0.253ms returns FALSE
T12F2D6C0 027:038.045 JLINK_RTTERMINAL_Read(BufferIndex = 0, BufferSize = 0x00030D40)
T12F2D6C0 027:038.058 - 0.012ms returns 0
T12F2D6C0 027:057.931 JLINK_RTTERMINAL_Read(BufferIndex = 0, BufferSize = 0x00030D40)
T12F2D6C0 027:057.951 - 0.020ms returns 0
T12F2D6C0 027:077.992 JLINK_RTTERMINAL_Read(BufferIndex = 0, BufferSize = 0x00030D40)
T12F2D6C0 027:078.011 - 0.019ms returns 0
T12F2D6C0 027:088.082 JLINK_IsHalted()
T12F2D6C0 027:088.260 - 0.178ms returns FALSE
T12F2D6C0 027:098.045 JLINK_RTTERMINAL_Read(BufferIndex = 0, BufferSize = 0x00030D40)
T12F2D6C0 027:098.068 - 0.024ms returns 0
T12F2D6C0 027:118.102 JLINK_RTTERMINAL_Read(BufferIndex = 0, BufferSize = 0x00030D40)
T12F2D6C0 027:118.115 - 0.013ms returns 0
T12F2D6C0 027:138.167 JLINK_RTTERMINAL_Read(BufferIndex = 0, BufferSize = 0x00030D40)
T12F2D6C0 027:138.183 - 0.015ms returns 0
T12F2D6C0 027:148.253 JLINK_IsHalted()
T12F2D6C0 027:148.429 - 0.175ms returns FALSE
T12F2D6C0 027:158.236 JLINK_RTTERMINAL_Read(BufferIndex = 0, BufferSize = 0x00030D40)
T12F2D6C0 027:158.252 - 0.016ms returns 0
T12F2D6C0 027:178.291 JLINK_RTTERMINAL_Read(BufferIndex = 0, BufferSize = 0x00030D40)
T12F2D6C0 027:178.306 - 0.015ms returns 0
T12F2D6C0 027:198.350 JLINK_IsHalted()
T12F2D6C0 027:198.709 - 0.359ms returns FALSE
T12F2D6C0 027:198.731 JLINK_RTTERMINAL_Read(BufferIndex = 0, BufferSize = 0x00030D40)
T12F2D6C0 027:198.740 - 0.010ms returns 0
T12F2D6C0 027:218.418 JLINK_RTTERMINAL_Read(BufferIndex = 0, BufferSize = 0x00030D40)
T12F2D6C0 027:218.436 - 0.018ms returns 0
T12F2D6C0 027:238.471 JLINK_RTTERMINAL_Read(BufferIndex = 0, BufferSize = 0x00030D40)
T12F2D6C0 027:238.489 - 0.019ms returns 0
T12F2D6C0 027:258.532 JLINK_IsHalted()
T12F2D6C0 027:258.832 - 0.301ms returns FALSE
T12F2D6C0 027:258.851 JLINK_RTTERMINAL_Read(BufferIndex = 0, BufferSize = 0x00030D40)
T12F2D6C0 027:258.860 - 0.008ms returns 0
T12F2D6C0 027:278.589 JLINK_RTTERMINAL_Read(BufferIndex = 0, BufferSize = 0x00030D40)
T12F2D6C0 027:278.604 - 0.015ms returns 0
T12F2D6C0 027:298.665 JLINK_RTTERMINAL_Read(BufferIndex = 0, BufferSize = 0x00030D40)
T12F2D6C0 027:298.688 - 0.023ms returns 0
T12F2D6C0 027:318.708 JLINK_IsHalted()
T12F2D6C0 027:319.007 - 0.298ms returns FALSE
T12F2D6C0 027:319.018 JLINK_RTTERMINAL_Read(BufferIndex = 0, BufferSize = 0x00030D40)
T12F2D6C0 027:319.026 - 0.008ms returns 0
T12F2D6C0 027:338.767 JLINK_RTTERMINAL_Read(BufferIndex = 0, BufferSize = 0x00030D40)
T12F2D6C0 027:338.784 - 0.017ms returns 0
T12F2D6C0 027:358.843 JLINK_RTTERMINAL_Read(BufferIndex = 0, BufferSize = 0x00030D40)
T12F2D6C0 027:358.860 - 0.018ms returns 0
T12F2D6C0 027:378.903 JLINK_IsHalted()
T12F2D6C0 027:379.222 - 0.319ms returns FALSE
T12F2D6C0 027:379.233 JLINK_RTTERMINAL_Read(BufferIndex = 0, BufferSize = 0x00030D40)
T12F2D6C0 027:379.241 - 0.009ms returns 0
T12F2D6C0 027:398.958 JLINK_RTTERMINAL_Read(BufferIndex = 0, BufferSize = 0x00030D40)
T12F2D6C0 027:398.973 - 0.016ms returns 0
T12F2D6C0 027:419.019 JLINK_RTTERMINAL_Read(BufferIndex = 0, BufferSize = 0x00030D40)
T12F2D6C0 027:419.036 - 0.016ms returns 0
T12F2D6C0 027:439.082 JLINK_IsHalted()
T12F2D6C0 027:439.394 - 0.312ms returns FALSE
T12F2D6C0 027:439.417 JLINK_RTTERMINAL_Read(BufferIndex = 0, BufferSize = 0x00030D40)
T12F2D6C0 027:439.426 - 0.008ms returns 0
T12F2D6C0 027:459.122 JLINK_RTTERMINAL_Read(BufferIndex = 0, BufferSize = 0x00030D40)
T12F2D6C0 027:459.148 - 0.026ms returns 0
T12F2D6C0 027:479.120 JLINK_RTTERMINAL_Read(BufferIndex = 0, BufferSize = 0x00030D40)
T12F2D6C0 027:479.138 - 0.019ms returns 0
T12F2D6C0 027:499.174 JLINK_IsHalted()
T12F2D6C0 027:499.525 - 0.351ms returns FALSE
T12F2D6C0 027:499.538 JLINK_RTTERMINAL_Read(BufferIndex = 0, BufferSize = 0x00030D40)
T12F2D6C0 027:499.547 - 0.009ms returns 0
T12F2D6C0 027:519.239 JLINK_RTTERMINAL_Read(BufferIndex = 0, BufferSize = 0x00030D40)
T12F2D6C0 027:519.269 - 0.031ms returns 0
T12F2D6C0 027:539.294 JLINK_RTTERMINAL_Read(BufferIndex = 0, BufferSize = 0x00030D40)
T12F2D6C0 027:539.309 - 0.015ms returns 0
T12F2D6C0 027:549.379 JLINK_IsHalted()
T12F2D6C0 027:549.828 - 0.449ms returns FALSE
T12F2D6C0 027:559.349 JLINK_RTTERMINAL_Read(BufferIndex = 0, BufferSize = 0x00030D40)
T12F2D6C0 027:559.362 - 0.013ms returns 0
T12F2D6C0 027:579.402 JLINK_RTTERMINAL_Read(BufferIndex = 0, BufferSize = 0x00030D40)
T12F2D6C0 027:579.413 - 0.012ms returns 0
T12F2D6C0 027:599.476 JLINK_RTTERMINAL_Read(BufferIndex = 0, BufferSize = 0x00030D40)
T12F2D6C0 027:599.499 - 0.024ms returns 0
T12F2D6C0 027:609.570 JLINK_IsHalted()
T12F2D6C0 027:610.028 - 0.458ms returns FALSE
T12F2D6C0 027:619.517 JLINK_RTTERMINAL_Read(BufferIndex = 0, BufferSize = 0x00030D40)
T12F2D6C0 027:619.528 - 0.012ms returns 0
T12F2D6C0 027:639.574 JLINK_RTTERMINAL_Read(BufferIndex = 0, BufferSize = 0x00030D40)
T12F2D6C0 027:639.587 - 0.013ms returns 0
T12F2D6C0 027:659.637 JLINK_RTTERMINAL_Read(BufferIndex = 0, BufferSize = 0x00030D40)
T12F2D6C0 027:659.651 - 0.015ms returns 0
T12F2D6C0 027:669.722 JLINK_IsHalted()
T12F2D6C0 027:669.976 - 0.253ms returns FALSE
T12F2D6C0 027:679.705 JLINK_RTTERMINAL_Read(BufferIndex = 0, BufferSize = 0x00030D40)
T12F2D6C0 027:679.741 - 0.037ms returns 0
T12F2D6C0 027:699.752 JLINK_RTTERMINAL_Read(BufferIndex = 0, BufferSize = 0x00030D40)
T12F2D6C0 027:699.773 - 0.021ms returns 0
T12F2D6C0 027:719.813 JLINK_RTTERMINAL_Read(BufferIndex = 0, BufferSize = 0x00030D40)
T12F2D6C0 027:719.831 - 0.018ms returns 0
T12F2D6C0 027:729.901 JLINK_IsHalted()
T12F2D6C0 027:730.130 - 0.228ms returns FALSE
T12F2D6C0 027:739.866 JLINK_RTTERMINAL_Read(BufferIndex = 0, BufferSize = 0x00030D40)
T12F2D6C0 027:739.879 - 0.013ms returns 0
T12F2D6C0 027:759.944 JLINK_RTTERMINAL_Read(BufferIndex = 0, BufferSize = 0x00030D40)
T12F2D6C0 027:759.968 - 0.025ms returns 0
T12F2D6C0 027:779.993 JLINK_RTTERMINAL_Read(BufferIndex = 0, BufferSize = 0x00030D40)
T12F2D6C0 027:780.010 - 0.017ms returns 0
T12F2D6C0 027:790.082 JLINK_IsHalted()
T12F2D6C0 027:790.321 - 0.239ms returns FALSE
T12F2D6C0 027:800.053 JLINK_RTTERMINAL_Read(BufferIndex = 0, BufferSize = 0x00030D40)
T12F2D6C0 027:800.070 - 0.017ms returns 0
T12F2D6C0 027:820.111 JLINK_RTTERMINAL_Read(BufferIndex = 0, BufferSize = 0x00030D40)
T12F2D6C0 027:820.132 - 0.021ms returns 0
T12F2D6C0 027:840.162 JLINK_RTTERMINAL_Read(BufferIndex = 0, BufferSize = 0x00030D40)
T12F2D6C0 027:840.179 - 0.016ms returns 0
T12F2D6C0 027:850.251 JLINK_IsHalted()
T12F2D6C0 027:850.502 - 0.251ms returns FALSE
T12F2D6C0 027:860.214 JLINK_RTTERMINAL_Read(BufferIndex = 0, BufferSize = 0x00030D40)
T12F2D6C0 027:860.226 - 0.012ms returns 0
T12F2D6C0 027:880.295 JLINK_RTTERMINAL_Read(BufferIndex = 0, BufferSize = 0x00030D40)
T12F2D6C0 027:880.310 - 0.015ms returns 0
T12F2D6C0 027:900.305 JLINK_IsHalted()
T12F2D6C0 027:900.746 - 0.442ms returns FALSE
T12F2D6C0 027:900.755 JLINK_RTTERMINAL_Read(BufferIndex = 0, BufferSize = 0x00030D40)
T12F2D6C0 027:900.761 - 0.006ms returns 0
T12F2D6C0 027:920.348 JLINK_RTTERMINAL_Read(BufferIndex = 0, BufferSize = 0x00030D40)
T12F2D6C0 027:920.361 - 0.014ms returns 0
T12F2D6C0 027:940.404 JLINK_RTTERMINAL_Read(BufferIndex = 0, BufferSize = 0x00030D40)
T12F2D6C0 027:940.420 - 0.016ms returns 0
T12F2D6C0 027:960.460 JLINK_IsHalted()
T12F2D6C0 027:960.905 - 0.445ms returns FALSE
T12F2D6C0 027:960.915 JLINK_RTTERMINAL_Read(BufferIndex = 0, BufferSize = 0x00030D40)
T12F2D6C0 027:960.923 - 0.008ms returns 0
T12F2D6C0 027:980.521 JLINK_RTTERMINAL_Read(BufferIndex = 0, BufferSize = 0x00030D40)
T12F2D6C0 027:980.536 - 0.015ms returns 0
T12F2D6C0 028:000.576 JLINK_RTTERMINAL_Read(BufferIndex = 0, BufferSize = 0x00030D40)
T12F2D6C0 028:000.591 - 0.016ms returns 0
T12F2D6C0 028:020.631 JLINK_IsHalted()
T12F2D6C0 028:021.094 - 0.463ms returns FALSE
T12F2D6C0 028:021.104 JLINK_RTTERMINAL_Read(BufferIndex = 0, BufferSize = 0x00030D40)
T12F2D6C0 028:021.111 - 0.008ms returns 0
T12F2D6C0 028:040.689 JLINK_RTTERMINAL_Read(BufferIndex = 0, BufferSize = 0x00030D40)
T12F2D6C0 028:040.704 - 0.015ms returns 0
T12F2D6C0 028:060.749 JLINK_RTTERMINAL_Read(BufferIndex = 0, BufferSize = 0x00030D40)
T12F2D6C0 028:060.767 - 0.018ms returns 0
T12F2D6C0 028:080.806 JLINK_IsHalted()
T12F2D6C0 028:080.961 - 0.154ms returns FALSE
T12F2D6C0 028:080.971 JLINK_RTTERMINAL_Read(BufferIndex = 0, BufferSize = 0x00030D40)
T12F2D6C0 028:080.979 - 0.008ms returns 0
T12F2D6C0 028:100.870 JLINK_RTTERMINAL_Read(BufferIndex = 0, BufferSize = 0x00030D40)
T12F2D6C0 028:100.886 - 0.017ms returns 0
T12F2D6C0 028:120.925 JLINK_RTTERMINAL_Read(BufferIndex = 0, BufferSize = 0x00030D40)
T12F2D6C0 028:120.942 - 0.018ms returns 0
T12F2D6C0 028:141.083 JLINK_IsHalted()
T12F2D6C0 028:141.456 - 0.373ms returns FALSE
T12F2D6C0 028:141.783 JLINK_RTTERMINAL_Read(BufferIndex = 0, BufferSize = 0x00030D40)
T12F2D6C0 028:141.793 - 0.011ms returns 0
T12F2D6C0 028:161.833 JLINK_RTTERMINAL_Read(BufferIndex = 0, BufferSize = 0x00030D40)
T12F2D6C0 028:161.849 - 0.017ms returns 0
T12F2D6C0 028:181.894 JLINK_RTTERMINAL_Read(BufferIndex = 0, BufferSize = 0x00030D40)
T12F2D6C0 028:181.912 - 0.018ms returns 0
T12F2D6C0 028:191.982 JLINK_IsHalted()
T12F2D6C0 028:192.410 - 0.428ms returns FALSE
T12F2D6C0 028:201.949 JLINK_RTTERMINAL_Read(BufferIndex = 0, BufferSize = 0x00030D40)
T12F2D6C0 028:201.968 - 0.019ms returns 0
T12F2D6C0 028:222.002 JLINK_RTTERMINAL_Read(BufferIndex = 0, BufferSize = 0x00030D40)
T12F2D6C0 028:222.017 - 0.014ms returns 0
T12F2D6C0 028:242.054 JLINK_RTTERMINAL_Read(BufferIndex = 0, BufferSize = 0x00030D40)
T12F2D6C0 028:242.068 - 0.014ms returns 0
T12F2D6C0 028:252.153 JLINK_IsHalted()
T12F2D6C0 028:252.292 - 0.140ms returns FALSE
T12F2D6C0 028:262.128 JLINK_RTTERMINAL_Read(BufferIndex = 0, BufferSize = 0x00030D40)
T12F2D6C0 028:262.146 - 0.018ms returns 0
T12F2D6C0 028:282.193 JLINK_RTTERMINAL_Read(BufferIndex = 0, BufferSize = 0x00030D40)
T12F2D6C0 028:282.219 - 0.027ms returns 0
T12F2D6C0 028:302.237 JLINK_RTTERMINAL_Read(BufferIndex = 0, BufferSize = 0x00030D40)
T12F2D6C0 028:302.260 - 0.023ms returns 0
T12F2D6C0 028:302.279 JLINK_IsHalted()
T12F2D6C0 028:302.722 - 0.444ms returns FALSE
T12F2D6C0 028:322.290 JLINK_RTTERMINAL_Read(BufferIndex = 0, BufferSize = 0x00030D40)
T12F2D6C0 028:322.303 - 0.013ms returns 0
T12F2D6C0 028:342.345 JLINK_RTTERMINAL_Read(BufferIndex = 0, BufferSize = 0x00030D40)
T12F2D6C0 028:342.357 - 0.012ms returns 0
T12F2D6C0 028:362.572 JLINK_IsHalted()
T12F2D6C0 028:363.010 - 0.439ms returns FALSE
T12F2D6C0 028:363.022 JLINK_RTTERMINAL_Read(BufferIndex = 0, BufferSize = 0x00030D40)
T12F2D6C0 028:363.031 - 0.008ms returns 0
T12F2D6C0 028:382.473 JLINK_RTTERMINAL_Read(BufferIndex = 0, BufferSize = 0x00030D40)
T12F2D6C0 028:382.485 - 0.012ms returns 0
T12F2D6C0 028:402.547 JLINK_RTTERMINAL_Read(BufferIndex = 0, BufferSize = 0x00030D40)
T12F2D6C0 028:402.565 - 0.019ms returns 0
T12F2D6C0 028:422.598 JLINK_IsHalted()
T12F2D6C0 028:422.828 - 0.229ms returns FALSE
T12F2D6C0 028:422.838 JLINK_RTTERMINAL_Read(BufferIndex = 0, BufferSize = 0x00030D40)
T12F2D6C0 028:422.847 - 0.008ms returns 0
T12F2D6C0 028:442.649 JLINK_RTTERMINAL_Read(BufferIndex = 0, BufferSize = 0x00030D40)
T12F2D6C0 028:442.674 - 0.027ms returns 0
T12F2D6C0 028:462.717 JLINK_RTTERMINAL_Read(BufferIndex = 0, BufferSize = 0x00030D40)
T12F2D6C0 028:462.735 - 0.018ms returns 0
T12F2D6C0 028:482.772 JLINK_IsHalted()
T12F2D6C0 028:483.010 - 0.237ms returns FALSE
T12F2D6C0 028:483.021 JLINK_RTTERMINAL_Read(BufferIndex = 0, BufferSize = 0x00030D40)
T12F2D6C0 028:483.029 - 0.009ms returns 0
T12F2D6C0 028:502.822 JLINK_RTTERMINAL_Read(BufferIndex = 0, BufferSize = 0x00030D40)
T12F2D6C0 028:502.844 - 0.021ms returns 0
T12F2D6C0 028:522.903 JLINK_RTTERMINAL_Read(BufferIndex = 0, BufferSize = 0x00030D40)
T12F2D6C0 028:522.928 - 0.024ms returns 0
T12F2D6C0 028:542.967 JLINK_IsHalted()
T12F2D6C0 028:543.147 - 0.180ms returns FALSE
T12F2D6C0 028:543.158 JLINK_RTTERMINAL_Read(BufferIndex = 0, BufferSize = 0x00030D40)
T12F2D6C0 028:543.166 - 0.009ms returns 0
T12F2D6C0 028:563.024 JLINK_RTTERMINAL_Read(BufferIndex = 0, BufferSize = 0x00030D40)
T12F2D6C0 028:563.043 - 0.019ms returns 0
T12F2D6C0 028:576.925 JLINK_RTTERMINAL_Control(Cmd = JLINKARM_RTTERMINAL_CMD_STOP)
T12F2D6C0 028:577.350 - 0.425ms returns 0x00
T12F2D6C0 028:577.379 JLINK_ClrBPEx(BPHandle = 0xFFFFFFFF)
T12F2D6C0 028:577.391 - 0.012ms returns 0x00
T12F2D6C0 028:577.401 JLINK_ClrDataEvent(Handle = 0xFFFFFFFF)
T12F2D6C0 028:577.410   CPU is running
T12F2D6C0 028:577.422   Halting CPU
T12F2D6C0 028:578.386   Restarting CPU
T12F2D6C0 028:578.407   CPU_WriteMem(4 bytes @ 0x80001140)
T12F2D6C0 028:578.527   CPU_WriteMem(4 bytes @ 0x80001144)
T12F2D6C0 028:578.756   CPU_WriteMem(4 bytes @ 0x80001148)
T12F2D6C0 028:579.004   CPU_WriteMem(4 bytes @ 0x8000114C)
T12F2D6C0 028:579.252   CPU_WriteMem(4 bytes @ 0x80001150)
T12F2D6C0 028:579.504   CPU_WriteMem(4 bytes @ 0x80001154)
T12F2D6C0 028:580.373 - 2.971ms returns 0x00
T12F2D6C0 028:584.823 JLINK_Close()
T12F2D6C0 028:584.934   CPU_WriteMem(4 bytes @ 0x80001140)
T12F2D6C0 028:585.126   CPU_WriteMem(4 bytes @ 0x80001144)
T12F2D6C0 028:585.375   CPU_WriteMem(4 bytes @ 0x80001148)
T12F2D6C0 028:585.625   CPU_WriteMem(4 bytes @ 0x8000114C)
T12F2D6C0 028:585.877   CPU_WriteMem(4 bytes @ 0x80001150)
T12F2D6C0 028:586.125   CPU_WriteMem(4 bytes @ 0x80001154)
T12F2D6C0 028:599.688 - 14.864ms
T12F2D6C0 028:599.703   
T12F2D6C0 028:599.711   Closed
